Date,close_AAPL,close_PFE,close_XOM,volume_AAPL,volume_PFE,volume_XOM,high_AAPL,low_AAPL,high_PFE,low_PFE,high_XOM,low_XOM
2023-07-03,189.79917907714844,30.409875869750977,97.20845794677734,31458200,14115800,7397000,193.8800048828125,191.75999450683594,36.7400016784668,36.349998474121094,108.45999908447266,107.06999969482422
2023-07-05,188.68478393554688,30.252227783203125,96.71094512939452,46920300,26829400,12491200,192.97999572753906,190.6199951171875,37.02000045776367,36.38999938964844,107.91999816894531,106.0999984741211
2023-07-06,189.15814208984375,29.563547134399418,93.10155487060548,45094300,30177300,17961400,192.02000427246094,189.1999969482422,36.27000045776367,35.619998931884766,105.72000122070312,102.43000030517578
2023-07-07,188.0437774658203,29.480567932128903,93.31866455078124,46815000,22903300,21929200,192.6699981689453,190.24000549316406,35.77000045776367,35.349998474121094,104.0,101.55999755859375
2023-07-10,186.00242614746097,29.60503387451172,94.70270538330078,59922200,17777500,14877600,189.99000549316406,187.0399932861328,36.0099983215332,35.540000915527344,104.75,102.75
2023-07-11,185.4797210693359,29.887142181396484,95.860595703125,46638100,17731300,12576500,189.3000030517578,186.60000610351562,36.040000915527344,35.619998931884766,106.16000366210938,104.80999755859375
2023-07-12,187.1463623046875,29.86225318908691,96.33098602294922,60750200,17229700,13238200,191.6999969482422,188.47000122070312,36.25,35.91999816894531,107.6500015258789,106.12999725341797
2023-07-13,187.9056854248047,29.920330047607425,94.56703186035156,41342300,16664400,26826800,191.19000244140625,189.77999877929688,36.36000061035156,35.91999816894531,106.2300033569336,103.31999969482422
2023-07-14,188.05364990234375,30.136066436767575,91.31045532226562,41616200,17915100,28181900,191.17999267578125,189.6300048828125,36.4900016784668,36.0099983215332,104.05000305175781,100.52999877929688
2023-07-17,191.3080291748047,29.75438117980957,91.70848083496094,50520200,20557300,18051300,194.32000732421875,191.80999755859375,36.119998931884766,35.779998779296875,101.66999816894531,100.22000122070312
2023-07-18,191.05162048339844,30.06968688964844,91.29235076904295,48288200,22808300,24617800,194.3300018310547,192.4199981689453,36.47999954223633,35.880001068115234,102.19999694824219,100.33999633789062
2023-07-19,192.40269470214844,30.23563003540039,91.9255828857422,80507300,18589700,15556500,198.22999572753906,192.64999389648438,36.70000076293945,36.209999084472656,102.4000015258789,100.80000305175781
2023-07-20,190.4598846435547,30.50944709777832,93.5448226928711,59581200,22358400,15740200,196.47000122070312,192.5,37.06999969482422,36.36000061035156,103.66000366210938,102.36000061035156
2023-07-21,189.28634643554688,31.03217506408691,93.9790267944336,71951700,24149700,17121500,194.97000122070312,191.22999572753906,37.43000030517578,36.79999923706055,104.37999725341797,103.26000213623047
2023-07-24,190.08517456054688,31.123449325561523,95.4535140991211,45377800,19414700,15090900,194.91000366210938,192.25,37.79999923706055,37.369998931884766,106.16000366210938,103.95999908447266
2023-07-25,190.943115234375,30.75006866455078,95.59827423095705,37283200,21771000,14116100,194.44000244140625,192.9199981689453,37.720001220703125,37.04999923706055,106.08999633789062,104.54000091552734
2023-07-26,191.81097412109375,30.87452507019043,95.06454467773438,47471900,20983700,15159600,195.63999938964844,193.32000732421875,37.349998474121094,36.7599983215332,105.72000122070312,104.63999938964844
2023-07-27,190.5486602783203,30.37114524841309,95.3630599975586,47460200,25346300,17677900,197.1999969482422,192.5500030517578,37.0099983215332,36.18000030517578,106.98999786376953,104.73999786376953
2023-07-28,193.12257385253903,30.26207160949707,94.2232894897461,48291400,24054100,17566400,196.6300048828125,194.13999938964844,36.45000076293945,36.02000045776367,105.16000366210938,102.31999969482422
2023-07-31,193.7340087890625,30.253681182861328,97.00944519042967,38824100,40265200,24197000,196.49000549316406,195.25999450683594,36.189998626708984,35.91999816894531,107.86000061035156,105.19000244140625
2023-08-01,192.90560913085935,29.876140594482425,96.44860076904295,35175100,40931600,14177400,196.72999572753906,195.27999877929688,36.91999816894531,35.369998931884766,107.31999969482422,105.52999877929688
2023-08-02,189.91749572753903,29.658008575439453,95.24546813964844,50389300,34301600,13484100,195.17999267578125,191.85000610351562,35.88999938964844,35.279998779296875,106.37999725341797,104.56999969482422
2023-08-03,188.52699279785156,29.364355087280273,96.90089416503906,61235200,25676500,16280400,192.3699951171875,190.69000244140625,35.279998779296875,34.91999816894531,107.87999725341797,105.30000305175781
2023-08-04,179.47390747070312,29.38114356994629,97.1722640991211,115956800,25746500,14279600,187.3800048828125,181.9199981689453,35.34000015258789,34.65999984741211,109.23999786376953,107.33000183105469
2023-08-07,176.37733459472656,29.934871673583984,96.97325897216795,97576100,31069100,12410800,183.1300048828125,177.35000610351562,35.849998474121094,34.900001525878906,108.41999816894531,106.51000213623047
2023-08-08,177.314208984375,29.901309967041016,97.45270538330078,67823000,25225500,14065600,180.27000427246094,177.5800018310547,36.369998931884766,35.38999938964844,107.75,104.83999633789062
2023-08-09,175.72645568847656,30.06911277770996,99.10811614990234,60378500,17210500,19919600,180.92999267578125,177.00999450683594,36.060001373291016,35.5099983215332,110.41999816894531,108.30999755859375
2023-08-10,175.50946044921875,29.96843147277832,99.6147003173828,54686900,18955200,15837200,180.75,177.60000610351562,36.09000015258789,35.599998474121094,111.62999725341797,109.44000244140625
2023-08-11,175.56874084472656,30.236907958984375,101.16155242919922,52036700,16609400,14047000,178.6199951171875,176.5500030517578,36.279998779296875,35.59000015258789,112.06999969482422,110.05000305175781
2023-08-14,177.2178955078125,30.26207160949707,101.24297332763672,43675600,20295500,12973400,179.69000244140625,177.30999755859375,36.5099983215332,35.81999969482422,111.9800033569336,110.77999877929688
2023-08-15,175.23297119140625,29.691564559936523,98.64373016357422,43622600,20484300,14909600,179.47999572753906,177.0500030517578,35.90999984741211,35.36000061035156,110.86000061035156,107.97000122070312
2023-08-16,174.364013671875,29.767072677612305,96.98385620117188,46964900,22215600,13695100,178.5399932861328,176.5,35.650001525878906,34.9900016784668,109.33000183105469,106.27999877929688
2023-08-17,171.82611083984375,30.631223678588867,98.86260986328124,66062900,31113600,16709500,177.50999450683594,173.47999572753906,36.720001220703125,35.59000015258789,110.1500015258789,107.41999816894531
2023-08-18,172.3099822998047,30.757070541381836,100.35832214355467,61172200,24145100,16224000,175.10000610351562,171.9600067138672,36.849998474121094,36.31999969482422,110.19999694824219,107.62000274658203
2023-08-21,173.6431121826172,31.050716400146484,99.14533233642578,46311900,28496500,11092400,176.1300048828125,173.74000549316406,37.189998626708984,36.63999938964844,110.9800033569336,108.13999938964844
2023-08-22,175.01573181152344,30.908092498779297,98.58900451660156,42038900,18524100,10518800,177.67999267578125,176.25,37.150001525878906,35.720001220703125,109.72000122070312,107.94999694824219
2023-08-23,178.85716247558594,30.757070541381836,97.72259521484376,52722800,19370900,11435600,181.5500030517578,178.3300018310547,37.130001068115234,36.560001373291016,107.30000305175781,105.72000122070312
2023-08-24,174.1763458251953,30.337583541870117,96.99297332763672,54945800,19380800,10818500,181.10000610351562,176.00999450683594,36.63999938964844,36.060001373291016,107.7699966430664,106.06999969482422
2023-08-25,176.37852478027344,30.522157669067383,98.7258071899414,51449600,16421300,13579300,179.14999389648438,175.82000732421875,36.689998626708984,35.959999084472656,108.93000030517578,106.62000274658203
2023-08-28,177.9387664794922,30.37952995300293,99.55574798583984,43820700,15101900,10382100,180.58999633789062,178.5500030517578,36.52000045776367,36.029998779296875,110.04000091552734,108.44000244140625
2023-08-29,181.81964111328125,30.329193115234375,100.14855194091795,53003900,21076500,9665000,184.89999389648438,179.5,36.939998626708984,36.0,110.0199966430664,108.41999816894531
2023-08-30,185.3055877685547,30.11945152282715,101.12439727783205,60813900,16833000,11922100,187.85000610351562,184.74000549316406,36.25,35.81999969482422,111.13999938964844,109.9800033569336
2023-08-31,185.52281188964844,29.68317413330078,101.40714263916016,60794500,27919500,17479800,189.1199951171875,187.47999572753906,35.9900016784668,35.380001068115234,111.41999816894531,110.62000274658203
2023-09-01,187.09295654296875,30.01876640319824,103.53213500976562,45766500,17522500,14843500,189.9199981689453,188.27999877929688,36.060001373291016,35.599998474121094,113.81999969482422,112.19999694824219
2023-09-05,187.3299560546875,29.68317413330078,103.54125213623048,45280000,25856100,18304000,189.97999572753906,187.61000061035156,36.290000915527344,35.349998474121094,115.83000183105469,113.5
2023-09-06,180.62478637695312,28.83580207824707,104.43502807617188,81755800,35370200,13325500,188.85000610351562,181.47000122070312,35.279998779296875,34.2599983215332,114.58999633789062,113.2300033569336
2023-09-07,175.3415985107422,28.760292053222656,103.9242935180664,112488800,26777700,13248500,178.2100067138672,173.5399932861328,34.63999938964844,34.040000915527344,115.8499984741211,113.69999694824219
2023-09-08,175.953857421875,28.73512840270996,105.43824005126952,65551300,19467700,14283200,180.24000549316406,177.7899932861328,34.38999938964844,34.04999923706055,116.05000305175781,114.31999969482422
2023-09-11,177.11912536621094,28.475038528442383,104.11583709716795,58953100,27574400,14383600,180.3000030517578,177.33999633789062,34.29999923706055,33.540000915527344,116.68000030517578,113.56999969482422
2023-09-12,174.0973358154297,28.65122413635254,107.15284729003906,90370200,17987200,20145800,180.1300048828125,174.82000732421875,34.209999084472656,33.75,117.66999816894531,115.2699966430664
2023-09-13,172.03346252441406,28.592500686645508,106.19522857666016,84267900,23853300,13472800,177.3000030517578,173.97999572753906,34.619998931884766,34.0,117.95999908447266,115.9000015258789
2023-09-14,173.5443878173828,28.65122413635254,108.09222412109376,60895800,23759900,15210700,176.10000610351562,173.5800018310547,34.380001068115234,33.97999954223633,118.66000366210938,117.33000183105469
2023-09-15,172.82347106933594,28.5841064453125,106.43234252929688,109259500,58063800,34568400,176.5,173.82000732421875,34.41999816894531,33.810001373291016,118.51000213623047,116.5
2023-09-18,175.74649047851562,28.22334861755371,107.2896499633789,67257600,25421900,14045300,179.3800048828125,176.1699981689453,34.119998931884766,33.439998626708984,118.23999786376953,116.69999694824219
2023-09-19,176.832763671875,28.516990661621097,107.00691986083984,51826900,30323300,12562900,179.6300048828125,177.1300048828125,34.0099983215332,33.52000045776367,118.83999633789062,116.61000061035156
2023-09-20,173.2974853515625,28.206562042236328,106.1587371826172,58436200,24651400,11879900,179.6999969482422,175.39999389648438,34.09000015258789,33.54999923706055,118.0199966430664,116.31999969482422
2023-09-21,171.75698852539062,27.560550689697266,104.6630401611328,63149100,26980600,14400600,176.3000030517578,173.86000061035156,33.59000015258789,32.83000183105469,117.37000274658203,114.5999984741211
2023-09-22,172.60623168945312,27.426315307617188,104.82720184326172,56725400,28570800,13197300,177.0800018310547,174.0500030517578,33.09000015258789,32.5,116.68000030517578,114.80999755859375
2023-09-25,173.88011169433594,27.669620513916016,106.0037078857422,46172700,19443700,11316000,176.97000122070312,174.14999389648438,32.97999954223633,32.40999984741211,116.6500015258789,114.83000183105469
2023-09-26,169.8115997314453,27.18301010131836,106.16786193847656,64588900,26015500,11805400,175.1999969482422,171.66000366210938,32.959999084472656,32.36000061035156,116.7300033569336,115.37000274658203
2023-09-27,168.30068969726562,26.931312561035156,109.62440490722656,66921800,26430100,23976200,173.0399932861328,169.0500030517578,32.5,31.899999618530273,120.5,117.4000015258789
2023-09-28,168.5574493408203,26.92292594909668,108.9586410522461,56294400,28197600,16808100,172.02999877929688,167.6199951171875,32.31999969482422,31.770000457763672,120.69999694824219,118.19000244140625
2023-09-29,169.0709686279297,27.829023361206055,107.23493194580078,51861100,42421400,18813600,173.07000732421875,170.33999633789062,33.22999954223633,32.29999923706055,119.18000030517578,116.7300033569336
2023-10-02,171.57920837402344,28.475038528442383,105.4564971923828,52164500,44620600,14395000,174.3000030517578,170.92999267578125,33.959999084472656,32.7599983215332,117.79000091552734,114.55000305175781
2023-10-03,170.24609375,28.441484451293945,105.63890838623048,49594600,31059900,13297100,173.6300048828125,170.82000732421875,34.11000061035156,33.709999084472656,116.44000244140625,115.02999877929688
2023-10-04,171.4903564453125,27.946483612060547,101.68987274169922,53020300,23722300,19622200,174.2100067138672,170.97000122070312,34.08000183105469,33.0099983215332,114.08999633789062,110.5
2023-10-05,172.72471618652344,28.08072280883789,99.40069580078124,48527900,21279400,20128800,175.4499969482422,172.67999267578125,33.779998779296875,33.04999923706055,110.9000015258789,108.69999694824219
2023-10-06,175.2725067138672,27.795467376708984,97.74083709716795,57266700,23760400,25367500,177.99000549316406,173.17999267578125,33.560001373291016,33.06999969482422,108.2699966430664,105.11000061035156
2023-10-09,176.7537841796875,27.85419273376465,101.16088104248048,42390800,17468100,22369900,179.0500030517578,175.8000030517578,33.470001220703125,32.77000045776367,112.06999969482422,109.5199966430664
2023-10-10,176.16123962402344,27.829023361206055,100.73223114013672,43698000,19212100,13892000,179.72000122070312,177.9499969482422,33.400001525878906,33.0099983215332,111.44999694824219,110.12000274658203
2023-10-11,177.5536651611328,27.778688430786133,97.12065887451172,47551100,24221200,57939000,179.85000610351562,177.60000610351562,33.33000183105469,32.81999969482422,107.16999816894531,104.83000183105469
2023-10-12,178.45228576660156,27.619281768798828,97.10242462158205,56743100,21809900,31183000,182.33999633789062,179.0399932861328,33.220001220703125,32.77000045776367,107.83999633789062,106.08999633789062
2023-10-13,176.61550903320312,26.93970489501953,100.20328521728516,51427100,32388100,30276500,181.92999267578125,178.13999938964844,32.9900016784668,32.02000045776367,110.19999694824219,107.83999633789062
2023-10-16,176.4871368408203,27.912921905517575,100.27622985839844,52517000,63317400,18452000,179.0800018310547,176.50999450683594,33.91999816894531,32.560001373291016,110.68000030517578,109.12999725341797
2023-10-17,174.93673706054688,27.476652145385746,101.58953857421876,57549400,40015800,19775400,178.4199981689453,174.8000030517578,33.189998626708984,32.20000076293945,111.80000305175781,109.68000030517578
2023-10-18,173.6431121826172,26.3524169921875,103.01226806640624,54764400,30307600,23380300,177.5800018310547,175.11000061035156,32.68000030517578,31.389999389648438,113.38999938964844,111.69999694824219
2023-10-19,173.26785278320312,26.167844772338867,103.0761260986328,59302900,26880300,20972500,177.83999633789062,175.19000244140625,31.5,30.90999984741211,113.97000122070312,111.33000183105469
2023-10-20,170.72010803222656,25.71479225158691,101.30680847167967,64244000,39407900,22445300,175.4199981689453,172.63999938964844,31.110000610351562,30.479999542236328,113.31999969482422,110.79000091552734
2023-10-23,170.83859252929688,25.874197006225582,99.82022857666016,55980100,29412100,18185000,174.00999450683594,169.92999267578125,31.389999389648438,30.530000686645508,110.95999908447266,108.68000030517578
2023-10-24,171.27310180664062,25.530216217041016,98.85348510742188,43816600,26923800,16786100,173.6699981689453,171.4499969482422,31.030000686645508,30.31999969482422,109.81999969482422,108.12000274658203
2023-10-25,168.9623260498047,25.781911849975582,99.03588104248048,57157000,28857900,22047300,173.05999755859375,170.64999389648438,31.0,30.219999313354492,109.5,108.12999725341797
2023-10-26,164.804931640625,26.142671585083008,98.13297271728516,70625300,27162700,18768300,171.3800048828125,165.6699981689453,31.3700008392334,30.5,108.33999633789062,106.5
2023-10-27,166.11831665039062,25.261741638183594,96.26335906982422,58499100,33877100,23092000,168.9600067138672,166.8300018310547,31.1299991607666,30.020000457763672,109.86000061035156,104.95999908447266
2023-10-30,168.16244506835938,25.630895614624023,96.56431579589844,51131000,33063500,19379900,171.1699981689453,168.8699951171875,30.68000030517578,30.110000610351562,106.41999816894531,105.20999908447266
2023-10-31,168.636474609375,25.63928604125977,96.5369644165039,44846000,42648200,22185200,170.89999389648438,167.89999389648438,30.81999969482422,29.700000762939453,106.16000366210938,104.54000091552734
2023-11-01,171.7965087890625,25.597332000732425,96.3454360961914,56934900,23568300,28984900,174.22999572753906,170.1199951171875,31.079999923706055,30.469999313354492,107.16999816894531,105.45999908447266
2023-11-02,175.3515167236328,25.588945388793945,99.51013946533205,77334800,29640900,25212700,177.77999877929688,175.4600067138672,30.649999618530273,30.209999084472656,109.19000244140625,105.5
2023-11-03,174.44300842285156,26.22657012939453,98.29715728759766,79829200,28071000,30555600,176.82000732421875,173.35000610351562,31.389999389648438,30.84000015258789,108.77999877929688,106.54000091552734
2023-11-06,176.99075317382812,26.159454345703125,96.5552215576172,63841300,27381200,19097300,179.42999267578125,176.2100067138672,31.40999984741211,30.959999084472656,108.2699966430664,105.7699966430664
2023-11-07,179.54840087890625,26.21817970275879,95.04126739501952,70530000,18086400,20272500,182.44000244140625,178.97000122070312,31.389999389648438,30.889999389648438,104.86000061035156,103.29000091552734
2023-11-08,180.6050262451172,25.857419967651367,93.8738784790039,49340300,29398300,19184100,183.4499969482422,181.58999633789062,31.299999237060547,30.549999237060547,104.9000015258789,102.88999938964844
2023-11-09,180.1310272216797,25.236703872680664,93.9012451171875,53763500,28737700,18380500,184.1199951171875,181.80999755859375,30.510000228881836,29.6299991607666,103.97000122070312,102.86000061035156
2023-11-10,184.3136749267578,25.066646575927734,94.62174224853516,66133400,33844100,17825500,186.57000732421875,183.52999877929688,29.81999969482422,29.030000686645508,104.41000366210938,102.91000366210938
2023-11-13,182.7316131591797,24.641498565673828,95.6158218383789,43627500,35519900,15308400,186.02999877929688,184.2100067138672,29.360000610351562,28.93000030517578,105.13999938964844,103.80999755859375
2023-11-14,185.342041015625,24.879581451416016,95.98397064208984,60108400,40084300,18260500,188.11000061035156,186.3000030517578,29.709999084472656,28.989999771118164,104.81999969482422,103.87000274658203
2023-11-15,185.9056701660156,25.67035675048828,95.40415954589844,53790500,43614600,20137600,189.5,187.77999877929688,30.350000381469727,29.209999084472656,105.1500015258789,103.5
2023-11-16,187.5866546630859,25.313230514526367,94.29972839355467,54412900,32407200,22469100,190.9600067138672,188.64999389648438,30.450000762939453,29.469999313354492,103.2699966430664,101.1500015258789
2023-11-17,187.5668487548828,25.440776824951172,96.60061645507812,50922700,27009200,22984900,190.3800048828125,188.57000732421875,30.010000228881836,29.739999771118164,105.43000030517578,102.75
2023-11-20,189.30715942382812,25.491788864135746,96.1772689819336,46505100,26335700,17458800,191.91000366210938,189.8800048828125,30.139999389648438,29.760000228881836,105.87999725341797,104.43000030517578
2023-11-21,188.50621032714844,25.763885498046875,96.1404266357422,38134500,25988700,14989000,191.52000427246094,189.74000549316406,30.360000610351562,29.760000228881836,104.69999694824219,103.22000122070312
2023-11-22,189.16873168945312,25.780893325805664,95.72628784179688,39617700,19226800,18072000,192.92999267578125,190.8300018310547,30.579999923706055,30.139999389648438,104.12000274658203,101.94000244140625
2023-11-24,187.84373474121097,25.93394660949707,96.2416763305664,24048300,11129700,9480800,190.89999389648438,189.25,30.700000762939453,30.3799991607666,105.47000122070312,103.91000366210938
2023-11-27,187.66574096679688,25.627836227416992,95.68025970458984,40552600,26066700,18013500,190.6699981689453,188.89999389648438,30.75,30.030000686645508,104.4000015258789,103.18000030517578
2023-11-28,188.2689208984375,25.245208740234375,95.62503814697266,38415400,29497700,20629500,191.0800018310547,189.39999389648438,30.110000610351562,29.639999389648438,104.91000366210938,103.87999725341797
2023-11-29,187.2504425048828,25.576820373535156,94.18928527832033,43014200,26185200,26802100,192.08999633789062,188.97000122070312,30.219999313354492,29.729999542236328,104.58000183105469,101.63999938964844
2023-11-30,187.8239288330078,25.908435821533203,94.55740356445312,48794400,45356600,29254700,190.32000732421875,188.19000244140625,30.510000228881836,29.959999084472656,104.4800033569336,101.80999755859375
2023-12-01,189.09950256347656,24.58197593688965,94.78752136230467,45704800,103624000,17845300,191.55999755859375,189.22999572753906,29.399999618530273,28.299999237060547,104.22000122070312,102.22000122070312
2023-12-04,187.30975341796875,24.896587371826172,94.2721176147461,43389500,47410400,21523900,190.0500030517578,187.4499969482422,29.639999389648438,29.020000457763672,103.36000061035156,101.58999633789062
2023-12-05,191.2551116943359,24.735034942626953,92.44061279296876,66628400,39853000,22250300,194.39999389648438,190.17999267578125,29.600000381469727,29.06999969482422,102.33999633789062,100.29000091552734
2023-12-06,190.16741943359375,24.479944229125977,91.2165298461914,41089700,33410500,31154800,194.75999450683594,192.11000061035156,29.399999618530273,28.719999313354492,100.72000122070312,98.33999633789062
2023-12-07,192.0955810546875,24.34389305114746,90.5814971923828,47477700,35782900,29990700,195.0,193.58999633789062,28.899999618530273,28.5,100.83999633789062,98.08999633789062
2023-12-08,193.51947021484375,24.471439361572266,91.62149810791016,53406400,31890700,22074900,195.99000549316406,193.6699981689453,28.969999313354492,28.59000015258789,99.79000091552734,98.75
2023-12-11,191.0178070068359,24.352397918701172,91.6859130859375,60943700,37833900,22252300,193.49000549316406,191.4199981689453,28.809999465942383,28.440000534057617,99.86000061035156,98.58000183105469
2023-12-12,192.53065490722656,24.30138397216797,90.240966796875,52696900,48587500,26084000,194.72000122070312,191.72000122070312,28.860000610351562,28.350000381469727,98.68000030517578,97.4800033569336
2023-12-13,195.74429321289065,22.6688175201416,91.04165649414062,70404200,158100700,19915400,198.0,194.85000610351562,26.729999542236328,25.760000228881836,99.02999877929688,97.66000366210938
2023-12-14,195.8926239013672,22.218162536621097,93.48981475830078,66831600,101889800,26165700,199.6199951171875,196.16000366210938,27.31999969482422,26.010000228881836,102.13999938964844,99.72000122070312
2023-12-15,195.358642578125,22.643310546875,92.86397552490234,128538400,138388400,55527000,198.39999389648438,197.0,26.989999771118164,26.079999923706055,101.0,100.30999755859375
2023-12-18,193.69747924804688,23.008934020996097,93.5542449951172,55751900,63329400,21610400,196.6300048828125,194.38999938964844,27.299999237060547,26.719999313354492,103.11000061035156,101.5199966430664
2023-12-19,194.73573303222656,23.944257736206055,94.78752136230467,40714100,70094700,18904700,196.9499969482422,195.88999938964844,28.239999771118164,27.270000457763672,103.19000244140625,101.79000091552734
2023-12-20,192.6493377685547,23.49360084533691,93.20449829101562,52242800,56184300,20988900,197.67999267578125,194.8300018310547,28.260000228881836,27.610000610351562,103.94000244140625,101.12999725341797
2023-12-21,192.5009765625,24.071802139282227,93.62786865234376,46482500,51056600,19250900,197.0800018310547,193.5,28.360000610351562,27.780000686645508,102.01000213623047,100.80999755859375
2023-12-22,191.43310546875,24.14832878112793,93.79352569580078,37149600,35162300,12927800,195.41000366210938,192.97000122070312,28.790000915527344,28.18000030517578,102.94000244140625,101.81999969482422
2023-12-26,190.8892517089844,24.156827926635746,94.00520324707033,28919300,30119100,16835100,193.88999938964844,192.8300018310547,28.530000686645508,28.25,103.02999877929688,102.12000274658203
2023-12-27,190.98809814453125,24.32689094543457,93.56344604492188,48087700,35000700,14558800,193.5,191.08999633789062,28.729999542236328,28.309999465942383,102.55000305175781,101.33999633789062
2023-12-28,191.4133148193359,24.479944229125977,92.21051788330078,34049900,30472900,16329300,194.66000366210938,193.1699981689453,29.030000686645508,28.579999923706055,101.61000061035156,100.12999725341797
2023-12-29,190.37506103515625,24.479944229125977,92.01724243164062,42672100,30363100,17746400,194.39999389648438,191.72999572753906,28.8700008392334,28.540000915527344,100.58999633789062,99.62000274658203
2024-01-02,183.5621795654297,25.279216766357425,94.20767974853516,82488700,57948700,23483000,188.44000244140625,183.88999938964844,30.280000686645508,28.829999923706055,103.0999984741211,100.8499984741211
2024-01-03,182.1877593994141,25.279216766357425,94.99919128417967,58414500,43426500,23490800,185.8800048828125,183.42999267578125,30.040000915527344,29.40999984741211,103.62000274658203,101.66000366210938
2024-01-04,179.87393188476562,24.735034942626953,94.1708755493164,71983600,45558200,19395200,183.08999633789062,180.8800048828125,29.950000762939453,29.030000686645508,104.56999969482422,102.05000305175781
2024-01-05,179.15211486816406,25.058143615722656,94.45619201660156,62379700,33612800,15827400,182.75999450683594,180.1699981689453,29.489999771118164,28.75,103.4000015258789,102.12999725341797
2024-01-08,183.48306274414065,25.151674270629883,92.88238525390624,59144500,32972100,23370100,185.60000610351562,181.5,29.68000030517578,29.170000076293945,101.04000091552734,98.9000015258789
2024-01-09,183.06776428222656,24.99862289428711,91.73193359375,42841800,39856900,19496600,185.14999389648438,182.72999572753906,29.860000610351562,29.31999969482422,101.29000091552734,99.19000244140625
2024-01-10,184.10601806640625,24.650001525878903,90.82999420166016,46792900,37413300,18206100,186.39999389648438,183.9199981689453,29.389999389648438,28.8799991607666,99.80000305175781,98.16000366210938
2024-01-11,183.5127410888672,24.14832878112793,90.81156158447266,49128400,46884700,15833400,187.0500030517578,183.6199951171875,28.920000076293945,28.270000457763672,99.5,98.55999755859375
2024-01-12,183.83908081054688,24.40341567993164,91.98963165283205,40477800,30373500,18041700,186.74000549316406,185.19000244140625,28.940000534057617,28.440000534057617,100.6500015258789,99.16999816894531
2024-01-16,181.57469177246097,24.080307006835938,89.90962982177734,65603000,38826000,20235700,184.25999450683594,180.92999267578125,28.719999313354492,28.219999313354492,100.01000213623047,97.52999877929688
2024-01-17,180.6352996826172,23.93575668334961,89.25617218017578,47317400,33312600,18384000,182.92999267578125,180.3000030517578,28.530000686645508,27.93000030517578,97.95999908447266,96.58000183105469
2024-01-18,186.5187530517578,23.884737014770508,89.09050750732422,78005800,50321100,20940300,189.13999938964844,185.8300018310547,28.1299991607666,27.600000381469727,97.08999633789062,95.81999969482422
2024-01-19,189.4159393310547,24.046293258666992,89.22855377197266,68903000,35549300,20088400,191.9499969482422,188.82000732421875,28.3799991607666,27.93000030517578,97.0199966430664,96.41000366210938
2024-01-22,191.71983337402344,24.071802139282227,89.10892486572266,60133900,41663900,19955900,195.3300018310547,192.25999450683594,28.6200008392334,27.93000030517578,97.0999984741211,95.7699966430664
2024-01-23,192.9954071044922,24.173837661743164,90.11209869384766,42355600,33466700,15863400,195.75,193.8300018310547,28.649999618530273,28.149999618530273,98.5,96.7300033569336
2024-01-24,192.32302856445312,24.088808059692383,91.6675033569336,53631300,42720700,17330600,196.3800048828125,194.33999633789062,28.780000686645508,28.329999923706055,99.6500015258789,97.73999786376953
2024-01-25,191.99673461914065,23.709049224853516,93.99600982666016,54822100,47605500,22089500,196.27000427246094,193.11000061035156,27.920000076293945,27.450000762939453,102.18000030517578,99.62000274658203
2024-01-26,190.2662811279297,23.709049224853516,94.79671478271484,44594000,47073800,20817200,194.75999450683594,191.94000244140625,27.90999984741211,27.360000610351562,103.08000183105469,101.19000244140625
2024-01-29,189.58401489257812,23.71767807006836,94.9163589477539,47145600,67082700,18317500,192.1999969482422,189.5800018310547,27.6299991607666,27.309999465942383,103.19999694824219,101.86000061035156
2024-01-30,185.93533325195312,23.320661544799805,96.49937438964844,55859400,86072400,19610900,191.8000030517578,187.47000122070312,28.3700008392334,26.950000762939453,104.87999725341797,102.0999984741211
2024-01-31,182.33604431152344,23.372446060180664,94.62186431884766,55467800,81192100,22415300,187.10000610351562,184.35000610351562,27.510000228881836,26.780000686645508,104.87999725341797,102.7699966430664
2024-02-01,184.76853942871097,23.55369758605957,94.2353057861328,64885400,53883000,19240700,186.9499969482422,183.82000732421875,27.329999923706055,26.729999542236328,104.01000213623047,101.62000274658203
2024-02-02,183.7698516845703,23.242984771728516,93.8487548828125,102551700,51718500,21973400,187.3300018310547,179.25,27.200000762939453,26.690000534057617,104.0,101.61000061035156
2024-02-05,185.5793304443359,22.932268142700195,93.46219635009766,69668800,42633400,17190900,189.25,185.83999633789062,26.940000534057617,26.520000457763672,102.37999725341797,100.5
2024-02-06,187.1812438964844,23.734943389892575,94.1064453125,43490800,56958700,13347900,189.30999755859375,186.77000427246094,27.729999542236328,26.56999969482422,103.04000091552734,101.56999969482422
2024-02-07,187.28997802734375,23.786725997924805,94.07884979248048,53439000,36843000,13826800,191.0500030517578,188.61000061035156,27.649999618530273,27.299999237060547,102.7300033569336,101.18000030517578
2024-02-08,186.21218872070312,23.79535865783691,95.68946838378906,40962000,29048400,19636900,189.5399932861328,187.35000610351562,27.690000534057617,27.40999984741211,104.41999816894531,102.11000061035156
2024-02-09,186.97454833984375,23.786725997924805,93.66466522216795,45155200,29062700,20410500,189.99000549316406,188.0,27.59000015258789,27.3799991607666,104.83999633789062,101.69999694824219
2024-02-12,185.29144287109375,23.87303924560547,94.95318603515624,41781900,30323700,18173100,188.6699981689453,186.7899932861328,28.020000457763672,27.520000457763672,103.4000015258789,102.0
2024-02-13,183.20236206054688,23.277503967285156,94.13573455810548,56529500,37927500,18917400,186.2100067138672,183.50999450683594,27.829999923706055,26.860000610351562,103.08999633789062,100.5999984741211
2024-02-14,182.3212127685547,23.398338317871097,93.67127990722656,54630500,25270200,17651300,185.52999877929688,182.44000244140625,27.170000076293945,26.90999984741211,102.62000274658203,100.41999816894531
2024-02-15,182.0341033935547,23.743572235107425,96.35582733154295,65434500,36111600,23196300,184.49000549316406,181.35000610351562,27.809999465942383,27.219999313354492,103.94000244140625,100.5999984741211
2024-02-16,180.49948120117188,23.838512420654297,96.35582733154295,49752500,35935300,20151400,184.85000610351562,181.6699981689453,27.889999389648438,27.209999084472656,104.62999725341797,103.5199966430664
2024-02-20,179.75692749023438,23.8126220703125,95.44548797607422,53665600,34232000,17650000,182.42999267578125,180.0,28.139999389648438,27.520000457763672,104.12000274658203,102.6500015258789
2024-02-21,180.50941467285156,23.881669998168945,97.3962173461914,41371400,27348300,20991300,182.88999938964844,180.66000366210938,27.68000030517578,27.360000610351562,104.9800033569336,102.98999786376953
2024-02-22,182.53900146484375,23.77809715270996,97.31261444091795,52292200,31957500,20470700,184.9600067138672,182.4600067138672,27.700000762939453,27.190000534057617,105.41000366210938,103.44999694824219
2024-02-23,180.7074279785156,23.95934677124023,96.45801544189452,45119700,33182600,15975900,185.0399932861328,182.22999572753906,28.09000015258789,27.690000534057617,104.08999633789062,102.87999725341797
2024-02-26,179.3609161376953,23.45875358581543,96.8388671875,40867400,45685500,13360800,182.75999450683594,180.64999389648438,27.670000076293945,27.06999969482422,104.94000244140625,103.05000305175781
2024-02-27,180.8163146972656,23.20845603942871,96.6344985961914,54318900,38598400,16360000,183.9199981689453,179.55999755859375,27.200000762939453,26.809999465942383,105.1500015258789,103.8499984741211
2024-02-28,179.6183319091797,23.337921142578125,96.90388488769533,48953900,31010200,14810500,183.1199951171875,180.1300048828125,27.239999771118164,26.81999969482422,105.43000030517578,104.0
2024-02-29,178.9550018310547,22.92363739013672,97.08966827392578,136682600,54643200,17566100,182.57000732421875,179.52999877929688,27.190000534057617,26.549999237060547,105.06999969482422,104.22000122070312
2024-03-01,177.8758087158203,22.949535369873047,98.31582641601562,73563100,46392100,18460100,180.52999877929688,177.3800048828125,26.899999618530273,26.510000228881836,106.38999938964844,105.37999725341797
2024-03-04,173.361083984375,22.34537124633789,96.94104766845705,81510100,86777700,18138000,176.89999389648438,173.7899932861328,26.459999084472656,25.610000610351562,105.8499984741211,104.02999877929688
2024-03-05,168.43052673339844,22.509355545043945,98.13004302978516,95132400,73646100,19952700,172.0399932861328,169.6199951171875,26.420000076293945,25.690000534057617,106.2699966430664,104.31999969482422
2024-03-06,167.4404754638672,23.467384338378903,99.17971801757812,68587700,84919500,20472800,171.24000549316406,168.67999267578125,27.299999237060547,26.790000915527344,107.56999969482422,106.1500015258789
2024-03-07,167.32167053222656,23.122148513793945,99.73706817626952,71765100,46423800,15195400,170.72999572753906,168.49000549316406,27.31999969482422,26.760000228881836,107.9800033569336,106.5999984741211
2024-03-08,169.03448486328125,23.493274688720703,100.67525482177734,76267000,45906600,16281500,173.6999969482422,168.94000244140625,27.299999237060547,26.850000381469727,108.4000015258789,106.7699966430664
2024-03-11,171.034423828125,24.48583221435547,101.26976013183594,60139500,52600100,17577300,174.3800048828125,172.0500030517578,28.389999389648438,27.309999465942383,109.12000274658203,107.33999633789062
2024-03-12,171.50965881347656,24.17511558532715,100.6195297241211,59825400,48758200,14957200,174.02999877929688,171.00999450683594,28.34000015258789,27.760000228881836,109.27999877929688,108.02999877929688
2024-03-13,169.4305419921875,24.35636329650879,101.7435073852539,52488700,39273000,17122200,173.19000244140625,170.75999450683594,28.690000534057617,28.190000534057617,110.3499984741211,109.11000061035156
2024-03-14,171.28196716308594,24.278688430786133,103.54559326171876,72913500,36428000,22121000,174.30999755859375,172.0500030517578,28.280000686645508,27.770000457763672,111.55000305175781,109.69000244140625
2024-03-15,170.9057159423828,24.114700317382812,103.3598175048828,121752700,75727900,38264400,172.6199951171875,170.2899932861328,28.280000686645508,27.860000610351562,112.30000305175781,110.8499984741211
2024-03-18,171.99478149414062,23.924819946289062,104.31659698486328,75604200,36226500,16770500,177.7100067138672,173.52000427246094,28.030000686645508,27.610000610351562,112.86000061035156,111.0999984741211
2024-03-19,174.3313446044922,23.847145080566406,105.05043029785156,55215200,29026600,14878800,176.61000061035156,173.02999877929688,27.780000686645508,27.31999969482422,113.48999786376953,112.05999755859375
2024-03-20,176.8956298828125,23.907560348510746,104.95752716064452,53423100,34468000,16119700,178.6699981689453,175.08999633789062,27.739999771118164,27.209999084472656,113.4000015258789,112.12999725341797
2024-03-21,169.66812133789062,23.87303924560547,105.42198944091795,106181300,29633700,14878000,177.49000549316406,170.83999633789062,28.040000915527344,27.6299991607666,113.91000366210938,112.56999969482422
2024-03-22,170.569091796875,23.614112854003903,105.42198944091795,71160100,28830100,14701900,173.0500030517578,170.05999755859375,27.84000015258789,27.34000015258789,113.69000244140625,112.81999969482422
2024-03-25,169.1533203125,23.674524307250977,106.4995346069336,54288300,31110600,14011700,171.94000244140625,169.4499969482422,27.479999542236328,27.100000381469727,115.77999877929688,113.83000183105469
2024-03-26,168.02464294433594,23.8126220703125,105.70066833496094,57388400,38220300,13152300,171.4199981689453,169.5800018310547,27.6299991607666,27.309999465942383,114.9800033569336,113.41000366210938
2024-03-27,171.58888244628906,23.976606369018555,106.7967758178711,60273300,34247600,12415700,173.60000610351562,170.11000061035156,27.940000534057617,27.540000915527344,115.05999755859375,113.41000366210938
2024-03-28,169.7770538330078,23.950714111328125,107.97648620605467,65672700,40466700,18482100,172.22999572753906,170.50999450683594,28.1200008392334,27.719999313354492,116.44999694824219,115.05999755859375
2024-04-01,168.34144592285156,23.924819946289062,108.67317962646484,46240500,26596600,13817000,171.25,169.47999572753906,27.8700008392334,27.579999923706055,117.23999786376953,115.37999725341797
2024-04-02,167.1632537841797,23.77809715270996,110.80037689208984,49329500,32451500,19919600,169.33999633789062,168.22999572753906,27.75,27.40999984741211,119.5999984741211,117.33000183105469
2024-04-03,167.9652099609375,23.493274688720703,110.8189468383789,47691700,36828600,16504300,170.67999267578125,168.5800018310547,27.75,27.200000762939453,119.75,118.7300033569336
2024-04-04,167.14349365234375,23.00131607055664,111.2091064453125,53704400,41922700,18467400,171.9199981689453,168.82000732421875,27.399999618530273,26.639999389648438,119.87999725341797,118.63999938964844
2024-04-05,167.89590454101562,23.009946823120117,112.74180603027344,42104800,39880500,21720600,170.38999938964844,168.9499969482422,26.700000762939453,26.350000381469727,122.1500015258789,119.63999938964844
2024-04-08,166.77713012695312,22.940898895263672,111.9801025390625,37425500,24431400,17513900,169.1999969482422,168.24000549316406,26.81999969482422,26.520000457763672,121.73999786376953,120.20999908447266
2024-04-09,167.98501586914062,23.1135196685791,112.56531524658205,42373800,45127800,14132300,170.0800018310547,168.35000610351562,27.420000076293945,26.649999618530273,121.6500015258789,120.33999633789062
2024-04-10,166.11380004882812,22.71649932861328,113.51280212402344,49709300,44541600,17409200,169.08999633789062,167.11000061035156,26.59000015258789,26.15999984741211,122.47000122070312,120.7300033569336
2024-04-11,173.3016815185547,22.73375701904297,113.13195037841795,91070300,32814500,17555900,175.4600067138672,168.16000366210938,26.450000762939453,26.1299991607666,122.69000244140625,120.33999633789062
2024-04-12,174.79669189453125,22.31947326660156,111.81290435791016,101670900,43034100,21556200,178.36000061035156,174.2100067138672,26.31999969482422,25.829999923706055,123.75,119.66999816894531
2024-04-15,170.9750213623047,22.36263084411621,111.17195129394533,73531800,35660200,15029500,176.6300048828125,172.5,26.170000076293945,25.75,121.69000244140625,119.44999694824219
2024-04-16,167.69789123535156,22.17275047302246,110.2523193359375,73711200,28885300,18082200,173.75999450683594,168.27000427246094,25.989999771118164,25.68000030517578,120.22000122070312,117.91999816894531
2024-04-17,166.3316192626953,21.93971824645996,110.1965789794922,50901200,43828900,14538600,170.64999389648438,168.0,25.690000534057617,25.260000228881836,119.3499984741211,117.12000274658203
2024-04-18,165.38111877441406,21.913822174072266,110.09440612792967,43122900,35788400,13821400,168.63999938964844,166.5500030517578,25.459999084472656,25.229999542236328,119.72000122070312,117.97000122070312
2024-04-19,163.3613739013672,22.4403076171875,111.35773468017578,68149400,38372800,21572400,166.39999389648438,164.0800018310547,26.0,25.350000381469727,120.93000030517578,118.94999694824219
2024-04-22,164.1930389404297,22.664710998535156,111.9893798828125,48116400,35678700,16340700,167.25999450683594,164.77000427246094,26.5,25.93000030517578,121.56999969482422,118.43000030517578
2024-04-23,165.24253845214844,22.71649932861328,112.4259796142578,49537800,24297800,13929800,167.0500030517578,164.9199981689453,26.469999313354492,26.190000534057617,121.05999755859375,119.44999694824219
2024-04-24,167.3414764404297,22.673343658447266,112.44456481933594,48251800,24547800,12101200,169.3000030517578,166.2100067138672,26.34000015258789,26.040000915527344,121.26000213623047,119.38999938964844
2024-04-25,168.2028350830078,21.801624298095703,112.70465087890624,50558300,47661400,16041000,170.61000061035156,168.14999389648438,26.43000030517578,25.25,121.76000213623047,119.4000015258789
2024-04-26,167.61868286132812,21.922456741333008,109.57421875,44838400,46526500,27289500,171.33999633789062,169.17999267578125,25.540000915527344,25.200000762939453,119.0999984741211,116.22000122070312
2024-04-29,171.77699279785156,22.12959861755371,111.1347885131836,68169400,39995300,17309900,176.02999877929688,173.10000610351562,25.850000381469727,25.540000915527344,120.05000305175781,117.76000213623047
2024-04-30,168.63845825195312,22.11233711242676,109.86217498779295,65934800,38017700,21083300,174.99000549316406,170.0,25.829999923706055,25.59000015258789,120.19999694824219,117.9800033569336
2024-05-01,167.61868286132812,23.45875358581543,107.78143310546876,50383100,97388900,27777700,172.7100067138672,169.11000061035156,27.450000762939453,26.020000457763672,118.47000122070312,115.66000366210938
2024-05-02,171.3116455078125,23.907560348510746,107.97648620605467,94214900,69649000,25513600,173.4199981689453,170.88999938964844,27.940000534057617,27.1200008392334,117.26000213623047,115.9000015258789
2024-05-03,181.55886840820312,24.002498626708984,107.75355529785156,163224100,60568900,28023300,187.0,182.66000366210938,27.90999984741211,27.520000457763672,116.06999969482422,114.12999725341797
2024-05-06,179.9054412841797,24.304582595825195,108.45023345947266,78569700,59899700,31401300,184.1999969482422,180.4199981689453,28.329999923706055,27.959999084472656,118.33999633789062,116.4000015258789
2024-05-07,180.58859252929688,23.96797561645508,107.9114761352539,77305800,65606400,30122000,184.89999389648438,181.32000732421875,28.489999771118164,27.399999618530273,117.58000183105469,115.93000030517578
2024-05-08,180.9252471923828,24.39952087402344,107.89289855957033,45057100,39087800,18957200,183.07000732421875,181.4499969482422,28.34000015258789,27.520000457763672,116.94999694824219,115.41000366210938
2024-05-09,182.7370452880859,24.68863296508789,110.02009582519533,48983000,47831100,17564000,184.66000366210938,182.11000061035156,28.25,27.31999969482422,118.52999877929688,116.19000244140625
2024-05-10,181.4779510498047,24.539697647094727,109.57421875,50759500,25849800,13648100,185.08999633789062,182.1300048828125,28.280000686645508,27.920000076293945,118.66000366210938,117.58000183105469
2024-05-13,184.6802215576172,24.916423797607425,109.52777862548828,72044800,39609800,15060600,187.10000610351562,184.6199951171875,28.649999618530273,28.170000076293945,119.04000091552734,117.12000274658203
2024-05-14,185.8203582763672,24.863853454589844,110.19265747070312,52393600,23530900,15079100,188.3000030517578,186.2899932861328,28.68000030517578,28.190000534057617,117.73999786376953,116.4800033569336
2024-05-15,188.09068298339844,25.24934196472168,111.04483795166016,70400000,38376300,18244300,190.64999389648438,187.3699951171875,28.989999771118164,28.479999542236328,118.83999633789062,116.08000183105469
2024-05-16,188.20962524414065,25.33695411682129,110.37995147705078,52845200,40077800,15745200,191.10000610351562,189.66000366210938,29.030000686645508,28.670000076293945,119.30000305175781,117.54000091552734
2024-05-17,188.2393798828125,25.091642379760746,112.0374755859375,41282900,26106400,15104500,190.80999755859375,189.17999267578125,28.90999984741211,28.510000228881836,119.83000183105469,117.95999908447266
2024-05-20,189.3993377685547,24.995271682739254,111.12911224365234,44361300,22423300,11551300,191.9199981689453,189.00999450683594,28.709999084472656,28.459999084472656,119.88999938964844,118.55000305175781
2024-05-21,190.69808959960935,25.021554946899418,110.36119842529295,42309400,28119900,14495000,192.72999572753906,190.9199981689453,28.670000076293945,28.31999969482422,119.44999694824219,117.77999877929688
2024-05-22,189.26055908203125,25.932703018188477,108.14183044433594,34648500,46987500,17879300,192.82000732421875,190.27000427246094,29.6299991607666,28.420000076293945,117.45999908447266,114.95999908447266
2024-05-23,185.2750701904297,25.135448455810547,106.29701232910156,51005900,42031300,15979800,191.0,186.6300048828125,29.43000030517578,28.670000076293945,117.51000213623047,113.36000061035156
2024-05-24,188.3484344482422,25.301908493041992,106.21272277832033,36327000,22589100,12212900,190.5800018310547,188.0399932861328,28.989999771118164,28.549999237060547,115.08000183105469,113.04000091552734
2024-05-28,188.35838317871097,24.79376792907715,107.56121826171876,52280100,32371200,13978300,193.0,189.10000610351562,28.8799991607666,28.1299991607666,115.11000061035156,113.06999969482422
2024-05-29,188.65576171875,24.373241424560547,106.40938568115234,53068000,24241700,13902000,192.25,189.50999450683594,28.170000076293945,27.690000534057617,114.55000305175781,112.80999755859375
2024-05-30,189.64718627929688,24.706157684326172,106.74649810791016,49889100,23298600,14683700,192.17999267578125,190.6300048828125,28.200000762939453,27.790000915527344,114.12999725341797,112.95999908447266
2024-05-31,190.59893798828125,25.10916328430176,109.80870819091795,75158300,78290100,29037400,192.57000732421875,189.91000366210938,28.75,28.239999771118164,117.48999786376953,113.98999786376953
2024-06-03,192.3636474609375,25.678630828857425,107.17724609375,50080500,38177200,19589300,194.99000549316406,192.52000427246094,29.530000686645508,28.639999389648438,116.36000061035156,113.76000213623047
2024-06-04,192.680908203125,25.836332321166992,105.5103759765625,47471400,46309500,19412200,195.32000732421875,193.02999877929688,29.729999542236328,29.170000076293945,113.08999633789062,110.91999816894531
2024-06-05,194.1878662109375,25.888896942138672,105.93179321289062,54156800,27346700,14863500,196.89999389648438,194.8699951171875,29.6200008392334,29.170000076293945,113.19000244140625,111.4800033569336
2024-06-06,192.8097686767578,25.231821060180664,106.72777557373048,41181800,35360400,13154100,196.5,194.1699981689453,29.540000915527344,28.790000915527344,114.04000091552734,112.11000061035156
2024-06-07,195.19911193847656,25.039077758789062,105.58528900146484,53103900,27526200,13289200,196.94000244140625,194.13999938964844,29.049999237060547,28.549999237060547,114.9000015258789,112.66999816894531
2024-06-10,191.46145629882812,24.59226417541504,105.8943328857422,97010200,36977900,15239700,197.3000030517578,192.14999389648438,28.350000381469727,27.6299991607666,114.22000122070312,112.69999694824219
2024-06-11,205.37098693847656,24.557222366333008,105.04215240478516,172373300,29573500,12462400,207.16000366210938,193.6300048828125,28.329999923706055,27.889999389648438,112.66999816894531,111.30999755859375
2024-06-12,211.2401428222656,24.233064651489254,103.88095092773438,198134300,32507900,13606800,220.1999969482422,206.89999389648438,28.229999542236328,27.559999465942383,113.30000305175781,110.54000091552734
2024-06-13,212.40008544921875,24.22429847717285,103.04750061035156,97862700,33945200,14466900,216.75,211.60000610351562,27.719999313354492,27.200000762939453,110.86000061035156,109.72000122070312
2024-06-14,210.6651153564453,24.11916732788086,102.17658996582033,70122700,29461900,13313400,215.1699981689453,211.3000030517578,28.219999313354492,27.43000030517578,110.20999908447266,108.58999633789062
2024-06-17,214.80923461914065,23.637310028076172,101.47425842285156,93728300,32194600,21147900,218.9499969482422,212.72000122070312,27.479999542236328,26.8700008392334,109.45999908447266,108.18000030517578
2024-06-18,212.4496612548828,24.01403427124023,102.429443359375,79943300,29817800,17762900,218.6300048828125,213.0,27.459999084472656,26.950000762939453,110.72000122070312,108.80000305175781
2024-06-20,207.8792266845703,24.303150177001953,104.63947296142578,86172500,29693400,17433200,214.24000549316406,208.85000610351562,27.959999084472656,27.149999618530273,112.62000274658203,109.58999633789062
2024-06-21,205.7080841064453,24.303150177001953,103.72175598144533,241805100,52487000,52212500,211.88999938964844,207.11000061035156,27.889999389648438,27.559999465942383,112.69999694824219,110.76000213623047
2024-06-24,206.3524627685547,24.84633445739746,106.80269622802734,80727000,35414100,16266700,212.6999969482422,206.58999633789062,28.40999984741211,27.729999542236328,114.52999877929688,111.63999938964844
2024-06-25,207.2745056152344,24.522172927856445,107.10234832763672,55549700,24721600,14188900,211.3800048828125,208.61000061035156,28.450000762939453,27.93000030517578,114.55000305175781,113.45999908447266
2024-06-26,211.41860961914065,24.022794723510746,107.13980865478516,66213200,30745800,15771800,214.86000061035156,210.63999938964844,27.93000030517578,27.06999969482422,114.81999969482422,113.13999938964844
2024-06-27,212.2613067626953,24.355712890625,107.5986785888672,49772700,28399600,16812700,215.74000549316406,212.35000610351562,27.829999923706055,27.06999969482422,114.98999786376953,114.11000061035156
2024-06-28,208.81117248535156,24.51341438293457,107.80470275878906,82542700,33189200,24565900,216.07000732421875,210.3000030517578,28.1200008392334,27.639999389648438,116.54000091552734,114.68000030517578
2024-07-01,214.88853454589844,24.723676681518555,107.65485382080078,60402900,26209000,11972900,217.50999450683594,211.9199981689453,28.6299991607666,27.940000534057617,116.73999786376953,114.52999877929688
2024-07-02,218.3782958984375,24.381996154785156,106.92443084716795,58046200,21989800,13326700,220.3800048828125,215.10000610351562,28.280000686645508,27.690000534057617,115.94000244140625,113.48999786376953
2024-07-03,219.64730834960935,24.268102645874023,107.4675750732422,37369800,15180100,7732900,221.5500030517578,219.02999877929688,28.049999237060547,27.6200008392334,115.66000366210938,114.2699966430664
2024-07-05,224.3961639404297,24.574743270874023,106.16590881347656,60412400,17268700,12631000,226.4499969482422,221.64999389648438,28.09000015258789,27.670000076293945,114.62999725341797,112.69000244140625
2024-07-08,225.86346435546875,24.46960830688477,105.051513671875,59085900,25694400,13350500,227.85000610351562,223.25,28.1200008392334,27.790000915527344,113.55000305175781,111.41999816894531
2024-07-09,226.7160797119141,24.28562355041504,103.89031982421876,48076100,36867800,11727000,229.39999389648438,226.3699951171875,27.940000534057617,27.299999237060547,112.54000091552734,110.62000274658203
2024-07-10,230.97914123535156,24.83757781982422,104.80803680419922,62627700,29873600,10004100,233.0800018310547,229.25,28.40999984741211,27.799999237060547,111.95999908447266,110.41999816894531
2024-07-11,225.6156311035156,25.10916328430176,106.05352783203124,64710600,47322600,13082700,232.38999938964844,225.77000427246094,29.229999542236328,28.420000076293945,113.31999969482422,110.93000030517578
2024-07-12,228.5601043701172,25.33695411682129,106.07225799560548,53046500,28397000,11684900,232.63999938964844,228.67999267578125,29.139999389648438,28.790000915527344,114.1500015258789,112.62999725341797
2024-07-15,232.386962890625,25.494653701782227,107.88898468017578,62631300,30534400,13032500,237.22999572753906,233.08999633789062,29.270000457763672,28.829999923706055,116.16000366210938,113.58000183105469
2024-07-16,232.80335998535156,25.845094680786133,108.6662368774414,43234300,26912100,13614100,236.27000427246094,232.3300018310547,29.559999465942383,29.1200008392334,116.3499984741211,113.70999908447266
2024-07-17,226.9143829345703,26.309431076049805,110.16455841064452,57345900,45395000,13602800,231.4600067138672,226.63999938964844,30.299999237060547,29.309999465942383,118.18000030517578,116.55000305175781
2024-07-18,222.25473022460935,26.029075622558594,111.2508544921875,66034600,47279700,13033600,230.44000244140625,222.27000427246094,30.690000534057617,29.6299991607666,119.91999816894531,117.44000244140625
2024-07-19,222.38363647460935,26.25686264038086,108.69432830810548,49151500,30021200,16157700,226.8000030517578,223.27999877929688,30.0,29.549999237060547,118.87999725341797,115.87000274658203
2024-07-22,222.03665161132812,25.932703018188477,107.9451675415039,48201800,46483200,12065900,227.77999877929688,223.08999633789062,30.229999542236328,29.3799991607666,115.94000244140625,114.58000183105469
2024-07-23,223.07760620117188,25.845094680786133,106.20335388183594,39960300,25528300,11251700,226.94000244140625,222.67999267578125,29.639999389648438,29.329999923706055,115.16999816894531,113.16999816894531
2024-07-24,216.6631622314453,26.265623092651367,107.70169830322266,61777600,29579400,14925200,224.8000030517578,217.1300048828125,29.989999771118164,29.309999465942383,115.19999694824219,113.06999969482422
2024-07-25,215.62217712402344,26.440847396850582,109.96791076660156,51391200,42296200,17021700,220.85000610351562,214.6199951171875,30.93000030517578,29.969999313354492,118.02999877929688,114.55999755859375
2024-07-26,216.088134765625,27.338197708129883,109.87425994873048,41601300,35657100,11252500,219.49000549316406,216.00999450683594,30.8799991607666,30.010000228881836,118.02999877929688,116.47000122070312
2024-07-29,216.36575317382812,27.29377555847168,108.72242736816406,36311800,41713700,8861800,219.3000030517578,215.75,30.93000030517578,30.440000534057617,117.38999938964844,115.37999725341797
2024-07-30,216.92092895507812,27.889049530029297,110.66088104248048,41643800,89857500,12483900,220.3300018310547,216.1199951171875,31.540000915527344,29.780000686645508,118.5999984741211,116.2300033569336
2024-07-31,220.17274475097656,27.13385009765625,111.05419158935548,50036300,40978700,15137700,223.82000732421875,220.6300048828125,31.260000228881836,30.469999313354492,119.76000213623047,118.55999755859375
2024-08-01,216.48472595214844,27.231584548950195,109.5184097290039,62501000,39753100,15051500,224.47999572753906,217.02000427246094,30.809999465942383,29.90999984741211,119.48999786376953,116.36000061035156
2024-08-02,217.97181701660156,27.03611946105957,109.4528579711914,105568600,42364700,20403800,225.60000610351562,217.7100067138672,31.31999969482422,30.010000228881836,118.87000274658203,115.41999816894531
2024-08-05,207.4727783203125,26.423076629638672,107.47693634033205,119548600,37838000,18025900,213.5,196.0,30.010000228881836,28.850000381469727,116.02999877929688,113.25
2024-08-06,205.4502868652344,26.049917221069336,106.90570831298828,69660500,29031800,13647800,209.99000549316406,201.07000732421875,30.049999237060547,29.25,115.62999725341797,113.62999725341797
2024-08-07,208.01805114746097,25.63233757019043,108.32911682128906,63516400,32866100,13660700,213.63999938964844,206.38999938964844,29.809999465942383,28.739999771118164,117.12000274658203,115.26000213623047
2024-08-08,211.47808837890625,25.55237579345703,110.39867401123048,47161100,32094400,13851000,214.1999969482422,208.8300018310547,29.010000228881836,28.540000915527344,118.11000061035156,115.7300033569336
2024-08-09,214.38291931152344,25.365793228149418,111.29766845703124,42201600,25795600,12151900,216.77999877929688,211.97000122070312,28.75,28.450000762939453,119.30999755859375,117.36000061035156
2024-08-12,215.91146850585935,25.27695083618164,111.4381332397461,38028100,21141600,13228900,219.50999450683594,215.60000610351562,28.610000610351562,28.31999969482422,120.16999816894531,118.0199966430664
2024-08-13,219.6236572265625,25.63233757019043,110.37059020996094,44155300,34620700,11585100,221.88999938964844,219.00999450683594,28.950000762939453,28.309999465942383,118.51000213623047,117.5
2024-08-14,220.07029724121097,25.658992767333984,111.39131927490234,41960600,23677700,12194500,223.02999877929688,219.6999969482422,29.18000030517578,28.670000076293945,119.9000015258789,117.62999725341797
2024-08-15,223.0479736328125,25.507951736450195,112.0804443359375,46414000,28676800,11579400,225.35000610351562,222.75999450683594,29.010000228881836,28.520000457763672,119.62999725341797,118.12000274658203
2024-08-16,224.36805725097656,25.143678665161133,111.55179595947266,44340200,50332900,10056000,226.8300018310547,223.64999389648438,28.649999618530273,27.850000381469727,118.4800033569336,117.66000366210938
2024-08-19,224.20925903320312,25.587915420532227,111.8916473388672,40687800,26382500,12417500,225.99000549316406,223.0399932861328,28.889999389648438,28.280000686645508,120.5,118.16999816894531
2024-08-20,224.82464599609375,25.6767635345459,108.16285705566406,30299000,21301300,15632000,227.1699981689453,225.4499969482422,29.190000534057617,28.799999237060547,118.6500015258789,114.51000213623047
2024-08-21,224.7154541015625,25.79226303100586,107.47373962402344,34765500,16729700,11752400,227.97999572753906,225.0500030517578,29.170000076293945,28.93000030517578,115.56999969482422,113.76000213623047
2024-08-22,222.85935974121097,25.570144653320312,108.30445861816406,43695300,20241500,10609500,228.33999633789062,223.89999389648438,29.1299991607666,28.540000915527344,115.01000213623047,113.63999938964844
2024-08-23,225.15219116210935,25.6767635345459,109.8053970336914,38677300,21885300,10381400,228.22000122070312,224.3300018310547,28.940000534057617,28.639999389648438,116.72000122070312,115.02999877929688
2024-08-26,225.4896545410156,25.694530487060547,112.15595245361328,30602200,16506000,13671000,227.27999877929688,223.88999938964844,29.049999237060547,28.770000457763672,118.94000244140625,116.91999816894531
2024-08-27,226.33334350585935,25.605682373046875,111.08924865722656,35934600,16184600,9991600,228.85000610351562,224.88999938964844,29.040000915527344,28.559999465942383,119.41000366210938,117.4000015258789
2024-08-28,224.8048095703125,25.54348945617676,109.99420928955078,38052200,19874100,10742900,229.86000061035156,225.67999267578125,29.079999923706055,28.639999389648438,117.58000183105469,116.26000213623047
2024-08-29,228.0802459716797,25.5168399810791,111.51402282714844,51906300,19229800,10753900,232.9199981689453,228.8800048828125,28.889999389648438,28.530000686645508,118.79000091552734,116.3499984741211
2024-08-30,227.2961273193359,25.774494171142575,111.33468627929688,52990800,37137600,13284700,230.39999389648438,227.47999572753906,29.049999237060547,28.670000076293945,118.0199966430664,116.29000091552734
2024-09-03,221.1124725341797,25.143678665161133,109.00301361083984,50190600,44499600,15725100,229.0,221.1699981689453,28.920000076293945,28.139999389648438,116.08999633789062,114.04000091552734
2024-09-04,219.2067718505859,25.22364044189453,107.67198944091795,43840200,23510500,12620600,221.77999877929688,217.47999572753906,28.540000915527344,28.200000762939453,116.1500015258789,113.9800033569336
2024-09-05,220.7253875732422,25.330259323120117,106.83181762695312,36615400,25927200,17200800,225.47999572753906,221.52000427246094,28.799999237060547,28.350000381469727,115.27999877929688,113.06999969482422
2024-09-06,219.177001953125,25.374683380126953,106.3315200805664,48423000,31214500,13467700,225.24000549316406,219.77000427246094,28.770000457763672,28.280000686645508,114.18000030517578,111.7300033569336
2024-09-09,219.26632690429688,26.129880905151367,108.56878662109376,67180000,36558400,21645300,221.27000427246094,216.7100067138672,29.59000015258789,28.450000762939453,116.1500015258789,112.66000366210938
2024-09-10,218.47227478027344,26.423076629638672,104.61344146728516,51591000,32378800,20913400,221.47999572753906,216.72999572753906,29.760000228881836,29.190000534057617,115.4000015258789,110.16999816894531
2024-09-11,221.0032958984375,26.35199737548828,103.57504272460938,44587100,31943100,19571900,223.08999633789062,217.88999938964844,29.700000762939453,29.139999389648438,110.94999694824219,107.7699966430664
2024-09-12,221.1124725341797,25.90776252746582,105.00048828125,37455600,32511800,15919500,223.5500030517578,219.82000732421875,29.709999084472656,28.760000228881836,111.33000183105469,109.76000213623047
2024-09-13,220.8444976806641,26.00549697875977,104.92496490478516,36766600,19987700,10035400,224.0399932861328,221.91000366210938,29.31999969482422,28.989999771118164,112.47000122070312,110.93000030517578
2024-09-16,214.7104949951172,26.716270446777344,106.39759063720705,59357400,29224600,11729000,217.22000122070312,213.9199981689453,30.139999389648438,29.440000534057617,113.08999633789062,111.69000244140625
2024-09-17,215.1769561767578,26.50303649902344,107.78526306152344,45519300,27055300,12202600,216.89999389648438,214.5,30.139999389648438,29.600000381469727,114.37000274658203,112.12000274658203
2024-09-18,219.0479431152344,26.431961059570312,108.16285705566406,59894900,25812800,12569900,222.7100067138672,217.5399932861328,30.139999389648438,29.729999542236328,115.62999725341797,113.80999755859375
2024-09-19,227.16709899902344,26.35199737548828,109.50332641601562,66781300,22653200,12660600,229.82000732421875,224.6300048828125,30.350000381469727,29.520000457763672,117.58000183105469,115.19000244140625
2024-09-20,226.5020751953125,26.138765335083008,108.81421661376952,318679900,56877400,36206200,233.08999633789062,227.6199951171875,29.549999237060547,29.229999542236328,115.51000213623047,114.25
2024-09-23,224.78494262695312,26.041032791137695,110.78714752197266,54146000,23126200,16066300,229.4499969482422,225.80999755859375,29.469999313354492,29.18000030517578,117.79000091552734,115.12000274658203
2024-09-24,225.67823791503903,26.20984268188477,110.49453735351562,43556100,21446200,11984900,229.35000610351562,225.72999572753906,29.59000015258789,29.149999618530273,118.16000366210938,116.83000183105469
2024-09-25,224.6857147216797,25.703414916992188,108.34221649169922,42308700,30712700,13816000,227.2899932861328,224.02000427246094,29.709999084472656,28.90999984741211,117.05000305175781,114.04000091552734
2024-09-26,225.8271484375,25.73895263671875,106.48255920410156,36636700,32310400,16887900,228.5,225.41000366210938,29.010000228881836,28.309999465942383,113.4800033569336,111.13999938964844
2024-09-27,226.0950927734375,25.845571517944336,109.33341217041016,34026000,25013000,15964000,229.52000427246094,227.3000030517578,29.229999542236328,28.920000076293945,116.08999633789062,113.25
2024-09-30,231.2663726806641,25.71230125427246,110.6550064086914,54541900,27464700,13247600,233.0,229.64999389648438,29.190000534057617,28.780000686645508,117.38999938964844,114.95999908447266
2024-10-01,224.5269012451172,25.472414016723633,113.2132339477539,63285000,30725100,23235900,229.64999389648438,223.74000549316406,29.079999923706055,28.530000686645508,120.5999984741211,115.93000030517578
2024-10-02,225.0926513671875,25.41910743713379,114.71417236328124,32880600,24957200,17129700,227.3699951171875,223.02000427246094,28.770000457763672,28.3799991607666,122.81999969482422,120.19999694824219
2024-10-03,223.99090576171875,25.17922019958496,115.7148208618164,34044200,25678900,16524300,226.80999755859375,223.32000732421875,28.520000457763672,28.260000228881836,123.16999816894531,120.93000030517578
2024-10-04,225.1125030517578,25.39245223999023,117.83880615234376,37245100,28769000,19752300,228.0,224.1300048828125,28.59000015258789,28.239999771118164,125.19000244140625,122.43000030517578
2024-10-07,220.04051208496097,25.94330406188965,118.34855651855467,39505400,51426600,15714400,225.69000244140625,221.3300018310547,29.84000015258789,29.110000610351562,126.33999633789062,124.86000061035156
2024-10-08,224.09014892578125,25.925535202026367,115.2050552368164,31855700,29126600,14818500,225.97999572753906,223.25,29.489999771118164,29.0,124.0199966430664,121.26000213623047
2024-10-09,227.8320770263672,26.82288932800293,115.25225830078124,33591100,44244800,11144900,229.75,224.8300018310547,30.43000030517578,29.100000381469727,122.58000183105469,120.80000305175781
2024-10-10,227.33580017089844,26.067689895629883,116.2434539794922,28183500,34347700,10243300,229.5,227.1699981689453,30.079999923706055,29.280000686645508,123.69999694824219,122.29000091552734
2024-10-11,225.85693359375,25.90776252746582,116.68711853027344,31759200,29617600,8294800,229.41000366210938,227.33999633789062,29.440000534057617,28.950000762939453,124.02999877929688,122.94000244140625
2024-10-14,229.57904052734375,25.836685180664062,117.13079833984376,39882100,23594200,9808100,231.72999572753906,228.60000610351562,29.170000076293945,28.850000381469727,124.26000213623047,122.62000274658203
2024-10-15,232.11004638671875,26.15653419494629,113.60971069335938,64751400,29009900,15771300,237.49000549316406,232.3699951171875,29.739999771118164,29.06999969482422,121.94999694824219,119.77999877929688
2024-10-16,230.0554351806641,26.360885620117188,113.90235137939452,34082200,28414800,8426800,232.1199951171875,229.83999633789062,29.81999969482422,29.43000030517578,121.44000244140625,120.5999984741211
2024-10-17,230.42269897460935,26.00549697875977,113.60971069335938,32993800,23779200,11204900,233.85000610351562,230.52000427246094,29.530000686645508,29.219999313354492,121.58000183105469,119.70999908447266
2024-10-18,233.25148010253903,25.961071014404297,113.28875732421876,46431500,24244900,12898600,236.17999267578125,234.00999450683594,29.3700008392334,29.079999923706055,120.63999938964844,119.1500015258789
2024-10-21,234.720458984375,25.703414916992188,113.35482788085938,36254500,23395700,10177800,236.85000610351562,234.4499969482422,29.219999313354492,28.8799991607666,121.4800033569336,119.72000122070312
2024-10-22,234.1050567626953,25.62345314025879,113.94009399414062,38846600,29036400,9201400,236.22000122070312,232.60000610351562,28.989999771118164,28.600000381469727,121.19000244140625,119.94000244140625
2024-10-23,229.0430145263672,25.641223907470703,113.5341796875,52287000,22217600,8320300,235.13999938964844,227.75999450683594,29.110000610351562,28.670000076293945,120.75,119.4000015258789
2024-10-24,228.85446166992188,25.44575881958008,112.89226531982422,31109500,31473600,9905600,230.82000732421875,228.41000366210938,28.979999542236328,28.5,120.44000244140625,119.12999725341797
2024-10-25,229.68820190429688,25.27695083618164,112.79786682128906,38802300,26091100,10714600,233.22000122070312,229.57000732421875,28.729999542236328,28.440000534057617,120.43000030517578,119.31999969482422
2024-10-28,231.6633758544922,25.641223907470703,112.24091339111328,36087100,37922500,11844500,234.72999572753906,232.5500030517578,28.940000534057617,28.559999465942383,119.01000213623047,116.7699966430664
2024-10-29,231.931396484375,25.28583526611328,110.71163177490234,35417200,102267000,14731000,234.3300018310547,232.32000732421875,29.170000076293945,28.030000686645508,119.16999816894531,117.06999969482422
2024-10-30,228.3879547119141,25.33914375305176,110.15469360351562,47070900,47104000,12303700,233.47000122070312,229.5500030517578,28.600000381469727,28.190000534057617,118.2699966430664,116.4800033569336
2024-10-31,224.22911071777344,25.143678665161133,110.23963928222656,64370100,37909600,20512000,229.8300018310547,225.3699951171875,28.639999389648438,28.290000915527344,118.66999816894531,116.68000030517578
2024-11-01,221.2514190673828,24.95709800720215,108.51213073730467,65276700,46894600,20939300,225.35000610351562,220.27000427246094,28.540000915527344,28.049999237060547,119.94999694824219,114.83999633789062
2024-11-04,220.35812377929688,24.66390609741211,111.96717071533205,44944500,41347800,14965400,222.7899932861328,219.7100067138672,28.139999389648438,27.729999542236328,118.69999694824219,115.93000030517578
2024-11-05,221.7874298095703,24.868253707885746,112.29755401611328,28111300,44175800,10436700,223.9499969482422,221.13999938964844,28.0,27.579999923706055,119.20999908447266,118.01000213623047
2024-11-06,221.06285095214844,24.30851936340332,114.22330474853516,54561100,65749500,20807700,226.07000732421875,221.19000244140625,27.989999771118164,27.079999923706055,121.91000366210938,119.30000305175781
2024-11-07,225.7874298095703,24.39736557006836,114.36490631103516,42137700,48484800,12184400,227.8800048828125,224.57000732421875,27.59000015258789,27.34000015258789,121.5,119.61000061035156
2024-11-08,225.51914978027344,24.1086368560791,114.3271484375,38328800,55951300,12836000,228.66000366210938,226.41000366210938,27.149999618530273,26.709999084472656,121.41999816894531,119.66000366210938
2024-11-11,222.80645751953125,23.67555046081543,113.72298431396484,42005600,54329300,11969700,225.6999969482422,221.5,26.829999923706055,26.219999313354492,121.62000274658203,120.06999969482422
2024-11-12,222.80645751953125,23.63043785095215,113.60971069335938,40398300,53035200,11972800,225.58999633789062,223.36000061035156,26.440000534057617,25.950000762939453,121.30999755859375,119.83999633789062
2024-11-13,223.6908264160156,24.1086368560791,114.66697692871094,48566200,47983100,15127900,226.64999389648438,222.75999450683594,26.75,25.979999542236328,122.05000305175781,118.80000305175781
2024-11-14,226.77113342285156,23.477052688598633,114.7431182861328,44923900,45262200,13041800,228.8699951171875,225.0,26.850000381469727,25.84000015258789,121.87999725341797,120.33000183105469
2024-11-15,223.5715789794922,22.37628173828125,113.55342864990234,47923700,131074400,19051700,226.9199981689453,224.27000427246094,25.700000762939453,24.479999542236328,121.23999786376953,119.12999725341797
2024-11-18,226.5724334716797,22.430418014526367,114.50518035888672,44633700,64221700,14239700,229.74000549316406,225.1699981689453,25.25,24.700000762939453,120.62000274658203,119.2699966430664
2024-11-19,226.83074951171875,22.646963119506836,112.90623474121094,36211800,52381200,11584400,230.16000366210938,226.66000366210938,25.110000610351562,24.610000610351562,119.75,118.19999694824219
2024-11-20,227.54620361328125,22.502599716186523,114.5146942138672,35169600,46170800,11360900,229.92999267578125,225.88999938964844,25.100000381469727,24.649999618530273,120.47000122070312,118.63999938964844
2024-11-21,227.0692596435547,22.67403030395508,116.04701232910156,42108300,45048400,14675400,230.16000366210938,225.7100067138672,25.219999313354492,24.780000686645508,122.55000305175781,120.2699966430664
2024-11-22,228.41065979003903,23.143211364746097,115.91378021240234,38168300,41897000,13323400,230.72000122070312,228.05999755859375,25.75,25.100000381469727,123.20999908447266,121.63999938964844
2024-11-25,231.39161682128903,23.61239242553711,114.18158721923828,90152800,57707600,26580300,233.25,229.74000549316406,26.450000762939453,25.739999771118164,121.87999725341797,119.61000061035156
2024-11-26,233.56773376464844,23.251483917236328,112.27809143066406,45986200,33001000,14827300,235.57000732421875,233.3300018310547,26.239999771118164,25.610000610351562,119.68000030517578,117.8499984741211
2024-11-27,233.43853759765625,23.30562210083008,111.98304748535156,33498400,28242100,11079100,235.69000244140625,233.80999755859375,25.950000762939453,25.700000762939453,118.7300033569336,117.43000030517578
2024-11-29,235.82330322265625,23.64847946166992,112.26856994628906,28481400,22023000,9426500,237.80999755859375,233.97000122070312,26.229999542236328,25.770000457763672,118.5,116.94999694824219
2024-12-02,238.06895446777344,23.29659652709961,112.1638641357422,48137100,43866400,12687300,240.7899932861328,237.16000366210938,26.219999313354492,25.729999542236328,118.19999694824219,116.81999969482422
2024-12-03,241.10952758789065,23.062009811401367,111.9925537109375,38861000,49064300,11756600,242.75999450683594,238.89999389648438,25.899999618530273,25.520000457763672,118.72000122070312,117.26000213623047
2024-12-04,241.46725463867188,22.764257431030273,108.76611328125,44383900,42541500,19520600,244.11000061035156,241.25,25.5,25.18000030517578,117.55000305175781,113.86000061035156
2024-12-05,241.49703979492188,23.188323974609375,109.2419891357422,40033900,43647900,15751200,244.5399932861328,242.1300048828125,25.790000915527344,25.139999389648438,115.62000274658203,114.05999755859375
2024-12-06,241.29830932617188,23.215391159057617,108.0903778076172,36870600,31830700,16171100,244.6300048828125,242.0800018310547,26.100000381469727,25.59000015258789,114.7699966430664,113.5
2024-12-09,245.1835021972656,23.54923439025879,107.45271301269533,44649200,37464800,17412600,247.24000549316406,241.75,26.440000534057617,25.579999923706055,114.94000244140625,112.75
2024-12-10,246.1970367431641,23.071029663085938,107.23380279541016,36914800,43280500,20990900,248.2100067138672,245.33999633789062,26.110000610351562,25.510000228881836,113.87999725341797,111.75
2024-12-11,244.9251708984375,22.764257431030273,106.51998138427734,45205800,39569400,32392200,250.8000030517578,246.25999450683594,25.510000228881836,25.170000076293945,112.38999938964844,111.11000061035156
2024-12-12,246.3858337402344,22.890575408935547,106.42481231689452,32777500,38705100,14543300,248.74000549316406,245.67999267578125,25.479999542236328,25.059999465942383,112.37999725341797,110.77999877929688
2024-12-13,246.55474853515625,23.08005142211914,105.49209594726562,33155300,29043600,13106100,249.2899932861328,246.24000549316406,25.65999984741211,25.260000228881836,111.9000015258789,110.25
2024-12-16,249.44627380371097,22.782302856445312,103.2364501953125,51694800,40194000,20256100,251.3800048828125,247.64999389648438,25.75,25.219999313354492,110.4000015258789,108.16000366210938
2024-12-17,251.8707733154297,23.846982955932617,102.79864501953124,51356400,71440300,17554000,253.8300018310547,249.77999877929688,26.459999084472656,25.860000610351562,108.16999816894531,106.79000091552734
2024-12-18,246.47525024414065,23.35975456237793,101.28536224365234,56774100,47575100,17114500,254.27999877929688,247.74000549316406,26.520000457763672,25.860000610351562,108.83000183105469,106.30999755859375
2024-12-19,248.2041778564453,23.251483917236328,100.41926574707033,60882300,50324700,20565600,252.0,247.08999633789062,26.09000015258789,25.579999923706055,107.66999816894531,105.20999908447266
2024-12-20,252.87435913085935,23.783823013305664,100.76190185546876,147495300,116340100,40141200,255.0,245.69000244140625,26.489999771118164,25.700000762939453,106.13999938964844,104.83999633789062
2024-12-23,253.64942932128903,24.09961700439453,101.17115020751952,40858800,35350400,12285100,255.64999389648438,253.4499969482422,26.75,26.190000534057617,106.5999984741211,104.91999816894531
2024-12-24,256.560791015625,24.126684188842773,101.26631927490234,23234700,19716400,7807000,258.2099914550781,255.2899932861328,26.770000457763672,26.3799991607666,107.19000244140625,105.69999694824219
2024-12-26,257.3756103515625,23.964275360107425,101.35198211669922,27237100,31406000,9652400,260.1000061035156,257.6300048828125,26.719999313354492,26.479999542236328,107.02999877929688,105.94000244140625
2024-12-27,253.96739196777344,24.018415451049805,101.34246063232422,42355300,35218300,11943900,258.70001220703125,253.05999755859375,26.850000381469727,26.420000076293945,107.98999786376953,105.7699966430664
2024-12-30,250.5988922119141,23.837961196899418,100.6572036743164,35557500,32859100,11080800,253.5,250.75,26.579999923706055,26.239999771118164,106.55999755859375,105.51000213623047
2024-12-31,248.83021545410156,23.93720817565918,102.37987518310548,39480700,27085500,12387800,253.27999877929688,249.42999267578125,26.649999618530273,26.360000610351562,107.9000015258789,105.77999877929688
2025-01-02,242.3019256591797,24.009389877319336,102.1324234008789,55740700,32899200,12685400,249.10000610351562,241.82000732421875,26.860000610351562,26.559999465942383,109.0,106.87999725341797
2025-01-03,241.8150329589844,23.99134635925293,102.6558837890625,40244100,33417000,14237900,244.17999267578125,241.88999938964844,26.84000015258789,26.520000457763672,108.48999786376953,107.45999908447266
2025-01-06,243.4446258544922,24.26202392578125,102.54167175292967,45045600,43951000,15623700,247.3300018310547,243.1999969482422,27.25,26.559999465942383,109.77999877929688,107.5199966430664
2025-01-07,240.67233276367188,24.47856903076172,103.5029296875,40856000,35030000,12625900,245.5500030517578,241.35000610351562,27.56999969482422,26.940000534057617,110.05999755859375,108.27999877929688
2025-01-08,241.1592254638672,24.23495864868164,101.77075958251952,37628900,35430700,17858100,243.7100067138672,240.0500030517578,27.139999389648438,26.229999542236328,107.70999908447266,106.01000213623047
2025-01-10,235.3463592529297,24.1086368560791,101.39957427978516,61710900,32836900,19304500,240.16000366210938,233.0,27.049999237060547,26.690000534057617,110.0999984741211,105.77999877929688
2025-01-13,232.9119110107422,24.18082046508789,104.0168914794922,49630700,28359600,17073400,234.6699981689453,229.72000122070312,26.809999465942383,26.360000610351562,109.62999725341797,107.12999725341797
2025-01-14,231.7990264892578,23.828935623168945,104.4261474609375,39435300,25856900,11191200,236.1199951171875,232.47000122070312,26.8700008392334,26.270000457763672,109.76000213623047,107.83000183105469
2025-01-15,236.35987854003903,23.65750503540039,106.12977600097656,39832000,35949700,14521100,238.9600067138672,234.42999267578125,26.649999618530273,26.209999084472656,111.7300033569336,109.47000122070312
2025-01-16,226.81088256835935,23.9011173248291,105.94893646240234,71759100,29981100,10366600,238.00999450683594,228.02999877929688,26.56999969482422,25.959999084472656,111.69000244140625,110.55000305175781
2025-01-17,228.5199737548828,23.72968482971191,106.90068817138672,68488300,35380300,19298500,232.2899932861328,228.47999572753906,26.559999465942383,26.219999313354492,112.87000274658203,110.81999969482422
2025-01-21,221.22654724121097,24.036455154418945,106.09170532226562,98070400,39745600,20416300,224.4199981689453,219.3800048828125,26.639999389648438,26.389999389648438,112.18000030517578,111.12999725341797
2025-01-22,222.4090118408203,23.46803092956543,104.24530029296876,64126500,41890400,15718000,224.1199951171875,219.7899932861328,26.600000381469727,25.969999313354492,111.56999969482422,109.4000015258789
2025-01-23,222.2401123046875,23.85600471496582,104.83538818359376,60234800,40987000,13726800,227.02999877929688,222.3000030517578,26.479999542236328,25.850000381469727,111.13999938964844,109.61000061035156
2025-01-24,221.3656768798828,23.929378509521484,103.41728973388672,54697900,31300200,14235900,225.6300048828125,221.41000366210938,26.200000762939453,25.959999084472656,110.70999908447266,108.41000366210938
2025-01-27,228.40074157714844,24.6356143951416,104.85443115234376,94863400,50648600,15926700,232.14999389648438,223.97999572753906,26.969999313354492,26.18000030517578,110.44999694824219,108.38999938964844
2025-01-28,236.74740600585935,24.53472137451172,102.8271942138672,75707600,40589600,15862000,240.19000244140625,230.80999755859375,26.860000610351562,26.489999771118164,110.87000274658203,107.79000091552734
2025-01-29,237.84039306640625,24.415489196777344,103.42679595947266,45486100,34418200,12345500,239.86000061035156,234.00999450683594,27.06999969482422,26.56999969482422,108.77999877929688,107.47000122070312
2025-01-30,236.0816345214844,24.681472778320312,104.28337097167967,55658300,32289600,14346300,240.7899932861328,237.2100067138672,27.010000228881836,26.579999923706055,109.8499984741211,108.69999694824219
2025-01-31,234.50173950195312,24.32377052307129,101.6755828857422,100959800,37307000,20376500,247.19000244140625,233.44000244140625,27.010000228881836,26.420000076293945,110.55000305175781,106.0999984741211
2025-02-03,226.56246948242188,24.030271530151367,101.92303466796876,73063300,49626200,14623200,231.8300018310547,225.6999969482422,26.469999313354492,26.149999618530273,107.30000305175781,105.31999969482422
2025-02-04,231.3220672607422,23.72760009765625,104.65455627441406,45067300,68748300,14835700,233.1300048828125,226.64999389648438,26.920000076293945,25.600000381469727,110.27999877929688,106.52999877929688
2025-02-05,230.99417114257812,24.250396728515625,104.5784149169922,39620300,50426800,13364400,232.6699981689453,228.27000427246094,26.690000534057617,25.700000762939453,110.01000213623047,109.0999984741211
2025-02-06,231.73941040039065,23.690914154052734,103.19837188720705,29925300,45182000,13411400,233.8000030517578,230.42999267578125,26.469999313354492,25.780000686645508,111.05000305175781,107.98999786376953
2025-02-07,226.18490600585935,23.60836410522461,103.6361846923828,39707200,36512800,10051600,234.0,227.25999450683594,25.959999084472656,25.530000686645508,109.7300033569336,108.31999969482422
2025-02-10,226.45346069335935,23.72760009765625,105.6158218383789,33115600,39632700,12142200,230.58999633789062,227.1999969482422,26.1200008392334,25.510000228881836,111.02999877929688,109.87999725341797
2025-02-11,231.39735412597656,23.415756225585938,106.28205108642578,53718400,36593300,12713100,235.22999572753906,228.1300048828125,25.90999984741211,25.459999084472656,112.51000213623047,110.81999969482422
2025-02-12,235.625,23.3607234954834,103.0843734741211,45243300,31671600,18244100,236.9600067138672,230.67999267578125,25.6200008392334,25.170000076293945,110.2300033569336,107.18000030517578
2025-02-13,240.260498046875,23.516645431518555,103.8333740234375,53614100,30612500,15460000,242.33999633789062,235.57000732421875,25.739999771118164,25.329999923706055,108.41000366210938,106.5199966430664
2025-02-14,243.3144073486328,23.415756225585938,103.9390106201172,40896200,33214600,15733500,245.5500030517578,240.99000549316406,25.829999923706055,25.469999313354492,110.2300033569336,108.0999984741211
2025-02-18,243.18507385253903,23.44327163696289,105.76351165771484,48822500,40499700,20060300,245.17999267578125,241.83999633789062,25.739999771118164,25.420000076293945,110.98999786376953,108.31999969482422
2025-02-19,243.58294677734375,23.745939254760746,105.91715240478516,32204200,37292400,10964700,246.00999450683594,243.16000366210938,25.920000076293945,25.5,112.12999725341797,110.05999755859375
2025-02-20,244.53790283203125,23.75511360168457,107.54959869384766,32316900,37139000,16325800,246.77999877929688,244.2899932861328,26.079999923706055,25.75,112.41999816894531,109.94999694824219
2025-02-21,244.25938415527344,24.121986389160156,106.29166412353516,53197400,54611500,14710000,248.69000244140625,245.22000122070312,26.56999969482422,25.850000381469727,111.8499984741211,110.55999755859375
2025-02-24,245.80125427246097,24.443004608154297,106.8486099243164,51326400,43823300,13153500,248.86000061035156,244.4199981689453,26.739999771118164,25.8799991607666,111.86000061035156,110.31999969482422
2025-02-25,245.74156188964844,24.525550842285156,105.36980438232422,48013300,43560100,14497000,250.0,244.91000366210938,27.030000686645508,26.540000915527344,112.12999725341797,108.88999938964844
2025-02-26,239.09666442871097,24.23205184936523,105.11053466796876,44433600,30103300,10446400,244.97999572753906,239.1300048828125,26.780000686645508,26.350000381469727,109.87000274658203,108.5199966430664
2025-02-27,236.05274963378903,23.938552856445312,105.77310943603516,41153600,28268300,15293200,242.4600067138672,237.05999755859375,26.5,26.010000228881836,111.29000091552734,109.27999877929688
2025-02-28,240.56887817382812,24.241222381591797,106.90621948242188,56833400,51531700,18821700,242.08999633789062,230.1999969482422,26.489999771118164,25.90999984741211,111.58000183105469,109.33999633789062
2025-03-03,236.77891540527344,24.07612991333008,103.47808837890624,47184000,54048600,18706900,244.02999877929688,236.11000061035156,26.899999618530273,25.969999313354492,112.16000366210938,106.51000213623047
2025-03-04,234.68994140625,23.617536544799805,103.26683044433594,53798100,51315000,19394900,240.07000732421875,234.67999267578125,26.309999465942383,25.670000076293945,108.95999908447266,105.94000244140625
2025-03-05,234.50094604492188,23.79179954528809,101.2502670288086,47227600,37062400,24822200,236.5500030517578,229.22999572753906,26.18000030517578,25.65999984741211,106.33000183105469,103.66999816894531
2025-03-06,234.09312438964844,24.066957473754883,103.34364318847656,45170400,46998300,17150200,237.86000061035156,233.16000366210938,26.459999084472656,25.899999618530273,108.11000061035156,104.36000061035156
2025-03-07,237.81346130371097,24.51637840270996,104.6880111694336,46273600,54337700,19625000,241.3699951171875,234.75999450683594,26.889999389648438,26.18000030517578,110.4000015258789,108.30000305175781
2025-03-10,226.28436279296875,24.43383026123047,107.35755157470705,72071200,53013500,22749100,236.16000366210938,224.22000122070312,27.239999771118164,26.540000915527344,112.56999969482422,109.08000183105469
2025-03-11,219.6792755126953,23.837661743164062,104.8224639892578,76137400,44841400,19904700,225.83999633789062,217.4499969482422,26.6200008392334,25.8700008392334,112.0999984741211,108.79000091552734
2025-03-12,215.83956909179688,23.580846786499023,104.79364776611328,62547500,37331000,14051500,221.75,214.91000366210938,25.969999313354492,25.5,110.12999725341797,108.41999816894531
2025-03-13,208.57791137695312,23.479957580566406,104.35192108154295,61368300,36717900,17767800,216.83999633789062,208.4199981689453,26.06999969482422,25.530000686645508,110.81999969482422,107.62999725341797
2025-03-14,212.3679046630859,23.59002113342285,107.45357513427734,60107600,30298300,15890100,213.9499969482422,209.5800018310547,25.760000228881836,25.5,112.18000030517578,108.30999755859375
2025-03-17,212.8752288818359,23.892690658569336,109.23966979980467,48073400,32676900,19908800,215.22000122070312,209.97000122070312,26.149999618530273,25.59000015258789,114.5,111.7300033569336
2025-03-18,211.57211303710935,24.13115882873535,109.12443542480467,42432400,32958700,15998700,215.14999389648438,211.49000549316406,26.399999618530273,26.100000381469727,114.54000091552734,112.56999969482422
2025-03-19,214.10870361328125,24.039440155029297,110.82410430908205,54385400,42522700,17315000,218.75999450683594,213.75,26.5,26.079999923706055,115.81999969482422,113.83000183105469
2025-03-20,212.9747009277344,24.021099090576172,111.2946319580078,48862900,35378900,16230800,217.49000549316406,212.22000122070312,26.299999237060547,26.020000457763672,116.47000122070312,114.20999908447266
2025-03-21,217.1227874755859,24.10364532470703,110.91053009033205,94127800,349996500,41102800,218.83999633789062,211.27999877929688,26.520000457763672,26.010000228881836,115.98999786376953,114.3499984741211
2025-03-24,219.56983947753903,23.975238800048828,111.19860076904295,44299500,37944400,14207500,221.47999572753906,218.5800018310547,26.219999313354492,25.889999389648438,116.91000366210938,115.58000183105469
2025-03-25,222.573974609375,23.43409538269043,111.95720672607422,34493600,47607600,12081800,224.10000610351562,220.0800018310547,26.200000762939453,25.510000228881836,117.63999938964844,115.95999908447266
2025-03-26,220.3656311035156,23.12225341796875,113.5704574584961,34466100,49487400,14110800,225.02000427246094,220.47000122070312,25.649999618530273,25.1299991607666,119.18000030517578,117.68000030517578
2025-03-27,222.6734619140625,22.938817977905273,113.20555877685548,37094800,51302000,12740800,224.99000549316406,220.55999755859375,25.229999542236328,24.829999923706055,119.06999969482422,117.26000213623047
2025-03-28,216.75469970703125,23.12225341796875,113.05191802978516,39818600,32352500,10233400,223.80999755859375,217.67999267578125,25.219999313354492,24.809999465942383,118.45999908447266,117.23999786376953
2025-03-31,220.9624786376953,23.241491317749023,114.20423126220705,65299300,53498100,21652300,225.6199951171875,216.22999572753906,25.43000030517578,24.610000610351562,119.91000366210938,117.79000091552734
2025-04-01,222.0169219970703,22.50774383544922,114.30986785888672,36412700,54444200,12425400,223.67999267578125,218.89999389648438,25.350000381469727,24.520000457763672,119.27999877929688,117.93000030517578
2025-04-02,222.71324157714844,22.65449333190918,113.95455932617188,35905900,41965000,12614600,225.19000244140625,221.02000427246094,24.739999771118164,24.309999465942383,118.83999633789062,117.66000366210938
2025-04-03,202.12203979492188,22.2784481048584,107.96250915527344,103419000,53501800,21204600,207.49000549316406,201.25,24.8700008392334,24.280000686645508,115.44999694824219,112.2300033569336
2025-04-04,187.3898773193359,21.06775665283203,100.19397735595705,125910900,80002600,30841300,199.8800048828125,187.33999633789062,24.100000381469727,22.950000762939453,110.83000183105469,103.83000183105469
2025-04-07,180.5062561035156,20.75591468811035,98.849609375,160466300,86106100,35068500,194.14999389648438,174.6199951171875,23.15999984741211,21.75,105.80000305175781,98.45999908447266
2025-04-08,171.51377868652344,20.03133773803711,96.76583099365234,120859500,72406000,27147800,190.33999633789062,169.2100067138672,22.989999771118164,21.440000534057617,105.5999984741211,99.01000213623047
2025-04-09,197.8048553466797,20.62751007080078,101.59596252441406,184395900,95954400,30063300,200.61000061035156,171.88999938964844,22.540000915527344,20.920000076293945,106.58000183105469,98.12999725341797
2025-04-10,189.41915893554688,19.80204200744629,95.95921325683594,121880000,72960700,33999300,194.77999877929688,183.0,22.270000457763672,21.09000015258789,103.77999877929688,97.80000305175781
2025-04-11,197.10853576660156,20.09554100036621,99.04165649414062,87435900,55078100,22884600,199.5399932861328,186.05999755859375,22.0,21.280000686645508,103.93000030517578,98.79000091552734
2025-04-14,201.45556640625,20.28815269470215,99.28173065185548,101352900,61900900,18020000,212.94000244140625,201.16000366210938,22.229999542236328,21.8700008392334,105.08999633789062,102.72000122070312
2025-04-15,201.0775451660156,20.58165168762207,99.00324249267578,51343900,51814700,13164900,203.50999450683594,199.8000030517578,22.93000030517578,22.1299991607666,105.41000366210938,103.0
2025-04-16,193.24891662597656,20.21477699279785,100.04994201660156,59732400,37641200,13607000,200.6999969482422,192.3699951171875,22.68000030517578,21.950000762939453,105.58999633789062,103.69999694824219
2025-04-17,195.94467163085935,20.306495666503903,102.67145538330078,52164700,54073700,17916500,198.8300018310547,194.4199981689453,22.549999237060547,22.100000381469727,108.55000305175781,104.45999908447266
2025-04-21,192.1447296142578,20.21477699279785,101.16384887695312,46742500,32021000,16926500,193.8000030517578,189.80999755859375,22.170000076293945,21.8700008392334,105.62999725341797,104.12000274658203
2025-04-22,198.690185546875,20.66419982910156,103.9966278076172,52976400,36052600,13147000,201.58999633789062,195.97000122070312,22.549999237060547,22.149999618530273,108.94000244140625,106.13999938964844
2025-04-23,203.5246124267578,20.535791397094727,103.10358428955078,52929200,50781000,14235700,208.0,202.8000030517578,23.059999465942383,22.239999771118164,109.30000305175781,106.47000122070312
2025-04-24,207.2748260498047,20.89349365234375,104.31350708007812,47311000,35009600,9849600,208.8300018310547,202.94000244140625,22.860000610351562,22.229999542236328,108.87999725341797,106.95999908447266
2025-04-25,208.18002319335935,21.021900177001953,104.25588989257812,38222300,35847700,11245800,209.75,206.1999969482422,23.110000610351562,22.479999542236328,108.76000213623047,107.41999816894531
2025-04-28,209.03550720214844,21.141132354736328,104.31350708007812,38743100,55888900,13890900,211.5,207.4600067138672,23.290000915527344,22.899999618530273,109.25,107.68000030517578
2025-04-29,210.09988403320312,21.81985092163086,104.05425262451172,36827600,98540200,9483100,212.24000549316406,208.3699951171875,24.1200008392334,22.459999084472656,108.83000183105469,107.5199966430664
2025-04-30,211.3831024169922,22.388505935668945,101.43270874023438,52286500,53941700,20379300,213.5800018310547,206.6699981689453,24.440000534057617,23.979999542236328,107.41999816894531,104.1500015258789
2025-05-01,212.19879150390625,21.948257446289062,101.5767593383789,57365700,46891700,18610300,214.55999755859375,208.89999389648438,24.329999923706055,23.799999237060547,106.91999816894531,104.9800033569336
2025-05-02,204.27069091796875,22.19590187072754,101.98966979980467,101010600,41685800,16581900,206.99000549316406,202.16000366210938,24.299999237060547,23.969999313354492,109.0,104.55000305175781
2025-05-05,197.8446350097656,21.893226623535156,99.16649627685548,69018500,40811800,19624000,204.10000610351562,198.2100067138672,24.25,23.850000381469727,104.66000366210938,103.06999969482422
2025-05-06,197.4666290283203,20.985212326049805,100.5492706298828,51216500,60872600,16303400,200.64999389648438,197.02000427246094,23.889999389648438,22.850000381469727,105.9800033569336,103.4800033569336
2025-05-07,195.2185211181641,20.902664184570312,100.4532470703125,68536700,48270500,12332200,199.44000244140625,193.25,23.09000015258789,22.719999313354492,105.29000091552734,104.06999969482422
2025-05-08,196.45199584960935,21.06775665283203,101.85523223876952,50478900,55669800,19196500,200.0500030517578,194.67999267578125,23.09000015258789,22.510000228881836,107.38999938964844,105.33999633789062
2025-05-09,197.4865264892578,20.824743270874023,103.04596710205078,36453900,39059800,10992100,200.5399932861328,197.5399932861328,22.600000381469727,22.260000228881836,107.75,106.37999725341797
2025-05-12,209.95704650878903,21.58183479309082,104.8224639892578,63775800,77480900,14244600,211.27000427246094,206.75,23.149999618530273,22.18000030517578,110.44000244140625,108.31999969482422
2025-05-13,212.08859252929688,21.376205444335938,105.11053466796876,51909300,41193200,13350800,213.39999389648438,209.0,22.979999542236328,22.489999771118164,110.51000213623047,109.0199966430664
2025-05-14,211.4909820556641,20.581724166870117,104.16947174072266,49325800,59394000,15494900,213.94000244140625,210.5800018310547,22.899999618530273,21.969999313354492,108.86000061035156,107.93000030517578
2025-05-15,210.6144561767578,21.12384033203125,105.22579956054688,45029500,51800100,15004300,212.9600067138672,209.5399932861328,22.600000381469727,22.09000015258789,108.6500015258789,105.97000122070312
2025-05-16,210.4252014160156,21.338817596435547,104.8478546142578,54737900,37786800,14042500,212.57000732421875,209.77000427246094,22.850000381469727,22.450000762939453,108.88999938964844,107.44999694824219
2025-05-19,207.9550018310547,21.49771499633789,103.18099212646484,46140500,31513700,16802700,209.47999572753906,204.25999450683594,23.030000686645508,22.639999389648438,107.56999969482422,105.72000122070312
2025-05-20,206.04258728027344,21.98374938964844,101.70793151855467,42496600,57047500,12429300,208.47000122070312,205.02999877929688,23.700000762939453,23.15999984741211,106.72000122070312,104.77999877929688
2025-05-21,201.29144287109375,21.53510284423828,100.4577865600586,59211800,42984700,16716100,207.0399932861328,200.7100067138672,23.479999542236328,23.040000915527344,104.97000122070312,103.63999938964844
2025-05-22,200.56431579589844,21.53510284423828,99.78910064697266,46742400,38602800,13417400,202.75,199.6999969482422,23.15999984741211,22.809999465942383,103.47000122070312,101.88999938964844
2025-05-23,194.49838256835935,21.796812057495117,99.84724426269533,78432900,35405400,12061600,197.6999969482422,193.4600067138672,23.389999389648438,22.8799991607666,103.47000122070312,102.06999969482422
2025-05-27,199.4188690185547,22.067869186401367,100.32210540771484,56288500,36155400,13043600,200.74000549316406,197.42999267578125,23.65999984741211,23.3700008392334,103.86000061035156,102.9000015258789
2025-05-28,199.62803649902344,21.665956497192383,98.95567321777344,45339700,36737200,14292400,202.72999572753906,199.89999389648438,23.639999389648438,23.110000610351562,104.43000030517578,101.79000091552734
2025-05-29,199.1598968505859,21.91832160949707,99.51775360107422,51396800,26091400,13825300,203.80999755859375,198.50999450683594,23.450000762939453,23.15999984741211,102.8499984741211,101.75
2025-05-30,200.0563507080078,21.95570945739746,99.13980865478516,70819900,56618600,28645800,201.9600067138672,196.77999877929688,23.6200008392334,23.15999984741211,102.38999938964844,101.19000244140625
2025-06-02,200.90298461914065,21.92766761779785,99.86663055419922,35423300,30443900,17290500,202.1300048828125,200.1199951171875,23.559999465942383,23.219999313354492,103.8499984741211,102.22000122070312
2025-06-03,202.46678161621097,21.824853897094727,100.59346771240234,46381600,37887100,19194300,203.77000427246094,200.9600067138672,23.540000915527344,23.059999465942383,104.66000366210938,102.20999908447266
2025-06-04,202.01853942871097,21.862239837646484,99.13980865478516,43604000,24500100,15648500,206.24000549316406,202.10000610351562,23.540000915527344,23.350000381469727,104.91999816894531,102.30000305175781
2025-06-05,199.8372039794922,21.609878540039062,98.684326171875,55126100,33173600,13924800,204.75,200.14999389648438,23.440000534057617,23.079999923706055,103.05000305175781,101.7300033569336
2025-06-06,203.11419677734375,21.824853897094727,101.04894256591795,46607700,30426200,15487800,205.6999969482422,202.0500030517578,23.579999923706055,23.25,104.5,102.68000030517578
2025-06-09,200.65396118164065,22.404356002807617,101.7273178100586,72862600,42542600,17087300,206.0,200.02000427246094,24.139999389648438,23.420000076293945,105.8499984741211,103.83000183105469
2025-06-10,201.869140625,22.712800979614254,103.90782165527344,54672600,40439200,17634800,204.35000610351562,200.57000732421875,24.420000076293945,23.959999084472656,107.6500015258789,105.93000030517578
2025-06-11,197.9945068359375,22.881044387817383,105.9332504272461,60989900,38558700,22648200,204.5,198.41000366210938,24.690000534057617,24.31999969482422,109.38999938964844,106.45999908447266
2025-06-12,198.4128570556641,23.217533111572266,106.34027862548828,43904600,42465400,17469400,199.67999267578125,197.36000061035156,24.8799991607666,24.530000686645508,110.19000244140625,108.22000122070312
2025-06-13,195.67372131347656,22.9371280670166,108.6564483642578,51447300,46368400,28540200,200.3699951171875,195.6999969482422,24.950000762939453,24.459999084472656,112.52999877929688,110.68000030517578
2025-06-16,197.6359405517578,22.8062686920166,109.00531768798828,43020700,35102100,22986100,198.69000244140625,196.55999755859375,24.59000015258789,24.280000686645508,113.16000366210938,111.12999725341797
2025-06-17,194.86691284179688,22.432397842407227,110.4783706665039,38856200,40408800,19451700,198.38999938964844,195.2100067138672,24.31999969482422,23.90999984741211,114.93000030517578,113.11000061035156
2025-06-18,195.80320739746097,22.320232391357425,109.69338989257812,45394700,37076200,17968900,197.57000732421875,195.07000732421875,24.079999923706055,23.770000457763672,115.23999786376953,112.94000244140625
2025-06-20,200.20574951171875,22.404356002807617,111.15674591064452,96813500,63098100,36273300,201.6999969482422,196.86000061035156,24.09000015258789,23.770000457763672,115.04000091552734,113.18000030517578
2025-06-23,200.70376586914065,22.460437774658203,108.2881851196289,55814300,31959100,26631100,202.3000030517578,198.9600067138672,24.09000015258789,23.770000457763672,116.94999694824219,111.16000366210938
2025-06-24,199.50851440429688,22.722148895263672,104.9932098388672,54064000,34404200,24828300,203.44000244140625,200.1999969482422,24.399999618530273,24.110000610351562,110.94000244140625,107.91000366210938
2025-06-25,200.76351928710935,22.6754150390625,105.02229309082033,39525700,25603300,17483200,203.6699981689453,200.6199951171875,24.3700008392334,24.06999969482422,109.23999786376953,107.69999694824219
2025-06-26,200.20574951171875,22.656719207763672,106.5922393798828,50799100,31835300,18304800,202.63999938964844,199.4600067138672,24.43000030517578,24.15999984741211,110.44000244140625,108.55000305175781
2025-06-27,200.2854461669922,22.6099853515625,106.00108337402344,73188600,39528800,22002100,203.22000122070312,200.0,24.420000076293945,24.079999923706055,110.0999984741211,108.37000274658203
2025-06-30,204.35926818847656,22.656719207763672,104.46990203857422,91912800,44730900,19199000,207.38999938964844,199.25999450683594,24.3799991607666,24.1200008392334,108.83999633789062,107.72000122070312
2025-07-01,206.9987945556641,23.404468536376953,105.86540985107422,78788900,59259900,15536900,210.19000244140625,206.13999938964844,25.350000381469727,24.260000228881836,109.63999938964844,107.1500015258789
2025-07-02,211.6005401611328,23.66617774963379,107.6195068359375,67941800,36772100,11892200,213.33999633789062,208.13999938964844,25.360000610351562,25.030000686645508,111.36000061035156,108.83000183105469
2025-07-03,212.7061462402344,23.722259521484375,108.73397064208984,34955800,27104600,11223600,214.64999389648438,211.80999755859375,25.520000457763672,25.219999313354492,112.47000122070312,110.62000274658203
2025-07-07,209.120361328125,23.591405868530273,107.67764282226562,50229000,34905900,15415900,216.22999572753906,208.8000030517578,25.530000686645508,25.139999389648438,112.05000305175781,110.22000122070312
2025-07-08,209.18014526367188,23.946582794189453,110.6624984741211,42848900,51275800,17913400,211.42999267578125,208.4499969482422,25.959999084472656,25.209999084472656,114.45999908447266,110.8499984741211
2025-07-09,210.30567932128903,23.890504837036133,110.28455352783205,48749400,38362200,10652100,211.3300018310547,207.22000122070312,25.84000015258789,25.34000015258789,114.2699966430664,113.2699966430664
2025-07-10,211.57066345214844,24.096134185791016,111.379638671875,44443600,39499200,14901700,213.47999572753906,210.02999877929688,26.049999237060547,25.540000915527344,115.2699966430664,113.06999969482422
2025-07-11,210.3255920410156,23.974624633789062,111.86419677734376,39765800,34864400,11683900,212.1300048828125,209.86000061035156,25.719999313354492,25.420000076293945,115.76000213623047,114.51000213623047
2025-07-14,207.79562377929688,23.6942195892334,110.40084075927734,38840100,25918000,13220300,210.91000366210938,207.5399932861328,25.6299991607666,25.34000015258789,115.2300033569336,113.22000122070312
2025-07-15,208.28370666503903,23.0025577545166,109.42204284667967,42296300,54458000,10959300,211.88999938964844,208.9199981689453,25.440000534057617,24.530000686645508,114.05999755859375,112.5999984741211
2025-07-16,209.3295440673828,23.0025577545166,108.76304626464844,47490500,44218200,11158900,212.39999389648438,208.63999938964844,24.959999084472656,24.530000686645508,113.5,112.0999984741211
2025-07-17,209.19009399414065,22.97451400756836,108.21065521240234,48068100,47393900,13151400,211.8000030517578,209.58999633789062,24.780000686645508,24.450000762939453,112.2300033569336,111.08999633789062
2025-07-18,210.3455047607422,22.8716983795166,104.4408187866211,48974600,36309400,32366600,211.7899932861328,209.6999969482422,24.780000686645508,24.389999389648438,111.7300033569336,107.33999633789062
2025-07-21,211.640380859375,22.6754150390625,104.71217346191406,51377400,33663400,17010400,215.77999877929688,211.6300048828125,24.649999618530273,24.260000228881836,108.7699966430664,107.44000244140625
2025-07-22,213.5527801513672,23.497936248779297,105.1870346069336,46404100,48091600,13970900,214.9499969482422,212.22999572753906,25.139999389648438,24.34000015258789,109.44000244140625,107.61000061035156
2025-07-23,213.3037872314453,23.70356559753418,106.53409576416016,46989300,42073300,12002700,215.14999389648438,212.41000366210938,25.530000686645508,25.25,110.0,108.8499984741211
2025-07-24,212.91531372070312,23.6942195892334,107.3675308227539,46022600,25672400,15647200,215.69000244140625,213.52999877929688,25.540000915527344,25.260000228881836,110.94999694824219,109.12999725341797
2025-07-25,213.03485107421875,23.570615768432617,106.98957824707033,40268800,35643400,10548900,215.24000549316406,213.39999389648438,24.969999313354492,24.6200008392334,110.9800033569336,109.69999694824219
2025-07-28,213.2041931152344,23.11422538757324,107.99745178222656,37858000,31096600,12353000,214.85000610351562,213.05999755859375,24.729999542236328,24.239999771118164,112.11000061035156,110.83999633789062
2025-07-29,210.43516540527344,23.10471534729004,109.39295959472656,51411700,38499800,15928000,214.80999755859375,210.82000732421875,24.329999923706055,23.93000030517578,113.0,111.41000366210938
2025-07-30,208.2239227294922,22.638818740844727,108.44324493408205,45512500,35649500,12996900,212.38999938964844,207.72000122070312,24.399999618530273,23.799999237060547,112.61000061035156,111.26000213623047
2025-07-31,206.74978637695312,22.144397735595703,108.19126892089844,80698400,62768300,17233700,209.83999633789062,207.16000366210938,23.84000015258789,23.139999389648438,112.5,110.36000061035156
2025-08-01,201.58029174804688,22.33456039428711,106.25305938720705,104434500,51332700,19652000,213.5800018310547,201.5,23.520000457763672,23.110000610351562,112.54000091552734,108.86000061035156
2025-08-04,202.5464630126953,22.37259292602539,104.05318450927734,75109300,57010700,19129500,207.8800048828125,201.67999267578125,23.68000030517578,23.399999618530273,109.91999816894531,107.08999633789062
2025-08-05,202.11814880371097,23.532581329345703,103.9272003173828,44155100,113955100,21314300,205.33999633789062,202.16000366210938,24.889999389648438,24.270000457763672,107.81999969482422,106.06999969482422
2025-08-06,212.40733337402344,22.75291633605957,103.2197494506836,108483100,65689200,15321800,215.3800048828125,205.58999633789062,24.709999084472656,23.860000610351562,109.05000305175781,106.37000274658203
2025-08-07,219.16053771972656,23.038158416748047,102.6770477294922,90224800,45494400,13468300,220.85000610351562,216.5800018310547,24.469999313354492,23.940000534057617,108.05999755859375,105.88999938964844
2025-08-08,228.44371032714844,23.37094497680664,103.50079345703124,113854000,36377000,14417700,231.0,219.25,24.610000610351562,24.15999984741211,107.51000213623047,105.94999694824219
2025-08-11,226.53909301757812,23.37094497680664,102.56075286865234,61806100,38115700,13570700,229.55999755859375,224.75999450683594,24.920000076293945,24.530000686645508,107.52999877929688,105.52999877929688
2025-08-12,229.0021209716797,23.437501907348633,102.85147857666016,55626200,34402700,14109400,230.8000030517578,227.07000732421875,24.770000457763672,24.469999313354492,107.27999877929688,105.77999877929688
2025-08-13,232.6717529296875,23.92241477966309,104.27606964111328,69878500,40176500,17958700,235.0,230.42999267578125,25.200000762939453,24.739999771118164,107.5999984741211,105.73999786376953
2025-08-14,232.123291015625,23.874876022338867,104.0628662109375,51916300,32514000,13683500,235.1199951171875,230.85000610351562,25.18000030517578,24.81999969482422,107.58999633789062,106.44000244140625
2025-08-15,230.9366455078125,23.903398513793945,104.16068267822266,56038700,31844800,19271900,234.27999877929688,229.33999633789062,25.299999237060547,24.969999313354492,107.55999755859375,105.94999694824219
2025-08-18,230.23863220214844,23.836841583251953,104.38565826416016,37476200,35623300,13040000,233.1199951171875,230.11000061035156,25.229999542236328,25.010000228881836,107.2300033569336,105.66999816894531
2025-08-19,229.90956115722656,24.074542999267575,105.07034301757812,39402600,29170500,16113600,232.8699951171875,229.35000610351562,25.43000030517578,25.100000381469727,107.45999908447266,106.1500015258789
2025-08-20,225.3723907470703,24.131591796875,106.15605926513672,42263900,38111000,18959700,230.47000122070312,225.77000427246094,25.690000534057617,25.34000015258789,109.33000183105469,107.68000030517578
2025-08-21,224.2655334472656,24.47388458251953,106.84075164794922,30621200,37068100,12194900,226.52000427246094,223.77999877929688,25.889999389648438,25.3700008392334,109.56999969482422,107.95999908447266
2025-08-22,227.11746215820312,24.606998443603516,108.8459014892578,42477800,34560500,13586700,229.08999633789062,225.41000366210938,26.110000610351562,25.760000228881836,111.41000366210938,109.5999984741211
2025-08-25,226.51914978027344,23.903398513793945,109.29583740234376,30983100,32684200,9744900,229.3000030517578,226.22999572753906,25.889999389648438,25.110000610351562,111.91999816894531,110.54000091552734
2025-08-26,228.6630859375,23.6942195892334,109.05130767822266,54575100,43938700,18143900,229.49000549316406,224.69000244140625,25.239999771118164,24.8700008392334,111.80999755859375,110.36000061035156
2025-08-27,229.8397674560547,23.836841583251953,110.28376007080078,31259500,31840300,15262600,230.89999389648438,228.25999450683594,25.170000076293945,24.850000381469727,112.9800033569336,111.41999816894531
2025-08-28,231.9039306640625,23.38995933532715,110.87063598632812,38074700,44306800,14189800,233.41000366210938,229.33999633789062,25.06999969482422,24.510000228881836,113.6500015258789,112.06999969482422
2025-08-29,231.485107421875,23.542091369628903,111.7900619506836,39418400,37030000,14597900,233.3800048828125,231.3699951171875,24.8799991607666,24.510000228881836,114.79000091552734,113.58000183105469
2025-09-02,229.0719451904297,23.75126838684082,112.18132019042967,44075600,44725000,15206700,230.85000610351562,226.97000122070312,25.06999969482422,24.709999084472656,115.23999786376953,113.33000183105469
2025-09-03,237.79725646972656,23.570615768432617,109.46212768554688,66427800,30957600,14920100,238.85000610351562,234.36000061035156,25.1200008392334,24.719999313354492,114.43000030517578,111.45999908447266
2025-09-04,239.10354614257812,23.33291244506836,109.94140625,47549400,41695500,12864400,239.89999389648438,236.74000549316406,24.780000686645508,24.350000381469727,113.12999725341797,111.37999725341797
2025-09-05,239.0137939453125,23.656187057495117,106.84075164794922,54870400,34613200,16826700,241.32000732421875,238.49000549316406,24.889999389648438,24.510000228881836,111.77999877929688,109.0199966430664
2025-09-08,237.2089080810547,23.342418670654297,107.44718170166016,48999500,49242900,15440500,240.14999389648438,236.33999633789062,24.969999313354492,24.309999465942383,110.05000305175781,108.3499984741211
2025-09-09,233.6888732910156,23.494548797607425,108.2296905517578,66313900,32751300,14899500,238.77999877929688,233.36000061035156,24.790000915527344,24.510000228881836,112.51000213623047,110.52999877929688
2025-09-10,226.1501922607422,23.36143493652344,110.03923034667967,83440800,32975900,15837600,232.4199981689453,225.9499969482422,24.649999618530273,24.450000762939453,112.55999755859375,110.83999633789062
2025-09-11,229.3810577392578,23.637170791625977,109.68710327148438,50208600,36784100,11534500,230.4499969482422,226.64999389648438,24.860000610351562,24.540000915527344,112.7699966430664,110.87000274658203
2025-09-12,233.40966796875,22.69586753845215,109.70665740966795,55824200,81378200,11105700,234.50999450683594,229.02000427246094,24.84000015258789,23.84000015258789,113.22000122070312,111.87999725341797
2025-09-15,236.0322265625,22.79094886779785,109.89250183105467,42699500,50760200,12880500,238.19000244140625,235.02999877929688,24.1200008392334,23.68000030517578,112.45999908447266,111.31999969482422
2025-09-16,237.4781494140625,22.72439193725586,112.17153930664062,63421100,57010800,17208000,241.22000122070312,236.32000732421875,24.219999313354492,23.8700008392334,115.31999969482422,112.77999877929688
2025-09-17,238.3157958984375,22.867013931274418,112.76820373535156,46508000,46351600,13302000,240.10000610351562,237.72999572753906,24.389999389648438,23.899999618530273,115.48999786376953,114.05000305175781
2025-09-18,237.2089080810547,22.962093353271484,111.4379425048828,44249600,34419000,14628700,241.1999969482422,236.64999389648438,24.239999771118164,23.959999084472656,115.3499984741211,113.4000015258789
2025-09-19,244.8074188232422,22.847997665405273,110.35221862792967,163741300,86577600,38746500,246.3000030517578,240.2100067138672,24.25,23.81999969482422,113.9800033569336,112.63999938964844
2025-09-22,255.35755920410156,22.857505798339844,109.56971740722656,105517400,67863300,15611500,256.6400146484375,248.1199951171875,24.799999237060547,24.030000686645508,112.80000305175781,111.55999755859375
2025-09-23,253.71221923828125,22.943078994750977,111.45750427246094,60275200,38955200,25369100,257.3399963378906,253.5800018310547,24.360000610351562,24.049999237060547,114.75,112.4800033569336
2025-09-24,251.59820556640625,22.905046463012695,112.05416107177734,42303700,39669400,14756100,255.74000549316406,251.0399932861328,24.18000030517578,23.979999542236328,115.76000213623047,114.47000122070312
2025-09-25,256.14532470703125,22.439149856567383,113.06163024902344,55202100,56738300,15012600,257.1700134277344,251.7100067138672,24.149999618530273,23.579999923706055,115.9000015258789,114.41000366210938
2025-09-26,254.73931884765625,22.591279983520508,114.65597534179688,46076300,33374500,18568900,257.6000061035156,253.77999877929688,23.809999465942383,23.610000610351562,118.36000061035156,115.91999816894531
2025-09-29,253.71221923828125,22.676851272583008,111.72160339355467,40127700,39184300,19189300,255.0,253.00999450683594,23.860000610351562,23.639999389648438,116.5,113.66999816894531
2025-09-30,253.9116668701172,24.226675033569336,110.28376007080078,37704300,164867300,18076200,255.9199981689453,253.11000061035156,25.6299991607666,23.809999465942383,113.48999786376953,111.94000244140625
2025-10-01,254.72933959960935,25.8715763092041,109.54037475585938,48713900,150879900,16614000,258.7900085449219,254.92999267578125,27.450000762939453,25.579999923706055,113.0199966430664,111.29000091552734
2025-10-02,256.40460205078125,25.747970581054688,108.8556900024414,42630200,69684100,13062600,258.17999267578125,254.14999389648438,27.170000076293945,26.6200008392334,113.08999633789062,111.02999877929688
2025-10-03,257.2920837402344,26.02370834350586,110.78260040283205,49155600,70524000,12950100,259.239990234375,253.9499969482422,27.690000534057617,27.040000915527344,113.75,111.9000015258789
2025-10-06,255.96583557128903,25.129945755004883,111.70203399658205,44664100,62945600,12036800,259.07000732421875,255.0500030517578,27.360000610351562,26.389999389648438,114.7699966430664,113.18000030517578
2025-10-07,255.75645446777344,24.97781562805176,111.76072692871094,31955800,47744200,11945000,257.3999938964844,255.42999267578125,26.579999923706055,26.049999237060547,114.51000213623047,111.73999786376953
2025-10-08,257.3320007324219,24.41683578491211,111.52597045898438,36496900,48693300,12301000,258.5199890136719,256.1099853515625,26.5,25.6299991607666,115.01000213623047,113.41000366210938
2025-10-09,253.32330322265625,23.99847984313965,110.44026184082033,38322000,47278700,10976200,258.0,253.13999938964844,25.899999618530273,25.209999084472656,115.51000213623047,112.73999786376953
2025-10-10,244.57806396484375,23.561105728149418,108.30793762207033,61999100,64963900,13811600,256.3800048828125,244.0,25.420000076293945,24.6200008392334,112.62000274658203,110.70999908447266
2025-10-13,246.9613342285156,23.51356506347656,109.78490447998048,38142900,45356600,10296500,249.69000244140625,245.55999755859375,24.950000762939453,24.610000610351562,112.30000305175781,111.31999969482422
2025-10-14,247.07101440429688,23.31389617919922,109.83380889892578,35478000,42277000,11167200,248.85000610351562,244.6999969482422,24.790000915527344,24.479999542236328,112.95999908447266,110.70999908447266
2025-10-15,248.63658142089844,23.190290451049805,109.16868591308594,33893600,47729800,12182900,251.82000732421875,247.47000122070312,24.579999923706055,24.209999084472656,113.56999969482422,110.97000122070312
2025-10-16,246.75192260742188,23.038158416748047,108.21990966796876,39777000,44390000,11782200,249.0399932861328,245.1300048828125,24.610000610351562,24.209999084472656,112.19000244140625,110.38999938964844
2025-10-17,251.5782470703125,23.304386138916016,109.78490447998048,49147000,40101900,13460100,253.3800048828125,247.27000427246094,24.530000686645508,24.15999984741211,112.91000366210938,111.18000030517578
2025-10-20,261.50018310546875,23.47553253173828,110.2348403930664,90483000,35856800,9523600,264.3800048828125,255.6300048828125,24.729999542236328,24.510000228881836,113.1500015258789,111.9800033569336
2025-10-21,262.0286560058594,23.627662658691406,110.24462890625,46695900,40726900,9202300,265.2900085449219,261.8299865722656,24.959999084472656,24.600000381469727,113.36000061035156,111.98999786376953
2025-10-22,257.72088623046875,23.50405502319336,112.2008819580078,45015300,48662900,12938800,262.8500061035156,255.42999267578125,24.93000030517578,24.6200008392334,115.18000030517578,113.08000183105469
2025-10-23,258.84765625,23.45651626586914,113.44310760498048,32754900,34219900,15001100,260.6199951171875,258.010009765625,24.780000686645508,24.510000228881836,116.8499984741211,115.36000061035156
2025-10-24,262.0785827636719,23.542091369628903,112.86600494384766,38253700,27429200,9919400,264.1300048828125,259.17999267578125,24.829999923706055,24.68000030517578,116.47000122070312,115.18000030517578
2025-10-27,268.0516662597656,23.551597595214844,113.40397644042967,44888200,34974900,10975400,269.1199951171875,264.6499938964844,24.799999237060547,24.6299991607666,115.98999786376953,115.0999984741211
2025-10-28,268.2411193847656,23.29487991333008,112.51387786865234,41534800,50152400,9535200,269.8900146484375,268.1499938964844,24.780000686645508,24.3799991607666,116.18000030517578,114.98999786376953
2025-10-29,268.93914794921875,23.095211029052734,113.9028091430664,51086700,65438400,12570600,271.4100036621094,267.1099853515625,24.6299991607666,24.229999542236328,117.05000305175781,114.80999755859375
2025-10-30,270.63433837890625,23.095211029052734,112.18132019042967,69886500,157478000,16172900,274.1400146484375,268.4800109863281,24.700000762939453,24.149999618530273,116.5199966430664,114.52999877929688
2025-10-31,269.6072692871094,23.437501907348633,111.85853576660156,86167100,132697400,20213400,277.32000732421875,269.1600036621094,24.729999542236328,24.15999984741211,115.2300033569336,112.62000274658203
2025-11-03,268.29095458984375,23.447010040283203,111.27166748046876,50194600,140871300,12290300,270.8500061035156,266.25,24.75,24.40999984741211,114.98999786376953,113.63999938964844
2025-11-04,269.2781982421875,23.10471534729004,111.64334869384766,49274800,166162000,16860700,271.489990234375,267.6199951171875,25.200000762939453,24.200000762939453,114.3499984741211,112.51000213623047
2025-11-05,269.3779296875,23.399471282958984,111.19342041015624,43683100,107240900,12400900,271.70001220703125,266.92999267578125,24.670000076293945,24.15999984741211,115.18000030517578,113.66999816894531
2025-11-06,269.0089416503906,23.627662658691406,111.9954833984375,51204000,124137200,14219700,273.3999938964844,267.8900146484375,25.1299991607666,24.540000915527344,114.94000244140625,113.63999938964844
2025-11-07,267.7126159667969,23.637338638305664,114.65597534179688,48227400,117794500,17181100,272.2900085449219,266.7699890136719,24.6299991607666,24.110000610351562,117.51000213623047,114.9000015258789
2025-11-10,268.93035888671875,23.598636627197266,115.63410949707033,41312400,148958600,13048000,273.7300109863281,267.4599914550781,24.889999389648438,23.90999984741211,118.44999694824219,115.45999908447266
2025-11-11,274.73956298828125,24.682296752929688,117.15998077392578,46208300,139673800,16077100,275.9100036621094,269.79998779296875,25.510000228881836,24.440000534057617,120.80999755859375,118.83000183105469
2025-11-12,272.9628601074219,25.030616760253903,115.53629302978516,48398000,96008000,13790900,275.7300109863281,271.70001220703125,25.950000762939453,25.25,119.27999877929688,117.79000091552734
2025-11-13,272.44384765625,24.95321273803711,116.19164276123048,49602800,123083100,17291900,276.70001220703125,272.0899963378906,26.479999542236328,25.670000076293945,119.76000213623047,118.27999877929688
2025-11-14,271.9048156738281,24.246896743774418,117.70126342773438,47431300,96507600,17064300,275.9599914550781,269.6000061035156,25.770000457763672,24.969999313354492,119.4800033569336,116.66000366210938
2025-11-17,266.9639892578125,24.26624870300293,116.11270141601562,45018300,88042200,16034900,270.489990234375,265.7300109863281,25.56999969482422,24.950000762939453,119.5,117.11000061035156
2025-11-18,266.9440612792969,24.624244689941406,117.44471740722656,45677300,66511800,15808500,270.7099914550781,265.32000732421875,25.510000228881836,24.979999542236328,119.4800033569336,116.4800033569336
2025-11-19,268.06195068359375,24.072736740112305,115.78709411621094,40424500,62000200,15919200,272.2099914550781,265.5,25.5,24.719999313354492,118.18000030517578,115.93000030517578
2025-11-20,265.7562561035156,23.60831069946289,115.46148681640624,45823600,51983200,14401000,275.42999267578125,265.9200134277344,25.0,24.280000686645508,119.01000213623047,116.73999786376953
2025-11-21,270.98651123046875,24.22754669189453,115.52069091796876,59030800,73079400,15667600,273.3299865722656,265.6700134277344,25.520000457763672,24.59000015258789,117.37999725341797,115.6500015258789
2025-11-24,275.4083251953125,24.40170669555664,114.42547607421876,65585800,63074900,18034900,277.0,270.8999938964844,25.469999313354492,25.049999237060547,117.19999694824219,114.73999786376953
2025-11-25,276.4563903808594,24.885482788085938,112.98491668701172,46914200,39130300,14434600,280.3800048828125,275.25,25.969999313354492,25.360000610351562,115.9000015258789,114.19000244140625
2025-11-26,277.0352783203125,24.87580680847168,113.241455078125,33431400,33461000,11650600,279.5299987792969,276.6300048828125,25.809999465942383,25.579999923706055,115.73999786376953,114.30999755859375
2025-11-28,278.3328857421875,24.90483283996582,114.37613677978516,20135600,22627600,7240800,279.0,275.989990234375,25.860000610351562,25.65999984741211,118.73999786376953,114.81999969482422
2025-12-01,282.57501220703125,24.450084686279297,115.0766830444336,46587700,53198600,12658100,283.4200134277344,276.1400146484375,25.940000534057617,25.229999542236328,117.41000366210938,116.0999984741211
2025-12-02,285.6592712402344,24.33397674560547,113.84333038330078,53669500,43827000,14607700,287.3999938964844,282.6300048828125,25.31999969482422,25.040000915527344,116.5999984741211,114.69000244140625
2025-12-03,283.623046875,24.74034881591797,116.2311019897461,43538700,56121200,16819100,288.6199951171875,283.29998779296875,25.889999389648438,25.299999237060547,117.9800033569336,115.87999725341797
2025-12-04,280.179443359375,24.866130828857425,115.57988739013672,43989100,35454000,13686900,284.7300109863281,278.5899963378906,25.739999771118164,25.350000381469727,118.33999633789062,116.66000366210938
2025-12-05,278.26300048828125,25.1854248046875,114.9878921508789,47265800,47443700,12516900,281.1400146484375,278.04998779296875,26.1200008392334,25.639999389648438,118.77999877929688,116.41000366210938
2025-12-08,277.3746643066406,24.933860778808594,114.43534088134766,38211800,45209300,14904200,279.6700134277344,276.1499938964844,26.190000534057617,25.760000228881836,117.0,115.04000091552734
2025-12-09,276.66595458984375,24.508136749267575,116.67510986328124,32193300,43483800,23790800,280.0299987792969,276.9200134277344,26.1299991607666,25.1299991607666,120.47000122070312,116.88999938964844
2025-12-10,278.26300048828125,24.94353675842285,117.94792938232422,33038300,43635400,19845200,279.75,276.44000244140625,25.790000915527344,25.219999313354492,119.87000274658203,118.37000274658203
2025-12-11,277.514404296875,24.962886810302734,117.94792938232422,33248000,35570200,14781800,279.5899963378906,273.80999755859375,26.040000915527344,25.610000610351562,120.36000061035156,119.06999969482422
2025-12-12,277.7639465332031,25.01126480102539,117.23751831054688,39532900,51599700,14459500,279.2200012207031,276.82000732421875,26.040000915527344,25.719999313354492,119.91999816894531,118.30999755859375
2025-12-15,273.6016540527344,25.572446823120117,116.19164276123048,50409100,60360000,16358700,280.1499938964844,272.8399963378906,26.649999618530273,25.809999465942383,119.02999877929688,116.8499984741211
2025-12-16,274.1007385253906,24.701648712158203,113.15265655517578,37648600,111695500,17638700,275.5,271.7900085449219,26.510000228881836,24.920000076293945,116.83999633789062,114.61000061035156
2025-12-17,271.33587646484375,24.22754669189453,115.84630584716795,50138700,61255300,18502200,276.1600036621094,271.6400146484375,25.489999771118164,25.030000686645508,117.62000274658203,115.16999816894531
2025-12-18,271.68524169921875,24.22754669189453,114.9878921508789,51630700,47062500,13705600,273.6300048828125,266.95001220703125,25.229999542236328,24.979999542236328,116.98999786376953,115.62999725341797
2025-12-19,273.1625061035156,24.3726806640625,115.1358871459961,144632000,87590000,45412800,274.6000061035156,269.8999938964844,25.520000457763672,24.979999542236328,117.56999969482422,115.95999908447266
2025-12-22,270.4674987792969,24.39202880859375,116.57644653320312,36571800,38758900,11768600,273.8800048828125,270.510009765625,25.399999618530273,25.1299991607666,118.45999908447266,117.33999633789062
2025-12-23,271.85491943359375,24.072736740112305,117.82952880859376,29642000,43692900,12567600,272.5,269.55999755859375,25.34000015258789,24.829999923706055,120.02999877929688,118.31999969482422
2025-12-24,273.3022155761719,24.217872619628903,117.63218688964844,17910600,19328500,6137400,275.42999267578125,272.20001220703125,25.139999389648438,24.90999984741211,120.05000305175781,119.12000274658203
2025-12-26,272.8929748535156,24.275922775268555,117.5236587524414,21521800,21617800,8066100,275.3699951171875,272.8599853515625,25.110000610351562,24.920000076293945,119.55000305175781,118.52999877929688
2025-12-29,273.2523498535156,24.188844680786133,118.92474365234376,23715200,33067700,14782500,274.3599853515625,272.3500061035156,25.200000762939453,24.969999313354492,121.30000305175781,119.4000015258789
2025-12-30,272.5735778808594,24.179168701171875,119.3786163330078,22139600,28821700,11150500,274.0799865722656,272.2799987792969,25.049999237060547,24.920000076293945,121.80000305175781,120.62999725341797
2025-12-31,271.3558349609375,24.09208869934082,118.73727416992188,27293600,29409200,10559900,273.67999267578125,271.75,25.020000457763672,24.8799991607666,121.26000213623047,119.87000274658203
2026-01-02,270.5074157714844,24.36300468444824,121.01651763916016,37838100,35976700,14175100,277.8399963378906,269.0,25.299999237060547,24.829999923706055,122.68000030517578,119.61000061035156
2026-01-05,266.7643737792969,24.35332679748535,123.69042205810548,45647200,52620900,30112200,271.510009765625,266.1400146484375,25.399999618530273,24.950000762939453,125.93000030517578,122.38999938964844
2026-01-06,261.8734436035156,24.60489273071289,119.43782043457033,52352100,50977300,23328600,267.54998779296875,262.1199951171875,26.010000228881836,25.190000534057617,125.80000305175781,121.0
2026-01-07,259.8471984863281,24.45975875854492,116.9119110107422,48309800,51395800,20353000,263.67999267578125,259.80999755859375,25.809999465942383,25.139999389648438,120.12000274658203,118.2699966430664
2026-01-08,258.55963134765625,24.469436645507812,121.27305603027344,50419300,42977300,20232700,259.2900085449219,255.6999969482422,25.559999465942383,25.1200008392334,123.62999725341797,118.66000366210938
2026-01-09,258.8890075683594,24.653270721435547,122.95040893554688,39997000,34190200,16137700,260.2099914550781,256.2200012207031,25.549999237060547,25.229999542236328,124.86000061035156,123.0999984741211
2026-01-12,259.76739501953125,24.450084686279297,122.3781280517578,45263800,50256300,15314900,261.29998779296875,256.79998779296875,25.770000457763672,25.09000015258789,124.5,122.55999755859375
2026-01-13,260.5658874511719,24.33397674560547,124.85469818115234,45730800,47656100,21619700,261.80999755859375,258.3900146484375,25.389999389648438,24.969999313354492,127.13999938964844,124.80999755859375
2026-01-14,259.4779052734375,24.750024795532227,128.4659423828125,40019400,53738100,27593900,261.82000732421875,256.7099914550781,25.709999084472656,25.200000762939453,131.72000122070312,127.12999725341797
2026-01-15,257.73114013671875,25.049964904785156,127.41020965576172,39388600,55263200,17400000,261.0400085449219,257.04998779296875,25.889999389648438,25.25,130.1999969482422,128.3000030517578
2026-01-16,255.05613708496097,24.81775283813477,128.1600799560547,72142800,59470600,16592400,258.8999938964844,254.92999267578125,25.889999389648438,25.549999237060547,130.16000366210938,128.8699951171875
2026-01-20,246.2425079345703,24.691972732543945,128.72250366210938,80267500,55425400,16477300,254.7899932861328,243.4199981689453,25.649999618530273,25.09000015258789,131.94000244140625,130.07000732421875
2026-01-21,247.1907501220703,25.049964904785156,131.83055114746094,54641700,47264100,18879900,251.55999755859375,245.17999267578125,25.920000076293945,25.3799991607666,133.72999572753906,131.91000366210938
2026-01-22,247.8894500732422,25.25315284729004,131.8601531982422,39708300,49883900,16600100,251.0,248.14999389648438,26.309999465942383,25.75,134.17999267578125,131.85000610351562
2026-01-23,247.58001708984375,25.233476638793945,133.17242431640625,41689000,45402300,17758200,249.41000366210938,244.67999267578125,25.690000534057617,25.510000228881836,135.97999572753906,134.47999572753906
2026-01-26,254.9363555908203,25.459741592407227,133.0441436767578,55969200,41441900,16056100,256.55999755859375,249.8000030517578,25.920000076293945,25.600000381469727,136.94000244140625,134.1699981689453
2026-01-27,257.791015625,26.06967544555664,135.00765991210938,49648300,75575400,14517000,261.95001220703125,258.2099914550781,26.829999923706055,25.899999618530273,136.92999267578125,134.7100067138672
2026-01-28,255.96446228027344,25.44006729125977,135.74766540527344,41288000,44976700,15637300,258.8599853515625,254.50999450683594,26.389999389648438,25.760000228881836,138.00999450683594,136.6699981689453
2026-01-29,257.801025390625,25.676170349121097,138.63864135742188,67253000,44373800,35760600,259.6499938964844,254.41000366210938,26.229999542236328,25.8799991607666,142.33999633789062,139.11000061035156
2026-01-30,258.9988098144531,26.010648727416992,139.51678466796875,92443400,51599400,29657700,261.8999938964844,252.17999267578125,26.469999313354492,25.899999618530273,142.2100067138672,137.8300018310547
2026-02-02,269.5093078613281,26.227075576782227,136.55674743652344,73913400,52129500,27735600,270.489990234375,259.2099914550781,26.690000534057617,26.350000381469727,140.32000732421875,138.05999755859375
2026-02-03,268.98028564453125,25.35153007507324,141.81576538085938,64394700,91964900,37577800,271.8800048828125,267.6099853515625,26.110000610351562,25.260000228881836,145.00999450683594,138.30999755859375
2026-02-04,275.97723388671875,26.345129013061523,145.6243438720703,90545700,83025800,29426200,278.95001220703125,272.2900085449219,26.979999542236328,25.860000610351562,147.83999633789062,144.1199951171875
2026-02-05,275.3983459472656,26.059837341308594,144.13446044921875,52977400,72650700,18431700,279.5,273.2300109863281,27.190000534057617,26.459999084472656,146.72999572753906,143.8000030517578
2026-02-06,277.6042175292969,26.777982711791992,147.06491088867188,50453400,50691600,17216000,280.9100036621094,276.92999267578125,27.3700008392334,26.520000457763672,149.57000732421875,146.08999633789062
2026-02-09,274.3672180175781,26.610742568969727,149.19615173339844,44623400,49288200,21297300,278.20001220703125,271.70001220703125,27.3700008392334,26.790000915527344,151.5500030517578,148.6300048828125
2026-02-10,273.4280700683594,27.161649703979492,149.57107543945312,34376900,43760600,15800300,275.3699951171875,272.94000244140625,27.729999542236328,27.09000015258789,151.77999877929688,149.82000732421875
2026-02-11,275.24639892578125,27.279701232910156,153.4882049560547,51931300,41699300,23091500,280.17999267578125,274.45001220703125,27.940000534057617,27.309999465942383,156.92999267578125,153.57000732421875
2026-02-12,261.4891052246094,27.023921966552734,148.91920471191406,81077200,58805100,30652500,275.7200012207031,260.17999267578125,27.889999389648438,27.40999984741211,155.25,149.8800048828125
2026-02-13,255.5445556640625,27.132137298583984,147.44918823242188,56290700,36986700,20166000,262.2300109863281,255.4499969482422,27.940000534057617,27.549999237060547,151.66000366210938,147.97999572753906
2026-02-17,263.6371154785156,26.925548553466797,145.20443725585938,58469100,32119900,19766600,266.2900085449219,255.5399932861328,27.8700008392334,27.200000762939453,149.1300048828125,145.14999389648438
2026-02-18,264.106689453125,26.925548553466797,149.66415405273438,34203300,24779800,19849700,266.82000732421875,262.45001220703125,27.479999542236328,27.209999084472656,150.97999572753906,147.61000061035156
2026-02-19,260.3401184082031,26.423830032348633,149.95220947265625,30845300,40316800,20305000,264.4800109863281,260.04998779296875,27.399999618530273,26.579999923706055,153.3800048828125,150.83999633789062
2026-02-20,264.3364562988281,26.217239379882812,146.28707885742188,42070500,44786900,25908600,264.75,258.1600036621094,26.780000686645508,26.360000610351562,150.80999755859375,146.4600067138672
2026-02-23,265.9349670410156,26.620580673217773,149.74362182617188,37308200,34166100,16073100,269.42999267578125,263.3800048828125,27.110000610351562,26.5,151.27000427246094,148.1300048828125
2026-02-24,271.8895263671875,26.699281692504883,148.25372314453125,47014600,34686100,14185500,274.8900146484375,267.7099914550781,27.420000076293945,27.079999923706055,150.72000122070312,148.02999877929688
2026-02-25,273.97760009765625,26.65009498596191,148.05508422851562,33714300,32680300,15225700,274.94000244140625,271.04998779296875,27.290000915527344,26.729999542236328,150.17999267578125,147.3300018310547
2026-02-26,272.6987609863281,26.659931182861328,147.53857421875,32345100,30508300,15632100,276.1099853515625,270.79998779296875,27.270000457763672,26.8700008392334,150.9600067138672,146.77000427246094
2026-02-27,263.93682861328125,27.201000213623047,151.47189331054688,72366500,41879700,30275100,272.80999755859375,262.8900146484375,27.670000076293945,27.09000015258789,153.64999389648438,149.25
2026-03-02,264.476318359375,26.817333221435547,153.1802978515625,41827900,41321700,31493100,266.5299987792969,260.20001220703125,27.610000610351562,27.170000076293945,159.61000061035156,153.02999877929688
2026-03-03,263.5072326660156,26.14837646484375,150.80641174316406,38568900,41486100,25198900,265.55999755859375,260.1300048828125,26.950000762939453,26.350000381469727,156.0500030517578,150.3000030517578
2026-03-04,262.2783508300781,26.187726974487305,148.80996704101562,39803100,30893500,16764800,266.1499938964844,261.4200134277344,26.780000686645508,26.350000381469727,151.16000366210938,147.86000061035156
2026-03-05,260.0504150390625,26.177888870239254,149.74362182617188,49658600,38908600,22969300,261.55999755859375,257.25,26.709999084472656,26.200000762939453,152.3300018310547,149.47000122070312
2026-03-06,257.2229919433594,26.610742568969727,150.1905975341797,41120000,53181800,21136400,258.7699890136719,254.3699951171875,27.1299991607666,26.229999542236328,153.8000030517578,149.9600067138672
2026-03-09,259.6407775878906,26.3746395111084,149.42578125,38218500,42789500,25532700,261.1499938964844,253.67999267578125,27.110000610351562,26.360000610351562,153.88999938964844,149.47000122070312
2026-03-10,260.58990478515625,26.718957901000977,147.13136291503906,30590800,42814600,19617600,262.4800109863281,256.95001220703125,27.290000915527344,26.520000457763672,150.39999389648438,147.6999969482422
2026-03-11,260.5699157714844,26.8566837310791,150.55809020996094,26218900,40560100,15297400,262.1300048828125,259.54998779296875,27.40999984741211,27.0,151.80999755859375,147.66000366210938
2026-03-12,255.52456665039065,26.423830032348633,152.4949493408203,40794000,38542800,26054000,258.95001220703125,254.17999267578125,27.1200008392334,26.6299991607666,155.0,151.6300048828125
2026-03-13,249.8897705078125,26.14837646484375,155.06747436523438,36930000,34270800,22414100,256.3299865722656,249.52000427246094,27.280000686645508,26.579999923706055,156.88999938964844,152.97999572753906
2026-03-16,252.58729553222656,26.177888870239254,156.1699981689453,32074200,28551500,22835600,253.88999938964844,249.8800048828125,26.889999389648438,26.520000457763672,157.77999877929688,154.75999450683594
2026-03-17,253.99598693847656,27.004249572753903,157.73934936523438,32361600,60097500,21592200,255.1300048828125,252.17999267578125,27.760000228881836,26.81999969482422,160.4499969482422,156.8000030517578
2026-03-18,249.70994567871097,26.87635803222656,156.52757263183594,35757900,47478300,18947100,254.94000244140625,249.0,27.3799991607666,26.84000015258789,160.17999267578125,157.52999877929688
2026-03-19,248.73085021972656,26.96489715576172,157.09373474121094,34864100,47939600,27082700,251.8300018310547,247.3000030517578,27.729999542236328,27.25,159.55999755859375,154.83999633789062
2026-03-20,247.76173400878903,26.532041549682617,158.5935516357422,88331100,66805700,53942100,249.1999969482422,246.0,27.549999237060547,26.799999237060547,162.44000244140625,159.10000610351562
2026-03-23,251.25851440429688,26.335290908813477,160.04371643066406,40546100,42945200,25021300,254.60000610351562,250.27999877929688,27.190000534057617,26.6299991607666,161.4199981689453,155.02000427246094
2026-03-24,251.4083709716797,26.52220344543457,164.2650604248047,45152300,35605300,26131800,254.8300018310547,249.5500030517578,27.1299991607666,26.440000534057617,167.47999572753906,161.25
2026-03-25,252.3874664306641,26.83700942993164,162.1593475341797,28476700,37603900,17192300,255.0,251.60000610351562,27.530000686645508,27.040000915527344,165.0,162.92999267578125
2026-03-26,252.6572265625,27.122299194335938,164.31471252441406,41796700,28835000,18625200,257.0,250.77000427246094,27.809999465942383,27.239999771118164,165.67999267578125,162.05999755859375
2026-03-27,248.57098388671875,26.600906372070312,169.8372344970703,47900000,29124600,30338300,255.49000549316406,248.07000732421875,27.770000457763672,27.020000457763672,171.22999572753906,164.8000030517578
2026-03-30,246.40298461914065,27.31905174255371,170.31399536132812,39446200,46696000,29813500,250.8699951171875,245.50999450683594,27.81999969482422,27.149999618530273,176.41000366210938,171.0500030517578
2026-03-31,253.5563812255859,27.6240177154541,168.51620483398438,49598100,44841500,32006700,255.47999572753906,247.10000610351562,28.309999465942383,27.790000915527344,174.3800048828125,165.97000122070312
2026-04-01,255.3946990966797,28.08638381958008,159.69607543945312,40059400,44208500,37927600,256.17999267578125,253.3300018310547,28.639999389648438,28.040000915527344,168.0,159.52999877929688
2026-04-02,255.68443298339844,27.86012077331543,159.60667419433594,31289400,30920600,25377700,256.1300048828125,250.64999389648438,28.75,28.219999313354492,166.89999389648438,159.58999633789062
2026-04-06,258.6217041015625,27.378076553344727,162.2686004638672,29329900,25169300,16344300,262.1600036621094,256.4599914550781,28.229999542236328,27.809999465942383,163.75,159.52999877929688
2026-04-07,253.26666259765625,26.659931182861328,162.8049774169922,62148000,46620500,25227500,256.20001220703125,245.6999969482422,27.68000030517578,26.780000686645508,166.24000549316406,161.77000427246094
2026-04-08,258.66168212890625,27.023921966552734,155.16680908203125,41032800,33789100,31311200,259.75,256.5299987792969,27.489999771118164,26.969999313354492,156.35000610351562,150.97999572753906
2026-04-09,260.2502136230469,26.777982711791992,153.99476623535156,28121600,27047600,25868400,261.1199951171875,256.07000732421875,27.5,27.18000030517578,159.22999572753906,154.30999755859375
2026-04-10,260.240234375,26.48285484313965,151.4818115234375,31291500,27882400,21065000,262.19000244140625,259.0199890136719,27.360000610351562,26.770000457763672,155.1199951171875,151.9199981689453
2026-04-13,258.96142578125,26.896034240722656,151.61094665527344,36234700,44156200,18685600,260.17999267578125,256.6600036621094,27.56999969482422,26.68000030517578,154.6199951171875,151.27999877929688
2026-04-14,258.59173583984375,26.669769287109375,148.23387145996094,48370700,24558900,18528200,261.92999267578125,257.19000244140625,27.309999465942383,27.079999923706055,150.11000061035156,146.72000122070312
2026-04-15,266.18475341796875,26.748470306396484,148.0054168701172,49913500,29648900,15626500,266.55999755859375,257.80999755859375,27.360000610351562,26.969999313354492,150.22999572753906,146.89999389648438
2026-04-16,263.15753173828125,26.777982711791992,150.9553985595703,43323100,21905300,15191000,267.1600036621094,261.2699890136719,27.479999542236328,27.149999618530273,152.77999877929688,149.35000610351562
2026-04-17,269.98126220703125,27.11246109008789,145.45274353027344,61436200,30080400,28947400,272.29998779296875,266.7200012207031,27.670000076293945,27.1200008392334,146.8000030517578,141.97000122070312
2026-04-20,272.79864501953125,27.07311248779297,146.6843719482422,36590200,25023000,16354400,274.2799987792969,270.2900085449219,27.850000381469727,27.510000228881836,149.3699951171875,146.35000610351562
2026-04-21,265.9250183105469,26.866519927978516,147.35980224609375,50209800,29833000,17515900,272.79998779296875,265.3999938964844,27.6200008392334,27.200000762939453,148.80999755859375,146.24000549316406
2026-04-22,272.9185791015625,26.364803314208984,148.4921112060547,43249200,35246800,13738700,273.739990234375,266.8699951171875,27.389999389648438,26.739999771118164,150.67999267578125,148.17999267578125
2026-04-23,273.1783142089844,26.236913681030273,149.51516723632812,33399600,38718400,12970400,275.7699890136719,271.6499938964844,26.829999923706055,26.3799991607666,151.22999572753906,148.5
2026-04-24,270.81048583984375,26.56155586242676,147.90609741210938,38157100,42500200,13735900,273.05999755859375,269.6499938964844,27.299999237060547,26.579999923706055,150.3000030517578,146.9499969482422
2026-04-27,267.3636474609375,26.35496711730957,147.19094848632812,41466800,34764200,13940800,268.3599853515625,265.07000732421875,27.350000381469727,26.790000915527344,151.17999267578125,147.97000122070312
2026-04-28,270.4608154296875,26.049999237060547,149.5449676513672,40018900,58079000,15173600,273.2300109863281,268.6600036621094,27.579999923706055,26.31999969482422,152.30999755859375,149.8300018310547
2026-04-29,269.92132568359375,25.833572387695312,153.62725830078125,30047900,29969700,14669100,271.0400085449219,267.0400085449219,26.549999237060547,26.200000762939453,154.9499969482422,151.00999450683594
2026-04-30,271.1002502441406,26.266427993774418,153.28955078125,91848200,39082900,22885900,276.0,268.1400146484375,26.90999984741211,26.280000686645508,155.69000244140625,151.33999633789062
2026-05-01,279.88214111328125,25.902435302734375,151.72019958496094,79915400,29318700,15458200,287.2200012207031,278.3699951171875,26.610000610351562,26.290000915527344,155.00999450683594,151.1300048828125
2026-05-04,276.5751647949219,25.87292098999023,152.65386962890625,46668400,34583400,14238500,280.6300048828125,274.8599853515625,26.510000228881836,26.149999618530273,154.47000122070312,149.52000427246094
2026-05-05,283.9184265136719,26.02048683166504,153.83584594726562,49311700,57656100,12494600,284.57000732421875,276.5,26.75,26.010000228881836,155.2899932861328,152.41000366210938
2026-05-06,287.245361328125,26.09918785095215,147.6875762939453,58336100,40357100,20527000,288.0299987792969,281.07000732421875,26.68000030517578,26.209999084472656,150.3300018310547,147.08999633789062
2026-05-07,287.1754150390625,26.049999237060547,145.591796875,45224300,48346000,22509400,292.1300048828125,285.7799987792969,26.719999313354492,26.15999984741211,147.0800018310547,144.19000244140625
2026-05-08,293.0500183105469,25.68000030517578,143.59535217285156,52692800,38903400,19550100,294.760009765625,290.0,26.200000762939453,25.600000381469727,146.5,143.9199981689453
2026-05-11,292.67999267578125,25.809999465942383,148.6708984375,42247300,43558000,14849500,293.8800048828125,290.2300109863281,26.18000030517578,25.68000030517578,149.72000122070312,146.0
2026-05-12,294.79998779296875,25.8700008392334,149.614501953125,45748100,26819500,16443100,295.2699890136719,292.55999755859375,26.09000015258789,25.739999771118164,151.80999755859375,149.77000427246094
2026-05-13,298.8699951171875,25.959999084472656,150.5481719970703,52684300,39420000,15772800,300.9200134277344,293.5,26.09000015258789,25.639999389648438,151.7899932861328,149.67999267578125
2026-05-14,298.2099914550781,25.75,151.75,35324900,24102700,11331500,300.45001220703125,295.3800048828125,26.100000381469727,25.719999313354492,153.1199951171875,151.25999450683594
2026-05-15,300.2300109863281,25.329999923706055,157.9199981689453,54862800,37110100,27882400,303.20001220703125,296.5199890136719,25.829999923706055,25.239999771118164,158.0,153.0
2026-05-18,297.8399963378906,25.329999923706055,160.49000549316406,34483000,34111300,20065200,300.6600036621094,294.9100036621094,25.389999389648438,25.190000534057617,161.72999572753906,155.22999572753906
2026-05-19,298.9700012207031,25.65999984741211,162.5500030517578,42243600,41036700,20715600,300.510009765625,296.3500061035156,25.959999084472656,25.239999771118164,163.32000732421875,159.63999938964844
2026-05-20,302.25,25.790000915527344,156.27999877929688,38229800,35574200,18509700,302.79998779296875,298.0799865722656,26.030000686645508,25.670000076293945,163.67999267578125,156.27000427246094
2026-05-21,304.989990234375,25.950000762939453,155.2899932861328,42965100,20181500,17061700,305.5400085449219,300.3999938964844,25.959999084472656,25.56999969482422,159.38999938964844,153.4600067138672
2026-05-22,308.82000732421875,25.899999618530273,154.9199981689453,43670200,22320000,12948500,311.3999938964844,305.8399963378906,26.149999618530273,25.760000228881836,155.5500030517578,153.1699981689453
2026-05-26,308.3299865722656,25.850000381469727,149.80999755859375,48000500,29084700,13057800,311.82000732421875,307.6700134277344,25.899999618530273,25.65999984741211,154.5500030517578,149.47000122070312
2026-05-27,310.8500061035156,26.209999084472656,147.89999389648438,50430900,39024700,16241100,313.260009765625,308.29998779296875,26.540000915527344,25.850000381469727,148.69000244140625,145.75
2026-05-28,312.510009765625,26.13999938964844,146.9600067138672,48220400,25651800,14012500,312.79998779296875,309.57000732421875,26.280000686645508,26.010000228881836,150.2100067138672,146.8699951171875
2026-05-29,312.05999755859375,26.18000030517578,145.25999450683594,70026800,48284200,27959900,315.0,309.5299987792969,26.239999771118164,25.93000030517578,146.92999267578125,144.7100067138672
2026-06-01,306.30999755859375,25.6299991607666,149.3800048828125,48849900,35553600,16732100,310.94000244140625,305.0199890136719,25.90999984741211,25.479999542236328,149.64999389648438,147.0
2026-06-02,315.20001220703125,25.549999237060547,149.55999755859375,44534700,31295700,10462400,315.45001220703125,306.69000244140625,25.700000762939453,25.270000457763672,150.8300018310547,148.5
2026-06-03,310.260009765625,25.34000015258789,152.52999877929688,50836700,30957100,14373000,316.94000244140625,308.8500061035156,25.6200008392334,25.290000915527344,154.91000366210938,150.02000427246094
2026-06-04,311.2300109863281,25.690000534057617,152.0399932861328,44869100,31272000,11799400,313.5400085449219,309.6499938964844,26.010000228881836,25.610000610351562,153.42999267578125,150.94000244140625
2026-06-05,307.3399963378906,26.040000915527344,149.9199981689453,65310500,32218500,16584000,315.1700134277344,307.1499938964844,26.209999084472656,25.790000915527344,152.1300048828125,149.3000030517578
2026-06-08,301.5400085449219,25.6200008392334,151.75,77949100,42028800,13870900,317.3999938964844,301.1700134277344,26.219999313354492,25.600000381469727,153.80999755859375,150.89999389648438
2026-06-09,290.54998779296875,25.700000762939453,148.91000366210938,70108800,35273200,18163500,300.75,287.7799987792969,25.8799991607666,25.469999313354492,151.1300048828125,147.77999877929688
2026-06-10,291.5799865722656,25.600000381469727,150.6199951171875,52793300,30376300,14596500,294.75,287.3800048828125,25.850000381469727,25.579999923706055,152.49000549316406,149.55999755859375
2026-06-11,295.6300048828125,26.170000076293945,146.60000610351562,42572500,45268700,17285800,297.0,289.5899963378906,26.479999542236328,25.790000915527344,152.49000549316406,146.4199981689453
2026-06-12,291.1300048828125,26.209999084472656,147.00999450683594,38742100,38773000,17713100,297.1400146484375,289.6199951171875,26.489999771118164,26.110000610351562,148.91000366210938,145.14999389648438
2026-06-15,296.4200134277344,26.0,140.9199981689453,45732600,34194100,23631400,297.7799987792969,291.70001220703125,26.420000076293945,25.979999542236328,141.97999572753906,137.72000122070312
2026-06-16,299.239990234375,26.040000915527344,141.86000061035156,39874400,32829600,18925400,300.4800109863281,293.9700012207031,26.1299991607666,25.700000762939453,142.14999389648438,139.97999572753906
2026-06-17,295.95001220703125,25.920000076293945,140.74000549316406,42745100,31117500,16663200,302.07000732421875,294.3599853515625,26.280000686645508,25.8700008392334,142.33999633789062,140.32000732421875
2026-06-18,298.010009765625,25.209999084472656,137.80999755859375,85962200,119614300,48063400,300.57000732421875,295.6199951171875,25.65999984741211,24.940000534057617,138.4600067138672,135.85000610351562
2026-06-22,297.010009765625,25.079999923706055,138.47000122070312,44879900,41119100,15783300,302.4200134277344,296.760009765625,25.309999465942383,24.959999084472656,139.0,137.02000427246094
2026-06-23,294.29998779296875,24.719999313354492,139.72999572753906,52010900,82009200,13699400,301.6400146484375,294.17999267578125,25.239999771118164,24.690000534057617,140.38999938964844,138.5
2026-06-24,293.0799865722656,24.040000915527344,136.89999389648438,53081900,76962600,16212900,299.70001220703125,292.94000244140625,25.110000610351562,23.93000030517578,137.63999938964844,135.58999633789062
2026-06-25,275.1499938964844,23.670000076293945,137.5500030517578,107013700,57859500,13288800,288.79998779296875,273.75,24.34000015258789,23.6200008392334,138.07000732421875,134.9499969482422
2026-06-26,283.7799987792969,24.290000915527344,136.5399932861328,261775500,59958900,22684200,285.95001220703125,274.2099914550781,24.350000381469727,23.739999771118164,137.5800018310547,135.9199981689453
2026-06-29,281.739990234375,24.3700008392334,136.05999755859375,66427000,47528000,11972700,288.3699951171875,279.8500061035156,24.5,24.100000381469727,137.38999938964844,135.38999938964844
2026-06-30,289.3599853515625,24.079999923706055,136.72000122070312,65100200,60046000,28784000,289.94000244140625,280.70001220703125,24.459999084472656,23.780000686645508,137.3000030517578,135.3300018310547
