Date,AAPL,GS,SPY
2010-01-05,0.00172715409980852,0.017525083248984587,0.0026434755889349106
2010-01-06,-0.016034283545161825,-0.010730365852731452,0.0007037422333004984
2010-01-07,-0.0018503252491707711,0.01937923544868801,0.004212800896571579
2010-01-08,0.0066265435793856535,-0.019092861461428773,0.003321960804185751
2010-01-11,-0.008860726847251001,-0.015902301850841606,0.0013952755324206762
2010-01-12,-0.011440401436487144,-0.022040783677008468,-0.009369851816744466
2010-01-13,0.014007206385655053,0.0074208095290913345,0.008410898242606869
2010-01-14,-0.0058086191051728376,-0.0031989026462668894,0.0027008484543122697
2010-01-15,-0.01685340528349977,-0.019896724246287485,-0.011287420846919777
2010-01-19,0.043287910365903556,0.00993774450305495,0.012417947636561991
2010-01-20,-0.015512107848379239,0.0055584437229049145,-0.010220600470636942
2010-01-21,-0.01743764844294591,-0.04211677797325601,-0.019416871439311863
2010-01-22,-0.05087058893540024,-0.042865225407349467,-0.022543683354763203
2010-01-25,0.026547136348128428,0.005564519525237969,0.005114461171478554
2010-01-26,0.014034028361460194,-0.02681087654322228,-0.004199113712740224
2010-01-27,0.009376161869024447,0.004100618236982701,0.004745174461390517
2010-01-28,-0.04219979367295478,0.011745777295479915,-0.011538086350815184
2010-01-29,-0.03695345424739423,-0.030266339446920292,-0.010927976831066786
2010-02-01,0.013806136367505056,0.029221989500570148,0.015431275242825906
2010-02-02,0.005786100194545385,0.02457632722774769,0.012030620443791083
2010-02-03,0.017059843641264345,0.0018467439755127876,-0.0049958325047349495
2010-02-04,-0.03670391710188412,-0.04255214887028277,-0.03135154960983373
2010-02-05,0.01759951882978168,0.02283291777268241,0.0020647335616950178
2010-02-08,-0.006878982381364755,-0.020049203648434502,-0.0072454890977457585
2010-02-09,0.010607149285959055,0.009157489233595672,0.012481905203756794
2010-02-10,-0.00546876779574266,0.0074478283396803525,-0.0019603128003170983
2010-02-11,0.018030245011616867,0.002730267431791292,0.010411851074892613
2010-02-12,0.008570699347972255,-0.0007796083884023165,-0.0008326075809040081
2010-02-16,0.01495883779665978,0.022292467017291727,0.01561221968845304
2010-02-17,-0.004187849462070638,-0.0008897067796822478,0.004727830969314944
2010-02-18,0.0018743950603136055,-0.009777064658982627,0.00587732975768659
2010-02-19,-0.006228652642345991,0.0028853138683325994,0.0020715642455044624
2010-02-22,-0.006217222638750656,0.003388012530100167,0.00018008532303621125
2010-02-23,-0.016906999424294397,-6.360942234707189e-05,-0.012219268566231628
2010-02-24,0.018103768632206807,0.010348395023772316,0.009155889438582246
2010-02-25,0.0066558380751137285,-0.012009117694405609,-0.001354656460712651
2010-02-26,0.012886795460205078,0.0016640945254626448,0.0006323706175766867
2010-03-01,0.02113173708357365,0.0012148781964884546,0.010331383383086694
2010-03-02,-0.0006699543500627067,0.014018904349570609,0.002766563934717779
2010-03-03,0.002295511491676096,-0.0065092940096639195,0.0008912384641734886
2010-03-04,0.0065707343981981185,0.036664442816369526,0.0030227946797606185
2010-03-05,0.03836060613100456,0.02158491065855822,0.014192296938852236
2010-03-08,0.0005937638678735717,0.015786108222118102,0.00017464681260731668
2010-03-09,0.01782421880376933,-0.005846185749319294,0.0016616443801267986
2010-03-10,0.008127441482891892,0.018135033379994767,0.004445639581278219
2010-03-11,0.002931246464261248,0.00908911634018238,0.0041663728501257335
2010-03-12,0.004866327155155696,0.008322560011210803,8.659666863253176e-05
2010-03-15,-0.012254665117227934,-0.008206874667736997,0.00025974502108872736
2010-03-16,0.0027210085103469353,0.015212754312639671,0.007934686871134834
2010-03-17,-0.0014711214686160773,0.002550781216775862,0.00590953292621829
2010-03-18,0.002362158729702332,0.00457445666551238,-0.000512325043409802
2010-03-19,-0.010740979803751905,0.002533263689484021,-0.00507487907680465
2010-03-22,0.011186023696621297,-0.009828954034851947,0.005331991300981541
2010-03-23,0.01593467755146367,-0.007578803549745259,0.007008818938660975
2010-03-24,0.004413093385825163,-0.002404915679888768,-0.004866547501796095
2010-03-25,-0.011929915065235362,0.002805424449647471,-0.0016276342763428498
2010-03-26,0.018578135661940998,-0.011674280275434941,-0.0006003921106523252
2010-03-29,0.006432009582580236,0.006802103999206896,0.006327648502288123
2010-03-30,0.014779097699178975,-0.01545922839722438,0.0006818561219900164
2010-03-31,-0.0036103423177522268,-0.004385527814470582,-0.0034131562659851815
2010-04-01,0.004119044931147208,-0.002405933398034005,0.006814616085759789
2010-04-05,0.010622407546234716,0.01712459027084937,0.008116006338419187
2010-04-06,0.004393298117232383,-0.001502894893056113,0.0023551593883603195
2010-04-07,0.004415460257638742,0.01981396361122455,-0.005729164245180756
2010-04-08,-0.0027050733872140513,0.017647824187967547,0.003458442881739321
2010-04-09,0.007638773519244384,-0.00211924440378234,0.006545645595626275
2010-04-12,0.0020660665353904044,-0.007171894459357735,0.001588098084452539
2010-04-13,0.0005773192567496369,0.00789769935495006,0.0007515162418398164
2010-04-14,0.013357767014761157,0.031141559471559332,0.011285639528542635
2010-04-15,0.013060941148531388,-0.0035206929588941396,0.000824203981330836
2010-04-16,-0.006124823558478749,-0.1368631748584186,-0.016039826098645054
2010-04-19,-0.0013348837979364088,0.01617185186150016,0.003762763410177505
2010-04-20,-0.0100887300623372,-0.020662364955756705,0.008891100395981368
2010-04-21,0.05809429957764818,-0.0065851278142875285,-0.001821486220393245
2010-04-22,0.02758443217284858,0.000754740791049896,0.002979148767224573
2010-04-23,0.016229586607973433,-0.010428210876156295,0.006506754518822242
2010-04-26,-0.0049233846783922905,-0.034712222092615694,-0.0037835870747182946
2010-04-27,-0.02807103123778829,0.006620870753522591,-0.02393469876571886
2010-04-28,-0.0016798247529521409,0.025610332789384536,0.0075672575099888445
2010-04-29,0.02655442419563213,0.020363786579940903,0.012321434327786129
2010-04-30,-0.02850676032881278,-0.09856075604605259,-0.01710731167877042
2010-05-03,0.01994598838182119,0.0291844411073586,0.012878314515449523
2010-05-04,-0.02921885308035775,-0.0003347874053266626,-0.023795217882961336
2010-05-05,-0.0104537737821026,-0.008466591369271585,-0.005974368907717398
2010-05-06,-0.03879099070668615,-0.040417405954755375,-0.03377765747442729
2010-05-07,-0.043108857011198494,0.004696625357909292,-0.014986871515285384
2010-05-10,0.07405644144689652,0.005857447521245296,0.04309849880442044
2010-05-11,0.009911849479863677,-0.013015937861888814,-0.002845011811652642
2010-05-12,0.02148151582326657,0.03617631801113236,0.013889204906154508
2010-05-13,-0.014334535288898904,-0.017475246746232867,-0.012508520414989328
2010-05-14,-0.01772809236633036,-0.009865105987632766,-0.01827067434317477
2010-05-17,0.001574387484794898,-0.0041282168817574905,0.0005263875325698837
2010-05-18,-0.0073433195053041085,-0.03771865832066838,-0.013696143026196012
2010-05-19,-0.0160578561416845,0.019751610323412647,-0.005710114167055087
2010-05-20,-0.043536593098419084,-0.02896670043054741,-0.03849078621859612
2010-05-21,0.018997077356119746,0.03267096160025887,0.014493878418430528
2010-05-24,0.018156624736638344,-0.02834509844849733,-0.012914108823223892
2010-05-25,-0.0062599282231858636,0.042047224919215906,0.0010210755472106839
2010-05-26,-0.004537354861845836,-0.01598030874372077,-0.0060471479258510505
2010-05-27,0.03715367816175995,0.035103671411493544,0.03294945671359249
2010-05-28,0.013836719004922457,-0.004771253464020769,-0.012629265863414783
2010-06-01,0.015259707828342906,-0.01677653163991763,-0.016966386636372194
2010-06-02,0.011891266842672773,0.020719917821265966,0.025705511004452522
2010-06-03,-0.003149991931902809,-0.0054700453934894006,0.003438255424165116
2010-06-04,-0.02758923586947072,-0.012504912281885666,-0.03576887142970679
2010-06-07,-0.01980654542142159,-0.025416974597075984,-0.012529252472854033
2010-06-08,-0.006436645844335339,-0.006510558739714772,0.010655517364463393
2010-06-09,-0.024893091378166123,-0.0071383175650331036,-0.0053607500479420644
2010-06-10,0.029614204115455164,-0.022398106966161374,0.028812512895337965
2010-06-11,0.011904657569540263,0.013882227366255962,0.004843787937798405
2010-06-14,0.0030329438669869733,-0.01635246645743223,-0.0015506292945688836
2010-06-15,0.021052269878151248,0.025599050051583316,0.02248251214570706
2010-06-16,0.028696102208082174,0.0011677365722842423,-0.00035703497699123
2010-06-17,0.017139364804169235,0.0018954324792597565,0.0016064261942355179
2010-06-18,0.008059182720715515,0.00624310593811722,0.0010835154959653638
2010-06-21,-0.01433129999860012,-0.003189217823950037,-0.0028679158149427742
2010-06-22,0.013528461087471173,-0.021649898005950848,-0.016653312952549827
2010-06-23,-0.010572051548990253,0.002075429941013991,-0.003108100102673713
2010-06-24,-0.007296679358082842,-0.0006665820079745084,-0.01670945505901668
2010-06-25,-0.008587064845765215,0.034084126982199994,0.004180386932736897
2010-06-28,0.005981051233556205,-0.021714780692485825,-0.003156690218067329
2010-06-29,-0.04626435762990448,-0.021449010675496927,-0.031362436219809706
2010-06-30,-0.018279198061567362,-0.018790727034259075,-0.009545010899078532
2010-07-01,-0.012199437590594765,-0.0009908308307909888,-0.004466836906424226
2010-07-02,-0.006217231988667077,-0.00045786338730521067,-0.005464284832243054
2010-07-06,0.006820664239282232,0.008962082507218907,0.006534478611451737
2010-07-07,0.03958722959796982,0.02663443795222683,0.031010232231068472
2010-07-08,-0.002244700851314611,-0.0027278773277693152,0.00984675313844895
2010-07-09,0.005910533285505189,0.019012264897948414,0.007438061059222179
2010-07-12,-0.009014649886650758,-0.005884635697509316,0.0006482467798132728
2010-07-13,-0.021569005565550067,0.021622656297409483,0.014975243459637357
2010-07-14,0.0036859974525459333,-0.008521127920861682,-9.12972133360528e-05
2010-07-15,-0.005077481896196604,0.04334447619516351,0.00027358948323054295
2010-07-16,-0.006182837549984675,0.006520564578868115,-0.027920515854766525
2010-07-19,-0.01743834064077472,-0.003358396461285629,0.005889393809280626
2010-07-20,0.025369701259314145,0.021930042131458355,0.011030042407334387
2010-07-21,0.009286282815226022,-0.012977428508257024,-0.013082977058336175
2010-07-22,0.018626742195959344,-0.002997849910707305,0.022076456292208276
2010-07-23,0.003545260992482743,0.0056476174327940495,0.008641427014372854
2010-07-26,-0.002542077995394013,0.005548415281131831,0.010361857939729458
2010-07-27,0.01834359498546702,-0.006566953085151623,-8.93788903461325e-05
2010-07-28,-0.011884890757796663,-0.00020374966779119268,-0.006475564603296933
2010-07-29,-0.010981313615240143,0.035896960842174815,-0.004884295362124289
2010-07-30,-0.0033372238585989474,-0.011602155548408058,-0.00018165146591551674
2010-08-02,0.017723435464765194,0.012649885308270836,0.022329955563179918
2010-08-03,0.0003052690501419638,0.0029421555072920275,-0.004800495563867123
2010-08-04,0.004000987208316736,0.020801739357022904,0.00666123380792092
2010-08-05,-0.004879883717493568,-0.0031376619729895053,-0.001062816516883263
2010-08-06,-0.006170815263634069,-0.0047575486552399165,-0.004084521331677164
2010-08-09,0.006362223260526461,0.0014167510506931918,0.005324379112821248
2010-08-10,-0.008980383311372332,-0.009699155809480558,-0.005413278236087393
2010-08-11,-0.0361895378529758,-0.030680248352930033,-0.02778970459006974
2010-08-12,0.006375500479737041,0.0011381004663751652,-0.006149157598347225
2010-08-13,-0.010741117356042213,-0.009008780229401535,-0.002949879998202952
2010-08-16,-0.0058782438150314555,-0.0021628815683958627,-0.0004617935629066695
2010-08-17,0.01733397156208241,0.0056013635117636885,0.012210661423776253
2010-08-18,0.004355841475865157,0.004096466154610121,0.0018231447933356024
2010-08-19,-0.012685681816294515,-0.014514636663534681,-0.01754967242859628
2010-08-20,-0.0009605405224685606,0.00806005980556515,-0.0032495877945170754
2010-08-23,-0.015501884490285273,-0.010170152009496699,-0.003820204043531556
2010-08-24,-0.02417062014447195,-0.019196228693825496,-0.014954776702693604
2010-08-25,0.012261171247605751,0.005058271389684634,0.0038779391492271137
2010-08-26,-0.010803654510092874,-0.0200360883378732,-0.006724602648106425
2010-08-27,0.005561199400030543,-0.014633434188061109,0.015371237223017538
2010-08-30,0.0036357531384304622,-0.019851114188509916,-0.014611494628795584
2010-08-31,0.002471335551331707,0.001973574164424301,0.0
2010-09-01,0.029307146817710135,0.02031376296836446,0.029472971493184202
2010-09-02,0.007323122331646086,0.00028611427847677725,0.009269061287991655
2010-09-03,0.025836215829010276,0.05233389667395285,0.012888355048327848
2010-09-07,-0.0037170672875025163,-0.014222438230145113,-0.011336457681680812
2010-09-08,0.019627268933087774,0.015917794220711694,0.006998536805134267
2010-09-09,0.0005703608572740458,0.010786530479988257,0.004608542753929566
2010-09-10,0.001291239908419104,0.008346306903693595,0.005036151524953115
2010-09-13,0.013686932587104747,0.026120338617087263,0.011061032980917982
2010-09-14,0.0038123335368805008,-0.01199083912695624,-0.0006206373160511662
2010-09-15,0.008025433611076778,0.00019693161041477194,0.0038098211793102187
2010-09-16,0.02322789061612436,-0.0021657330427844314,-0.0002656311488751257
2010-09-17,-0.004348596343252263,-0.008245341659702391,0.0003735124515909957
2010-09-20,0.028143981752257803,0.006075240083422004,0.015174909476456827
2010-09-21,0.0019048332221200685,-0.003296622329330395,-0.0020162082569822773
2010-09-22,0.013927497089096205,-0.02224049938136409,-0.004925074251095947
2010-09-23,0.004057919481088796,-0.021572396115514213,-0.00814483971042958
2010-09-24,0.011699747732531763,0.016222853910326393,0.020412604525201612
2010-09-27,-0.003976595597939761,-0.008728831411327966,-0.004801366876428773
2010-09-28,-0.014878526527894868,-0.006804186727775026,0.0034944434712874976
2010-09-29,0.0017762167446218396,-0.004076668488581297,-0.0017458714400800936
2010-09-30,-0.012676876699665584,0.0011074738646200055,-0.0029745355127360224
2010-10-01,-0.004344091948006415,0.0213495788743774,0.0041967720248116715
2010-10-04,-0.01382888372578917,-0.007680096086534136,-0.007532059376775533
2010-10-05,0.03629858472392677,0.020261505203774777,0.01993199802186527
2010-10-06,0.0008647038817971873,0.008454969531693078,-8.642596793882439e-05
2010-10-07,0.00010354680875791258,0.0017885447996117121,-0.0012071827658486404
2010-10-08,0.01663025608705237,0.01020533248757836,0.005593303537384845
2010-10-11,0.004376842942291119,-0.003017618662801295,0.0009433532787147044
2010-10-12,0.010709211078431811,0.019583749770408252,0.0030814517279379393
2010-10-13,0.005345497416015834,-0.003098087320754616,0.007747004821395213
2010-10-14,0.007203697192008137,-0.020501921338924155,-0.003908473722706399
2010-10-15,0.04029388388108052,-0.005954744504750227,0.002040796742189405
2010-10-18,0.010304582240937171,0.019777739989016066,0.00491582145841104
2010-10-19,-0.027125368667721392,0.01945807381755411,-0.013190974548281633
2010-10-20,0.003354101386690392,0.018210331169467724,0.009718800260894276
2010-10-21,-0.0032570373173806924,-0.0018818844713804851,0.0022033354634931708
2010-10-22,-0.006645536299589657,-0.009714241840160162,0.001860288194035887
2010-10-25,0.0044456450256618735,-0.0023478578022340206,0.002952945028959528
2010-10-26,-0.002561364397859877,0.005701847759544761,0.00016861731296567784
2010-10-27,-0.0007141450837329578,0.01168193189958942,-0.002867814039634078
2010-10-28,-0.008449122226261607,0.01911076089178782,0.00016881764478188864
2010-10-29,-0.014054682694661076,-0.013009753033230986,0.0007599648744813619
2010-11-01,0.01057585210524395,0.0027268164570471392,0.00033771858956616903
2010-11-02,0.01688550097794625,0.0077069813779938046,0.007898879094130293
2010-11-03,0.011058556585339451,-0.0011677401930269798,0.004009731600026133
2010-11-04,0.01733627849480086,0.022856683394703283,0.019075161961772027
2010-11-05,-0.003588283460407727,0.02773852087426639,0.003755230301237688
2010-11-08,0.004687439445968525,-0.010991338571572872,-0.0018758524323276395
2010-11-09,-0.008003872680980254,-0.015785928370185442,-0.007210628078315932
2010-11-10,0.006150405316720517,0.004014321188916451,0.004021447597076619
2010-11-11,-0.004348895327666809,0.00292626515611078,-0.0037744178058591593
2010-11-12,-0.027599669400960664,-0.011273554734747213,-0.01190911536604699
2010-11-15,-0.0032189745959653113,0.008347289578636546,-0.0014147200685654668
2010-11-16,-0.017909848989051114,-0.012758624012134042,-0.01570228957614273
2010-11-17,-0.003620552326292515,-0.0012726685065585662,0.0005078215065836072
2010-11-18,0.026047022681341223,0.014808404778757377,0.014610963606942152
2010-11-19,-0.005526899672915515,-0.0040713561244449,0.0027468132928268256
2010-11-22,0.02138461695397865,-0.03430021849792735,-0.0008314365105055609
2010-11-23,-0.014885818237452438,-0.020514184697583607,-0.014582970215684714
2010-11-24,0.019470546470991192,0.015596418483924923,0.014665817964545734
2010-11-26,0.0006354344919863598,-0.012811466371540993,-0.011715278217738559
2010-11-29,0.005918402886165745,0.006677046829649495,0.0030256842641967065
2010-11-30,-0.018216354351262735,-0.01771064567221737,-0.0056385615077175445
2010-12-01,0.016732407122126647,0.01468637641573593,0.021044782598609514
2010-12-02,0.005515959308903624,0.025238953532540905,0.012727048927045131
2010-12-03,-0.002234386457785227,-0.0011701971051228997,0.002689113689545937
2010-12-06,0.008500738844876064,0.0020926960578183003,-0.0010581438896813205
2010-12-07,-0.006077917502450197,-0.006538720262259347,0.0005697889866585217
2010-12-08,0.008760554056018362,0.02776878274160722,0.0036568209030726057
2010-12-09,-0.0039017642218774607,0.0018643747886168598,0.0038861320466770538
2010-12-10,0.002498786833899323,0.012062402890008723,0.005800946699519627
2010-12-13,0.003456965113216824,0.005977697123559684,0.0006425132736358945
2010-12-14,-0.00429947850143964,-0.012767259364699132,0.0008828024400993268
2010-12-15,0.00021850124840001346,-0.012750798929948782,-0.004582782268603974
2010-12-16,0.002774301241996462,-0.004549506482656681,0.005785261104809016
2010-12-17,-0.0019939742682783795,-0.002557269836283852,0.0010704537731370217
2010-12-20,0.004978143229015663,0.012178590539739308,0.0024106964596705216
2010-12-21,0.006157273940464778,0.013042761399065737,0.0063202466590695245
2010-12-22,0.0029564659162727895,0.008111282123167673,0.0031054313997887577
2010-12-23,-0.004809603947265717,-0.011862986866012615,-0.00143216376254397
2010-12-27,0.0033323163945598966,0.01321781852057295,0.0003979315275091945
2010-12-28,0.00243023297363476,-0.0037757232518331983,0.0014315147007177152
2010-12-29,-0.0005533831806603354,-0.009262542691659931,0.0007149498087366946
2010-12-30,-0.00502311703812813,5.896307844209211e-05,-0.001589578414402785
2010-12-31,-0.0034043636654534546,0.003097273481434205,0.00023858195674462683
2011-01-03,0.021499226489060982,0.028664427615439626,0.010285174241953519
2011-01-04,0.005205633224993961,0.00017343306728105233,-0.0005512126007376853
2011-01-05,0.008146510187748793,0.005301284767171393,0.005184036785627404
2011-01-06,-0.0008085017838278396,-0.01034040755025803,-0.001960403909686717
2011-01-07,0.0071362331787379425,-0.008865407468845652,-0.0019644123609046694
2011-01-10,0.018657138997205888,-0.005463534486207715,-0.0012592205150360745
2011-01-11,-0.002368058954098893,-0.0023591739056012563,0.00353753384799539
2011-01-12,0.008104012900816488,0.013547883786176404,0.008984037617100647
2011-01-13,0.0036520310263179166,-0.0005830948754742041,-0.0016344560379936372
2011-01-14,0.008067456380863624,0.01979477282172898,0.007218885943430025
2011-01-18,-0.022725617792509464,-0.0018302505744735966,0.0016998895225815512
2011-01-19,-0.005327714264233494,-0.04802029027625851,-0.009854263876809665
2011-01-20,-0.018346596650427448,-0.004816991708804126,-0.0013262010552545036
2011-01-21,-0.018077544662551202,0.003073652160221115,0.002261689466052435
2011-01-24,0.03231380284608124,0.0006008395951195755,0.005670349582564558
2011-01-25,0.01163719599767389,-0.026320169179460746,0.0005423963710274373
2011-01-26,0.0071506648337924415,-0.00414481012256519,0.0038630988461788333
2011-01-27,-0.0018636309426002511,0.016721529275590088,0.00246517284203165
2011-01-28,-0.02093323251517479,-0.01387436271859907,-0.017617621803950965
2011-01-31,0.009535125096698618,0.01137171479583985,0.0074886424263911535
2011-02-01,0.016687621272133604,0.010396503628135932,0.015881938173942692
2011-02-02,-0.002059764946465787,-0.0016949014079509076,-0.0019140291162206408
2011-02-03,-0.0025589573438484967,-0.0024869183145907405,0.0022198114252170945
2011-02-04,0.0088701102637264,0.001152973760984069,0.0028252856928988007
2011-02-07,0.0154075839112337,0.013857414781193126,0.0062328018656279795
2011-02-08,0.009390589862384204,0.008460155279913114,0.004536350787603886
2011-02-09,0.008298971075210606,-0.015184282075905338,-0.0022656030861990103
2011-02-10,-0.010158438118349175,-0.004043928141441986,0.0003778687489911628
2011-02-11,0.00649426880861193,0.007951812360596552,0.005952748830513709
2011-02-14,0.006508156403175272,0.005147133926017028,0.0024007890376733384
2011-02-15,0.0020024273454711757,0.0023251112534643484,-0.003152407624269341
2011-02-16,0.00893465468781023,0.005345776627055447,0.006295433134406008
2011-02-17,-0.013390217816920704,-0.009822203504867627,0.002983674959643969
2011-02-18,-0.021838723628025615,0.005250683441322007,0.002084152716959816
2011-02-22,-0.03468293219101894,-0.030819850565184163,-0.020273995561142195
2011-02-23,0.01177294265742793,0.0009198237281676227,-0.006163524851780756
2011-02-24,0.0007585436790512808,0.002143422400732464,-0.0006873401505343977
2011-02-25,0.015281528514109551,0.010226808826937257,0.010635935208079048
2011-02-28,0.014400789645469467,-0.006026490143178892,0.0061775465584578484
2011-03-01,-0.011102697767015644,-0.015196020352778904,-0.016813481766536874
2011-03-02,0.008012000570681917,0.002352874947492271,0.0021364089703513867
2011-03-03,0.02090908705780813,0.017168729864980685,0.017077667768665438
2011-03-04,0.001223110247929643,-0.021445354608845803,-0.007520856937650611
2011-03-07,-0.012972972445406822,-0.011557125684079277,-0.007881492518718787
2011-03-08,0.0011248224219391407,0.013418732139156411,0.00871210243528159
2011-03-09,-0.009290774039998078,0.006488651496722938,-0.0014346140171392753
2011-03-10,-0.016592425259535144,-0.012895022284414356,-0.01867929730611545
2011-03-11,0.015229587814670292,0.0025550484717311935,0.006902728465712025
2011-03-14,0.004451101729380569,-0.014101661640730824,-0.0060563385371866065
2011-03-15,-0.02326361691979407,-0.00747610796987711,-0.01152341896291598
2011-03-16,-0.045666852015614184,-0.018419585429895354,-0.01868623391952223
2011-03-17,0.013932490318813003,0.008835047237171535,0.013148382774894263
2011-03-18,-0.01193504143529926,0.02667145284540479,0.003630480941021864
2011-03-21,0.025763969013052862,0.0015619099506375045,0.015378911247948697
2011-03-22,0.005584220685983129,0.0036138835387934426,-0.003474363824125397
2011-03-23,-0.005908296147597298,-0.007867892680972672,0.002857466095014542
2011-03-24,0.016896782503398964,0.002379788544601517,0.009518228994798374
2011-03-25,0.018866187653517517,-0.012206277036213907,0.0030511707734803373
2011-03-28,-0.0031341290182714506,-0.009540579497629547,-0.0024403438242785926
2011-03-29,0.0014830600878476775,0.012700905585180455,0.006696175776452294
2011-03-30,-0.006660912865416823,0.0037792798857906543,0.006877225175917548
2011-03-31,-0.000344560840971382,-0.002959265197672538,-0.001356186745245668
2011-04-01,-0.011398701843425056,0.01022522247463486,0.004214438131424099
2011-04-04,-0.009828561276946864,-0.008335662111523763,0.0008258680927122244
2011-04-05,-0.006764309884944128,6.308191169367848e-05,-0.00015013435704614234
2011-04-06,-0.0025111386735254195,0.018579085604313577,0.0031476495946828344
2011-04-07,0.00011807881355156217,0.0031453983689647136,-0.0025472473610905584
2011-04-08,-0.008972888328805231,-0.008906884607628063,-0.0034562692716678376
2011-04-11,-0.012795027410809926,0.0031634819221737563,-0.003015366147196148
2011-04-12,0.004824876278908683,-0.006523818177225194,-0.007502084080159552
2011-04-13,0.01115872619663755,-0.0015596131486696127,-7.593454931480264e-05
2011-04-14,-0.011098539554776287,-0.027726801516184868,0.0007601484621489195
2011-04-15,-0.015033582191146654,-0.004245465637996533,0.003642036573070985
2011-04-18,0.013317033761513634,-0.008740269363434262,-0.011272095959339649
2011-04-19,0.017948710801315923,-0.012564451074075271,0.005728375635951708
2011-04-20,0.0133774696565568,0.00551616846548753,0.013539590009226658
2011-04-21,0.023922253932453393,0.0052912073285368115,0.00509596393558142
2011-04-25,0.006565054855337132,-0.008636549684700397,-0.001047175707923495
2011-04-26,-0.007363860488070685,0.007071096840230729,0.008568107276419441
2011-04-27,-0.0007710571130683704,-0.002678149575428426,0.006507663917176716
2011-04-28,-0.009757251578920479,-0.014895201709811574,0.003238129432266402
2011-04-29,0.009700294556072306,0.0027187507463756655,0.002348255098557386
2011-05-02,-0.01105701619632092,0.00191878566470911,-0.0015405599793699523
2011-05-03,0.0055297004656223,0.003760228818225577,-0.0036037739133844334
2011-05-04,0.0039265527341531895,-0.002307045746512888,-0.006652624260715911
2011-05-05,-0.008099531559527006,-0.00735296647777074,-0.00908946826257912
2011-05-06,-0.0002595810101434353,-0.002063639429866057,0.004406261320157079
2011-05-09,0.0027079941699101814,-0.006550017338593578,0.003866885354841861
2011-05-10,0.005308031108480672,0.008546675932933859,0.008500152357091846
2011-05-11,-0.006373485488798622,-0.01689727793503714,-0.010580520289313647
2011-05-12,-0.001902647814012662,-0.03530611318725181,0.004749141955635707
2011-05-13,-0.017669540095867,-0.009077477783381782,-0.0077290175775736915
2011-05-16,-0.021372248238034627,-0.006098422353301431,-0.006361433246058376
2011-05-17,0.008485289449822962,0.001492644880023496,-0.00015043814294162243
2011-05-18,0.01103506469895967,0.0002133996135522437,0.008896422397168844
2011-05-19,0.001940118774285965,-0.010707925127737956,0.0023788784484847316
2011-05-20,-0.01571604149599752,-0.0317164216874248,-0.007976332577492772
2011-05-23,-0.0024493943570516093,0.006277271264194141,-0.011669039714699517
2011-05-24,-0.0066307924219294635,0.00367372114279179,-0.000832997516769771
2011-05-25,0.013722698906300243,-0.0007335031314457089,0.0033287396809697284
2011-05-26,-0.0052990409332141445,0.00014677315991259242,0.004596979766441287
2011-05-27,0.007168099578173097,0.020031911731311268,0.0038270145355880124
2011-05-31,0.030415294402940184,0.014818592076733568,0.010357875231270616
2011-06-01,-0.006692562006862262,-0.0329392604342405,-0.022717171403086135
2011-06-02,0.0017063627447143545,-0.013232373286852393,-0.0010621994296335108
2011-06-03,-0.0077153023729812096,0.007044463208252518,-0.009994470928432147
2011-06-06,-0.01584831522937199,-0.010622875629332338,-0.01063768189398215
2011-06-07,-0.017908652260444125,-0.006819270292642911,-0.0006196260054698627
2011-06-08,0.0006017803633470377,-0.010583213656995527,-0.004196648566036619
2011-06-09,-0.0022595551808246156,0.014635353556251304,0.0076023574328644055
2011-06-10,-0.017007280233655487,0.017740088083622506,-0.014008144167037587
2011-06-13,0.0021457217777898423,0.011775703246162754,0.0007836037349522565
2011-06-14,0.017723298718186516,-0.0031316812432891864,0.012606175721908147
2011-06-15,-0.017264071731793965,-0.01654735238963479,-0.017945729598874516
2011-06-16,-0.0048780403363080605,0.00915336489417347,0.00220223216828371
2011-06-17,-0.015184312474562214,0.008342099907388772,0.002979790035011226
2011-06-20,-0.015545021670680035,-0.015347159579557344,0.0051030352718654925
2011-06-21,0.031160039664083854,0.0060493695611721085,0.013610883789233762
2011-06-22,-0.008304364626245888,-0.010647938000263615,-0.006043775233231762
2011-06-23,0.026369317421677987,-0.01618725520708277,-0.002879812964450065
2011-06-24,-0.014842757308109708,-0.011015431494703312,-0.011681239151758425
2011-06-27,0.017285245617094935,-0.0015286728646025927,0.008871452522302545
2011-06-28,0.00965067601074868,-0.011155491469544341,0.01296875318203281
2011-06-29,-0.0036455780826572842,0.024983305530059542,0.008527366817612897
2011-06-30,0.00486778873401745,0.004216134648899888,0.009517222408930414
2011-07-01,0.022359381804316222,0.026397989874277297,0.014667783271776336
2011-07-05,0.017815298740159625,-0.015859017897495012,-0.0008214523129511886
2011-07-06,0.006645988163057179,-0.004545897069335987,0.001195000992255844
2011-07-07,0.015346701067246254,0.008330344465817067,0.010321947969037435
2011-07-08,0.007002318389155607,-0.0069123685223905,-0.007117630265760289
2011-07-11,-0.016001108433919446,-0.015482889513162242,-0.018245649654358105
2011-07-12,-0.0007067889799107698,-0.013037253016949236,-0.004328694658392989
2011-07-13,0.011998808005048453,-0.0029969898564428683,0.0033429142155501582
2011-07-14,-0.0006988500236426001,-0.00023128392410293514,-0.006926441687602883
2011-07-15,0.01978814424290361,0.00207663031914879,0.005788159434396988
2011-07-18,0.02404219527428075,-0.00639724539622569,-0.008234881615926113
2011-07-19,0.008126491349158119,-0.0065162444633742374,0.016101243775141504
2011-07-20,0.026319351472813696,0.032616581888229274,-0.0006030164253723295
2011-07-21,0.0010072633843566773,0.021094398256384258,0.013775692213102228
2011-07-22,0.01539864642062124,-0.0006642907325890646,0.0006693207655906037
2011-07-25,0.013135162594811473,0.00998794362695189,-0.005588688098632449
2011-07-26,0.012246012558862249,0.005465645230667358,-0.0037430955746716264
2011-07-27,-0.027187834452415464,-0.021152787120145546,-0.0206881226051473
2011-07-28,-0.001963018612728713,0.00827915822978064,-0.0029137796332675426
2011-07-29,-0.003426123292971136,-0.00642497552666462,-0.00685813322869541
2011-08-01,0.015929724176434422,-0.006094173864653514,-0.004261735152066956
2011-08-02,-0.019958225522793385,-0.02200714279138945,-0.025879299206191947
2011-08-03,0.009366762435734656,0.006456552067613261,0.005404026160310886
2011-08-04,-0.03948843920542798,-0.0453022931906789,-0.04797420645350852
2011-08-05,-0.009987334669120714,-0.008353098958528734,-0.001497752391225747
2011-08-08,-0.056176190958955666,-0.06195344411861343,-0.06734074551389453
2011-08-09,0.05721974945400465,0.042187558529886995,0.04545074099013757
2011-08-10,-0.027980471845066544,-0.10642030342152428,-0.04518345914010253
2011-08-11,0.02715125341746784,0.06796548259308469,0.0439055286717673
2011-08-12,0.008765183218645618,-0.013897912478879825,0.006710415518833347
2011-08-15,0.016886084161774468,0.022581299318232762,0.020944310673875324
2011-08-16,-0.0076709299993587155,-0.019152982089296357,-0.008576077028480908
2011-08-17,-0.00010533829890067773,0.0032464139058382105,0.0006688478301734152
2011-08-18,-0.03855846874248291,-0.035682459272480774,-0.04407580618437761
2011-08-19,-0.027755076809019504,-0.012272573031382458,-0.016465433037812945
2011-08-22,0.001151040120916814,-0.04811465770590877,0.000799016328636921
2011-08-23,0.047019872537916035,0.003280407783853522,0.03238035921940223
2011-08-24,0.006881699671378146,0.031775557856824455,0.013986320175518383
2011-08-25,-0.006560360154318409,-0.004269816154938093,-0.015361266930046621
2011-08-26,0.026041083453352567,0.017239131767882145,0.014429484233521504
2011-08-29,0.016521827094758995,0.037929393963488094,0.028330825094158747
2011-08-30,5.1301715694276354e-05,-0.00467767979503065,0.0026332914927029217
2011-08-31,-0.013319651042081179,0.008989015075130849,0.004428005467643817
2011-09-01,-0.009923620164454756,-0.03555867400334494,-0.010527977003642136
2011-09-02,-0.018488279170000833,-0.04653680850464071,-0.02588192528868904
2011-09-06,0.015097188007589774,-0.023628488096065967,-0.0073242669206602445
2011-09-07,0.01097365983998201,0.03551318192532764,0.02781715011350077
2011-09-08,0.0005465920034268536,-0.03331584441015646,-0.010446091708313546
2011-09-09,-0.017489605013153508,-0.02453742003579719,-0.02655935513686597
2011-09-12,0.006495981701353752,0.006530827165581326,0.0064492097087027285
2011-09-13,0.012242305358784704,0.011304090298759588,0.009129330217173196
2011-09-14,0.012094242126728815,0.004313905393005028,0.013749077645309674
2011-09-15,0.009357830188378647,0.032283795412503494,0.01711035569049332
2011-09-16,0.019005673019686992,-0.004455763165151652,0.005901008377444788
2011-09-19,0.027411133730913077,-0.025248822253843554,-0.010007082033714573
2011-09-20,0.004412008359299481,-0.021213225443435263,-0.0011642841773778277
2011-09-21,-0.0031736189702154605,-0.04739795781261113,-0.02990078855444132
2011-09-22,-0.025358842325475514,-0.040455698177523314,-0.03285860543551473
2011-09-23,0.006152938977864914,0.012687962076371864,0.00600721848181928
2011-09-26,-0.0027986924990929035,0.04076280708812233,0.023501557678123373
2011-09-27,-0.009745536227486435,0.004127058016685167,0.011121640173502758
2011-09-28,-0.0056513211480481735,-0.03298410569928832,-0.02062975829638055
2011-09-29,-0.01635451481175766,0.036193406623456076,0.007872501745198334
2011-09-30,-0.023968335526068644,-0.05474041716172318,-0.025306831648177576
2011-10-03,-0.01777971275858758,-0.04843028722417587,-0.028870743757572443
2011-10-04,-0.0056223410873078306,0.048747152206962296,0.021686026765047214
2011-10-05,0.015318738625467888,-0.0030707377907615726,0.018346336472745396
2011-10-06,-0.0023291445644321764,0.037877878062059445,0.01792919117706515
2011-10-07,-0.020264070740432898,-0.05499216430760121,-0.006718243930882741
2011-10-10,0.05012825428592447,0.03654459061288269,0.03289855839874329
2011-10-11,0.029099116438010254,0.005808699399038127,0.0010028566268708249
2011-10-12,0.004735075714378707,0.02461613504740445,0.008733688583650787
2011-10-13,0.015395854680615044,-0.030320740748723356,-0.0019891708566826555
2011-10-14,0.032684738140686675,0.006014220012971827,0.01694937638787057
2011-10-17,-0.004774258345971376,0.0017557993511752,-0.019275676824187262
2011-10-18,0.005343081402136077,0.053741593017859385,0.01935726727034606
2011-10-19,-0.05756570547236544,-0.014381767991149886,-0.011899604310741677
2011-10-20,-0.008337955737280625,0.0006943383570998254,0.004366008650803987
2011-10-21,-0.00619185862439873,0.01212092742758235,0.018809425800073123
2011-10-24,0.03230746327102784,0.018344380252156175,0.01218644006838839
2011-10-25,-0.019911951522549633,-0.03463848842876669,-0.019635571173252448
2011-10-26,0.007089514558344462,0.05698702472879757,0.010107541892824931
2011-10-27,0.010157811279694217,0.09048544817468197,0.034242184614268825
2011-10-28,0.0006423167314386296,-0.004650202880437266,-0.0002336605962552804
2011-10-31,-0.00042018996036909714,-0.05600157769069784,-0.024401038964702457
2011-11-01,-0.020642472297080924,-0.05642330685043444,-0.028284362395487917
2011-11-02,0.002267263386495375,0.024706913018475794,0.01617963877880369
2011-11-03,0.014141992820524772,0.01449915571184832,0.01806289333238986
2011-11-04,-0.007045997123467606,-0.02482289877327011,-0.00611732384452992
2011-11-07,-0.0012748343908433166,0.0050330978809877336,0.006196770977064417
2011-11-08,0.016129771493982727,0.02811333588324968,0.012749172084568165
2011-11-09,-0.027324989302040182,-0.08562273011984226,-0.03760802425109088
2011-11-10,-0.02577960593294961,-0.0017068605720166367,0.009374335648326175
2011-11-11,-0.0015588698633773048,0.021476254326300005,0.018647796475028674
2011-11-14,-0.014033924657276408,-0.023589339281909694,-0.00951930916578479
2011-11-15,0.02492015003487568,0.004622320198887051,0.00492932521616816
2011-11-16,-0.010496342130600834,-0.0424938215183625,-0.01599004558710045
2011-11-17,-0.019313436199882687,-0.034587332493731915,-0.01600391125065767
2011-11-18,-0.006566520352574527,-0.004776045246206203,-0.0010652818040270717
2011-11-21,-0.01594217454260991,-0.006658764458567439,-0.019202563042028525
2011-11-22,0.020120970846665247,-0.02103030537404913,-0.003936068177832551
2011-11-23,-0.025609861652330236,-0.01703433737623694,-0.022312468476890168
2011-11-25,-0.009362719638591643,0.009737013182014392,-0.0018891479781000674
2011-11-28,0.03393629426649325,0.022615168961074225,0.02855490956303186
2011-11-29,-0.007793811372699315,-0.018076308570451345,0.00283635842445736
2011-11-30,0.02382946969680629,0.07638921347152178,0.04032576291112056
2011-12-01,0.014881272428634866,-0.015029941943543821,-0.00016019889367346684
2011-12-02,0.004552092655458775,0.029426535017917876,-0.0008808406196680797
2011-12-05,0.008457724397829335,0.026083697781350394,0.010833233758428654
2011-12-06,-0.005255503729301029,0.013334583071552697,0.00031696516572426997
2011-12-07,-0.004768701400589376,0.038494358030894606,0.0037155283628339864
2011-12-08,0.004026559599515186,-0.05082760509060044,-0.022180558171997204
2011-12-09,0.007548675959319025,0.015195411465632108,0.01680064433227761
2011-12-12,-0.004532754703727818,-0.03429188455693152,-0.014705022491100134
2011-12-13,-0.007762770850054827,-0.030976056531261634,-0.00938323582639067
2011-12-14,-0.022419412344393867,-0.019014046939733933,-0.010703040527351925
2011-12-15,-0.00329316581081053,-0.014582405692082575,0.003608005303484079
2011-12-16,0.005473793050041108,-0.019780998246781003,0.0014812562242611145
2011-12-19,0.003118863522813088,-0.0269985273935346,-0.010749087995047507
2011-12-20,0.03531727405247439,0.036718091963806425,0.029811387592915763
2011-12-21,0.0012620064648227024,0.011148910520605421,0.001934647320620049
2011-12-22,0.005282943902492003,0.025964250057237334,0.00881946990578357
2011-12-23,0.011922510075565286,-0.00669508654012301,0.0089012686564033
2011-12-27,0.007902199153817298,-0.020356640361210557,0.0007907945776917418
2011-12-28,-0.00961483291537088,-0.019558951327719152,-0.013210019272310974
2011-12-29,0.006140526373233132,0.009827403298036663,0.010280747957938235
2011-12-30,-0.00029611491551352745,-0.00639367140813107,-0.00492808048520216
2012-01-03,0.01526575469691869,0.05308290665243854,0.015810657271178502
2012-01-04,0.005359427249391408,-0.006522902561581519,0.0015669805282832276
2012-01-05,0.011041019672937049,-0.0016900456426933008,0.0026592646585720647
2012-01-06,0.010399424112282903,-0.012340734724681569,-0.002580830107589171
2012-01-09,-0.0015877348560285089,0.013503125178368191,0.002424666060776012
2012-01-10,0.0035742280381948245,0.03772089660304498,0.00863316956348061
2012-01-11,-0.0016313246200348474,0.014438197301716594,0.0005416193211628119
2012-01-12,-0.002749170748473673,0.01443021653310248,0.0023968130505191924
2012-01-13,-0.0037564275606477436,-0.022482067660699646,-0.005187112783433922
2012-01-17,0.011580959036161582,-0.013018863368051381,0.0038736461338438133
2012-01-18,0.010329959736988158,0.06567038235747591,0.01099515818023648
2012-01-19,-0.00317439763444079,0.03179672646060317,0.00526292820510469
2012-01-20,-0.017570074559011224,0.009795670114010415,0.003720234203079196
2012-01-23,0.016775009952499784,-0.005070717585365776,-0.0025802133263053873
2012-01-24,-0.016513315206595477,0.0062658953550819765,-0.0011400208767738552
2012-01-25,0.060567238597259966,-0.005527052326435308,0.00833249879542169
2012-01-26,-0.00455528730310264,0.002675377428177596,-0.005143039577952045
2012-01-27,0.005942153594387823,0.02914017604428288,-0.0004549189078266148
2012-01-30,0.01272981240594077,-0.018420356035649958,-0.003419625696370125
2012-01-31,0.007630559984720079,0.015732214123395465,-0.00038070618615411694
2012-02-01,-0.0006358489582923692,0.017607430250407657,0.008719336452912715
2012-02-02,-0.00234786098371453,-0.0005293237026556987,0.0015838793859580984
2012-02-03,0.009969513028278266,0.035860414615572794,0.013921424810571287
2012-02-06,0.009289555918948953,-0.0011915635467987988,-0.0006694696928039235
2012-02-07,0.01041990193179129,-0.012084112684845449,0.0025259257697497098
2012-02-08,0.016605303411973714,0.0014647727911749045,0.0029630489781761736
2012-02-09,0.03400859823794402,-0.0023274778712255805,0.0012568107477906407
2012-02-10,0.0005063187917042773,-0.015304690374282679,-0.00741533823920245
2012-02-13,0.018434574644418274,0.0035862122885632823,0.0074153382392023875
2012-02-14,0.01355655854494359,-0.014599481632573765,-0.001256810747790629
2012-02-15,-0.02341451265771927,0.0026536978840843726,-0.004670981360301922
2012-02-16,0.009081366696205068,0.013778000312916271,0.011012347433782956
2012-02-17,-0.00017928351731477042,0.010145099698183446,0.0026427655425960072
2012-02-21,0.02503601541211391,0.006192528201472762,0.0004393269673755859
2012-02-22,-0.0035214029005682956,-0.019655003946995545,-0.003229206035318871
2012-02-23,0.0065085996292202014,0.012513160629852933,0.004400999786729245
2012-02-24,0.011589925534828472,0.0006042685247325443,0.0021931144077781267
2012-02-27,0.006392599005234381,0.0031022544585236522,0.0016785397860940227
2012-02-28,0.018187893683276477,0.01055819886402786,0.002912282062745599
2012-02-29,0.01304498559036824,-0.016964808702597405,-0.003933401485221366
2012-03-01,0.003735080977127269,0.05071577422782851,0.005168286757844827
2012-03-02,0.0013031362656510817,-0.009706256287809602,-0.0030539243732245936
2012-03-05,-0.022294472987996194,-0.011149163408589804,-0.004086844345027244
2012-03-06,-0.005453529185279691,-0.04270928426852987,-0.014733135188383534
2012-03-07,0.0008104429692842155,0.023732709056929757,0.006951644967386861
2012-03-08,0.021069137124393043,0.006593016419323778,0.009899664551684676
2012-03-09,0.005850423866563504,0.0010238649406366478,0.003860379056450372
2012-03-12,0.012449749492595608,-0.0025607826951114135,7.266466097312416e-05
2012-03-13,0.02874975629438153,0.0625380574810049,0.01786507092376443
2012-03-14,0.037112746727455063,-0.034056285647556896,-0.0010715560104801584
2012-03-15,-0.0068413273013127,0.022101693022738837,0.005772948588724173
2012-03-16,1.6756766932316414e-05,-0.001057251056461097,0.0013837767158348727
2012-03-19,0.026175686566151605,0.011083005955681758,0.00391270564055406
2012-03-20,0.008053124326109794,0.013742834417358022,-0.002915618632897721
2012-03-21,-0.005726737110237057,-0.0002381406462031728,-0.001638631767332476
2012-03-22,-0.005258666536479883,-0.009970997050234295,-0.00722988528953056
2012-03-23,-0.005503976207026397,0.011477766348768032,0.0032273842469237052
2012-03-26,0.01817075209126139,0.014867680156630302,0.013937944876263665
2012-03-27,0.01228075991586716,-0.013679412998663194,-0.0031124805970650293
2012-03-28,0.0050971409769794114,0.0002373427826215615,-0.0049704164309993465
2012-03-29,-0.012644108596744764,-0.020790749218708354,-0.001710023200401809
2012-03-30,-0.01705034027086312,0.004916934068403218,0.004127081089195678
2012-04-02,0.03132803799285755,0.004251997696507081,0.007288559843004619
2012-04-03,0.01713259293611223,-0.017689483632027974,-0.00409767141662978
2012-04-04,-0.007992742490112031,-0.0226653517245178,-0.009960326854774415
2012-04-05,0.014897241581743327,-0.016473915512503465,-0.0005008713959225568
2012-04-09,0.0040152656715706486,-0.008339689954441185,-0.01129410771564139
2012-04-10,-0.0123190364200276,-0.02124591417749372,-0.016927442748094306
2012-04-11,-0.0035705131773786985,0.011887699319674145,0.008061656922556988
2012-04-12,-0.005492833588158833,0.03774982890923017,0.012980693772656267
2012-04-13,-0.028568979066129728,-0.04502208983333609,-0.011959102458108042
2012-04-16,-0.04235545712983454,0.022679637591345708,-0.0006564747741345134
2012-04-17,0.04971439158900281,-0.007417078320429111,0.01470304432878024
2012-04-18,-0.0022332107650057257,-0.013179270028138377,-0.0033849422918000222
2012-04-19,-0.03496025435830041,-0.015113863097611537,-0.006441894275204832
2012-04-20,-0.024923133702582673,-0.010263872047891564,0.0016686600726853068
2012-04-23,-0.0022363980983874814,-0.006155337569784489,-0.008444116428970052
2012-04-24,-0.02017789996832268,0.020898585010666344,0.0037943984419724765
2012-04-25,0.08502277557606523,-0.0011402217704797604,0.013598730661342654
2012-04-26,-0.003777407301111622,0.005075981836754556,0.006944854926152674
2012-04-27,-0.007764616433128162,-0.0013103441456292788,0.0016392159691388938
2012-04-30,-0.03204994085009366,0.006447356458506013,-0.0037107204956021212
2012-05-01,-0.0031733432363928622,0.001561715325469736,0.006200850820393577
2012-05-02,0.0065916599414143065,-0.013618739943074618,-0.0029883439203475296
2012-05-03,-0.00712450593454615,-0.019885466756123925,-0.007654934298290068
2012-05-04,-0.028892949974953876,-0.023037516753439808,-0.016289920050664968
2012-05-07,0.007455336494349121,0.00958793020781071,0.0007297432464551502
2012-05-08,-0.002285033482596986,-0.006107057075398992,-0.004019800118556426
2012-05-09,0.0017585946355474708,-0.019201456689609497,-0.005949662485501016
2012-05-10,0.00235138374784026,-0.009081588901837483,0.00206064547971313
2012-05-11,-0.006700726567245964,-0.04020725204311348,-0.003018587312083584
2012-05-14,-0.015094821586389142,-0.023378895021320588,-0.011122930367604532
2012-05-15,-0.009087478698084493,0.0010014051015320579,-0.00575777965714828
2012-05-16,-0.012899648700474392,-0.016862439143776112,-0.0038325825730412774
2012-05-17,-0.029662114122527113,-0.011471208801538837,-0.014941880441935458
2012-05-18,0.000489776820084312,-0.016513535688597685,-0.008595462453979213
2012-05-21,0.05662688327817154,0.010625169996986678,0.017041958300565912
2012-05-22,-0.007708792728263561,0.010512953096884839,0.001741374522245556
2012-05-23,0.024106942945211658,0.005215622663631711,0.0005291765336064086
2012-05-24,-0.009226429533069203,-0.012108829154544549,0.001963792004584284
2012-05-25,-0.00537396285406339,-0.00165327395563497,-0.0032498440444103825
2012-05-29,0.017592956702055317,0.01669271960059415,0.012039457697342083
2012-05-30,0.01198502515317574,-0.03377473181900595,-0.014616534227108598
2012-05-31,-0.0024891384342406796,0.011455305640705061,-0.002203416300501354
2012-06-01,-0.02940380974226106,-0.03249746075528969,-0.025499085363570966
2012-06-04,0.005865474130724118,-0.017861425051431238,-0.0004682205324848791
2012-06-05,-0.0025908575001718738,0.01320926644487473,0.007543677463258525
2012-06-06,0.015217308840434138,0.02938697121607341,0.022219622247039446
2012-06-07,0.00045446522894297133,-0.010160731081204334,0.0006059944155779564
2012-06-08,0.014930518295140048,0.005728070058650741,0.007920281608952912
2012-06-11,-0.01589286450037103,-0.01857638818359064,-0.012778625016429093
2012-06-12,0.008698181401203542,0.013273898280952745,0.011425425490307287
2012-06-13,-0.006966490844138041,-0.014136301224277361,-0.00641538173374412
2012-06-14,-0.0011015061306030203,0.011793944592435181,0.010544294528515527
2012-06-15,0.004538604549809615,0.0194220622379699,0.01017558018758267
2012-06-18,0.02008863383032855,-0.0214496422884088,0.0019362396055431787
2012-06-19,0.002778370483275197,0.028844735239635808,0.009626433947434792
2012-06-20,-0.002846354188314389,0.0018654908785397757,-0.0016225497901754332
2012-06-21,-0.013873568491253948,-0.027830770757306313,-0.022694496287587358
2012-06-22,0.007639384201598438,-0.0028794553608694298,0.00767198191843759
2012-06-25,-0.0196561614830382,-0.026076617918205532,-0.01616494365567739
2012-06-26,0.002205509491557726,-0.0020847814389922227,0.0050136343514451485
2012-06-27,0.004308091465883488,0.024308970759258666,0.008976186625028627
2012-06-28,-0.009531397141216707,0.002356470817783014,-0.0028574875384135404
2012-06-29,0.025932676358644255,0.025034321560726748,0.024620991439681997
2012-07-02,0.014483584475662987,0.013161617135028256,0.003007717011480753
2012-07-03,0.011561204328466817,0.015020954649470163,0.0065711058334961036
2012-07-05,0.01741474656767715,-0.027557216823196867,-0.004522170347445728
2012-07-06,-0.006678453687965666,-0.0047022042342073755,-0.009548860051949468
2012-07-09,0.013133476415171631,-0.010529639461142756,-0.0012554623719315638
2012-07-10,-0.009295295219172574,-0.002331578095310343,-0.008758320689367504
2012-07-11,-0.006234216320138707,0.009293352329108443,0.0001488571770342559
2012-07-12,-0.009191314079646419,-0.011737057556962012,-0.004856704344898929
2012-07-13,0.010083983502705446,0.03562721334444193,0.016638667639197358
2012-07-16,0.0032016528549382393,0.0025626592884437803,-0.0023602955794830367
2012-07-17,4.9760869637168664e-05,0.003066184774076092,0.006843990243766002
2012-07-18,-0.0011211647842231472,-0.015116630434731307,0.007379746441541327
2012-07-19,0.013206720810744447,-0.015769444496089618,0.002616876397686129
2012-07-20,-0.01644470699514555,-0.00888171661528376,-0.009190325692175625
2012-07-23,-0.0007783205177846401,-0.010676918400405242,-0.01016376163220941
2012-07-24,-0.0048308002893799615,0.013963935862712036,-0.008623823264740751
2012-07-25,-0.044143875309321005,0.015648804197265397,0.000223591212003325
2012-07-26,-0.00015615083892425716,0.021648094243789814,0.016363111209505222
2012-07-27,0.017723287201455815,0.03585780819139083,0.018265225153804156
2012-07-30,0.016726351038522616,-0.0075056746538171145,0.0
2012-07-31,0.02609258597708915,0.00019844720024127295,-0.007019509871134964
2012-08-01,-0.006488104604014458,-0.00806019806637863,-0.000871351984395874
2012-08-02,0.0016130826941399344,-0.023042998592215164,-0.0069285201947618105
2012-08-03,0.012931160572972857,0.031895516450601034,0.01963925083944752
2012-08-06,0.011063775794044476,0.010246627702512986,0.001935185946339469
2012-08-07,-0.0026378593185098836,0.01188777296231013,0.005001507984457391
2012-08-08,-0.0016923412930021679,-0.0071937633261821106,0.0012104073217694123
2012-08-09,0.005687102534537662,0.01067480318326308,0.0008538576049350339
2012-08-10,0.001561322821061758,-0.005614439860594288,0.0016343296703171667
2012-08-13,0.01326215443333123,0.005710300948612954,-0.0004971009570287454
2012-08-14,0.0026789408234946023,-0.0033836590283283013,0.00014177771171718215
2012-08-15,-0.001362408300200673,-0.0012594687224172705,0.0011362590091986951
2012-08-16,0.008696542444385173,0.003484651556355758,0.007351365102807217
2012-08-17,0.018327545248732906,0.00106261510637117,0.0013369136500851874
2012-08-20,0.02595219852064603,0.016085994810735246,7.032519110085849e-05
2012-08-21,-0.013760798883931493,0.00037961596802420857,-0.0030285266568035383
2012-08-22,0.019337534485308106,-0.006190624734473282,0.0004231265616957448
2012-08-23,-0.00937258050249751,-0.005652970147588974,-0.008212553064471663
2012-08-24,0.0008898342249395287,0.008419500607113418,0.00602405708107843
2012-08-27,0.018612769999326113,0.001523350801018841,0.00021237180623481574
2012-08-28,-0.0013031738021051335,0.003528859707883449,-0.0009897347889193094
2012-08-29,-0.0019727402803054097,0.004749196761916055,0.0007773629826845312
2012-08-30,-0.014357308209844951,-0.007705144970924815,-0.007233830904631431
2012-08-31,0.002061323359721491,0.009504422032694393,0.004757782835738769
2012-09-04,0.014520096440265336,0.006505315923194758,-0.0009213589319754419
2012-09-05,-0.007046678760197696,0.03263510349120802,-0.0008508304285867388
2012-09-06,0.008971324645735718,0.03222037485064541,0.020093134873378934
2012-09-07,0.0061471265422998606,0.024275900455875434,0.0038875640686517297
2012-09-10,-0.02635666309974947,-0.0142853998267114,-0.005697836265279376
2012-09-11,-0.0032494129932395047,0.01737515025060598,0.0027834289130013617
2012-09-12,0.0138308572631706,0.013195814593269649,0.0033300683793892607
2012-09-13,0.019501063286209305,0.02034282251629509,0.01512143763553563
2012-09-14,0.012079467816481568,0.0057020619547351135,0.004424106327651896
2012-09-17,0.012221281016089545,-0.012103252944444002,-0.0034013181321728204
2012-09-18,0.0030389713615029826,-0.00016733260189298786,-0.0008181733877788989
2012-09-19,0.00027103177098371223,-0.007199373387374047,0.0005453022828771553
2012-09-20,-0.004854524230927848,-0.011747305884636126,6.8224757040464e-05
2012-09-21,0.0019873039737943595,-0.007766217023243592,-0.0004179082565871005
2012-09-24,-0.013373286416386389,-0.0010287602998712956,-0.0015096905413616384
2012-09-25,-0.025287696264071464,-0.02694651319817864,-0.010698671933195554
2012-09-26,-0.012490008296131448,-0.003707426339686897,-0.005636999958377549
2012-09-27,0.023974180337506226,0.0188347860396196,0.009377334578136075
2012-09-28,-0.021092032049135696,-0.013542685423004302,-0.0046431998927051405
2012-10-01,-0.011624664912669364,0.027589483464104454,0.002636315471279846
2012-10-02,0.002907515163794341,0.0033316449549149604,0.001038227884376798
2012-10-03,0.015217078621838569,0.0056130875585701165,0.004075083942230079
2012-10-04,-0.006949675712459376,0.016736612140678928,0.00714229898414175
2012-10-05,-0.021541237999227844,-0.0049327558019620615,6.872304377734862e-05
2012-10-08,-0.02234420586841973,0.001255816073446867,-0.0034276013824041597
2012-10-09,-0.003642094738830571,0.0014222800248361654,-0.009936978732483748
2012-10-10,0.007926395585855298,0.003754646816723282,-0.006399821204765878
2012-10-11,-0.020189608534237062,0.015781052734625822,0.0005578826312141651
2012-10-12,0.002559895774040589,-0.01478241888015645,-0.0032837191092873696
2012-10-15,0.007987582150960145,0.03514880257313311,0.008293594111254346
2012-10-16,0.023402313934443697,-0.010334377839045924,0.010082030181566995
2012-10-17,-0.008003745791793153,0.013702068795425862,0.004524668753598295
2012-10-18,-0.01874372169742599,0.0018398359431763046,-0.00260231585323486
2012-10-19,-0.03670536880493386,-0.012301003797049771,-0.016805064836216303
2012-10-22,0.03889975807761522,-0.006899373532782734,0.00013979767143604328
2012-10-23,-0.03314432934241461,-0.031189518652343748,-0.013973486381693438
2012-10-24,0.005641448072682743,0.006449696200315317,-0.002832675987525475
2012-10-25,-0.011888966520074174,-0.0004170732151172265,0.002903414124276712
2012-10-26,-0.009130228105308018,-0.002341743284745039,-0.0005655661133806257
2012-10-31,-0.01447484046887012,0.024398228018676867,0.0
2012-11-01,0.0020470239078710646,0.019900641197564448,0.010415709660420613
2012-11-02,-0.03365057119546827,-0.012898249666721201,-0.008931207873612528
2012-11-05,0.013466672756061972,0.006711561548684968,0.002046056042085012
2012-11-06,-0.003032738573359469,0.017337817652618992,0.007795219742500575
2012-11-07,-0.0390138678728826,-0.06774884808733346,-0.022924630152465233
2012-11-08,-0.03696498681525234,-0.02323794150444088,-0.012097124393130146
2012-11-09,0.01716401647689456,0.007605197577822227,0.0008691553340071893
2012-11-12,-0.007761770250190583,0.009340363714037524,0.0007958410604235063
2012-11-13,0.0001288999807737595,-0.006589253156260469,-0.003478037877975839
2012-11-14,-0.011150458700984309,-0.01933250508868023,-0.013590718086827977
2012-11-15,-0.02119594751545866,0.010449966997838766,-0.0016933275345433678
2012-11-16,0.0039114758507889785,0.0034586862304134755,0.0049254043011168255
2012-11-19,0.0696267337230558,0.021013897446924952,0.020036700642492713
2012-11-20,-0.00855639378308178,-0.0017768254012310225,0.00043161508836592747
2012-11-21,0.0014076608834989717,-0.00330799139119911,0.001866008399240273
2012-11-23,0.017296160890747023,0.02193306535097765,0.013533335647902421
2012-11-26,0.03106124484551037,0.005222938840568711,-0.0021248409482378626
2012-11-27,-0.00808987249404537,-0.02114162105793769,-0.005117770559976664
2012-11-28,-0.003150916793895288,0.011971112581485489,0.008019951642270052
2012-11-29,0.010952040281087249,-0.00504074518769025,0.004655274404386068
2012-11-30,-0.006946475125864711,-0.007948675135196932,0.0002108139820156374
2012-12-03,0.0015535945423328736,0.005165359090998587,-0.0049366747436066635
2012-12-04,-0.017796405012561044,-0.015491175644856536,-0.0014146923764671625
2012-12-05,-0.06652188525165881,0.004706888671005854,0.0017681897317390317
2012-12-06,0.015562197569889412,0.0005972977758696933,0.003386591159465876
2012-12-07,-0.025897223203173912,-0.0053897426497754985,0.0030236384863737975
2012-12-10,-0.006453246972611895,0.0037673524278007122,0.0004216762003651288
2012-12-11,0.021602666404706573,0.01568686013335805,0.0067852101904038
2012-12-12,-0.004424727783355679,-0.006499136423152022,0.0004878896744585726
2012-12-13,-0.017423163254362797,0.003465905694399251,-0.006151103928969631
2012-12-14,-0.03829350091550672,0.007231014644456042,-0.003722332681930057
2012-12-17,0.017577608461225983,0.03401619470675266,0.011683795877602281
2012-12-18,0.02863253762508354,0.034071480012795474,0.011067179983035181
2012-12-19,-0.014318304746137597,-0.004077990451729966,-0.007456867567741487
2012-12-20,-0.008740486552096886,0.01922482538785614,0.005735657363946928
2012-12-21,-0.004610574214732773,-0.009916809220680209,-0.009118130603374587
2012-12-24,0.0016161990345206888,-0.007031468330069739,-0.003086358977837056
2012-12-26,-0.013879721071605618,-0.0029842080126415496,-0.004224266479820158
2012-12-27,0.004008059314911638,-0.0038610427513994204,-0.0013412094311161568
2012-12-28,-0.010677796065535148,-0.009120029754440834,-0.010867170856525245
2012-12-31,0.04335671257437913,0.016121976525939438,0.016853486483505837
2013-01-02,0.031190219598274026,0.031635840527290925,0.025307650067019193
2013-01-03,-0.012702511984591111,-0.0054834626271126,-0.0022622454412253323
2013-01-04,-0.028250552742784738,0.02689921121870745,0.004382084893933088
2013-01-07,-0.005899254830033204,-0.0018602441030095619,-0.002736667102432235
2013-01-08,0.002687657898335161,-0.009053370582793933,-0.002881128295678383
2013-01-09,-0.015752352021556934,0.009500302264351165,0.002538764603818
2013-01-10,0.012320400889437082,0.022452989985392097,0.007918543450777724
2013-01-11,-0.006151210079106649,-0.001749029783082902,-6.832548670689655e-05
2013-01-14,-0.03630293662864611,-0.007318814903799447,-0.0006799165372809821
2013-01-15,-0.03205826319178452,-0.003975044099464637,0.0006799165372810172
2013-01-16,0.04067038446983142,0.039762641488316305,-0.00013601166141311155
2013-01-17,-0.00676067293408231,-0.0005673493654383248,0.006439366683092085
2013-01-18,-0.00534542690199294,0.02410283512020076,0.002227391916712565
2013-01-22,0.00949459741421178,0.010330613701757954,0.005379197624940716
2013-01-23,0.018139881461936364,-0.002676078416443995,0.0016079335722776035
2013-01-24,-0.13188468011082422,-0.0041301177012917755,0.00026778061159586376
2013-01-25,-0.023855997928071894,-0.0034551705740832454,0.005606380432290735
2013-01-28,0.022367709148312372,-0.0021482111990878865,-0.0011989618197826408
2013-01-29,0.018588680101011876,0.02025825182826005,0.00392371164737361
2013-01-30,-0.0031469655025644777,0.0003396855313720762,-0.00392371164737371
2013-01-31,-0.002937736717774265,0.004813228395841719,-0.0024681506872929887
2013-02-01,-0.004113726557402872,0.013702275739710496,0.010234368604509454
2013-02-04,-0.02522658682708229,-0.01600437596643158,-0.011304165653478648
2013-02-05,0.03448649672185232,0.019667315087609695,0.01004723093557533
2013-02-06,-0.0010707826813817637,0.004443100142801013,0.0007277845557703937
2013-02-07,0.029300064152554414,-0.005706839602476579,-0.0013241017028174178
2013-02-08,0.014334459652237567,0.008878225408251105,0.0055491672464299605
2013-02-11,0.01036705261029003,0.004212886640919243,-0.0001975399166331187
2013-02-12,-0.025384989178325674,0.012208460179231424,0.0016457753434195753
2013-02-13,-0.001903653314778144,0.0026569608459931903,0.0008547389970704337
2013-02-14,-0.0009002665897337886,0.00908373310020676,0.0009194922998263748
2013-02-15,-0.01387612396034102,-0.006046939292972434,-0.001182260500854181
2013-02-19,-0.00036984669048167835,0.023340296907642943,0.007466324754313642
2013-02-20,-0.024516050028195957,-0.022114911358421818,-0.012540830843960439
2013-02-21,-0.006235315128476666,-0.0281012480492344,-0.0060983410443833505
2013-02-22,0.010592686487995311,0.021052091503097423,0.00972534288709439
2013-02-25,-0.017927786674054126,-0.04269221088672155,-0.01921041041852488
2013-02-26,0.01383770523967442,0.005760171519033217,0.006822502614025559
2013-02-27,-0.009848356406712812,0.024362673306833723,0.0125199019237111
2013-02-28,-0.0071562656522557305,-0.012541501543386714,-0.0019768642245107247
2013-03-01,-0.025073490719047485,0.0051285765246195285,0.0032923743522348626
2013-03-04,-0.024504017964625115,0.010901700587419749,0.005310958706301608
2013-03-05,0.026058995670362923,0.005112529831364006,0.0089187500148897
2013-03-06,-0.012792043567263288,0.007619864506181668,0.0013601511473063852
2013-03-07,0.011492581079379133,0.016026079199603215,0.0018108894298665666
2013-03-08,0.002643852645685021,-0.02351502787475244,0.004255201695592158
2013-03-11,0.014144669370170058,0.0020893987374391606,0.0037880445486515564
2013-03-12,-0.02179460769459087,-0.009503607543778873,-0.0022455189917963314
2013-03-13,-0.000186655495726978,0.00039492395112379847,0.001412166746008527
2013-03-14,0.00964188950396762,0.013794468290449672,0.005310238994290819
2013-03-15,0.025475870422635282,0.005309426911671728,-0.0013218188800294512
2013-03-18,0.02682016370536292,-0.018840527998920074,-0.005533766409889357
2013-03-19,-0.0027026018060005703,-0.020679689560699346,-0.002325785058202933
2013-03-20,-0.005316723192037681,0.008630119645273843,0.006961251413866445
2013-03-21,0.0014363235147362996,-0.032150995571437406,-0.00857976114493526
2013-03-22,0.020074320213394982,0.00835677429251466,0.008001755147470362
2013-03-25,0.0036092200889887936,-0.003348046956562982,-0.0041866454212890775
2013-03-26,-0.005277349127347376,0.0029386824125902356,0.007970488306569967
2013-03-27,-0.019842514689772873,0.008832085354799863,0.0
2013-03-28,-0.021057510845139658,-0.0046779454409886885,0.0030686189557942952
2013-04-01,-0.031554498417024936,-0.007571887987925298,-0.003964786319939252
2013-04-02,0.002049643667937102,0.004372649293912193,0.004922122045375369
2013-04-03,0.005105477592197808,-0.022545793737138484,-0.010191279086407346
2013-04-04,-0.009933529552987038,-0.0029325132690975505,0.004050495480387899
2013-04-05,-0.010623964171766967,0.004882755411395706,-0.004501003320033759
2013-04-08,0.007087434700890297,0.0009049922059367054,0.006744175483805612
2013-04-09,0.0018048640840266192,0.018598855388340604,0.003451001362964882
2013-04-10,0.02019383116454077,0.019867376810165965,0.012173902654138915
2013-04-11,-0.0031265892547630903,-0.002613122588446952,0.00327232581161323
2013-04-12,-0.010484442380953148,0.0003356978000269072,-0.0024530441781866565
2013-04-15,-0.023422535460091657,-0.017999207241566798,-0.023446061506431165
2013-04-16,0.015105066676959803,-0.016244574613036813,0.014654435513470449
2013-04-17,-0.05656235284000021,-0.024588933881005328,-0.014719179297981874
2013-04-18,-0.027050572765511198,-0.01432679450989086,-0.006272914108797006
2013-04-19,-0.003884880971907123,0.0008655046923719942,0.008655558242758363
2013-04-22,0.02062917664529739,0.00575040713067747,0.004427823752497784
2013-04-23,0.018539257535924475,0.024217019943980622,0.0102567038979342
2013-04-24,-0.0016509694257554536,0.006901935270758045,0.000632907271247985
2013-04-25,0.007176162654557168,0.005750396143055486,0.004046301257458003
2013-04-26,0.02136749300318078,-0.004500151598705063,-0.0017680876641795094
2013-04-29,0.03049841575671603,0.006914994600071024,0.006676145128808115
2013-04-30,0.029008751623137364,0.006593543424765097,0.0023826430015273835
2013-05-01,-0.00791341832999182,-0.023971624808524425,-0.008806228515269604
2013-05-02,0.014082601394568853,0.007404984156549748,0.009244525786221855
2013-05-03,0.009960796150034442,0.011762896817186487,0.010090117435629556
2013-05-06,0.023565882282603576,0.02096635885162945,0.002536882807767882
2013-05-07,-0.004459895834176642,0.005843539163070646,0.0050564218607179415
2013-05-08,0.011230881151997016,0.006275356857570739,0.004540405508074321
2013-05-09,-0.008762412032431631,-0.011512907913556627,-0.0028202745731224763
2013-05-10,-0.008354277780473676,0.003763083509947075,0.0032490455572119965
2013-05-13,0.003899874392793448,0.0035482713496295185,0.0007948825105874967
2013-05-14,-0.024216607125709895,0.032158218651322686,0.010280666989033203
2013-05-15,-0.034401879927692,0.007029140979903944,0.005372303142528691
2013-05-16,0.013272756410396725,-0.007353105229232436,-0.004706603675224928
2013-05-17,-0.003041957252590149,0.02373438278094356,0.009630672759815913
2013-05-20,0.022073998064064192,0.004540812392978885,-6.0159553466971016e-05
2013-05-21,-0.007410226115631608,0.011451122534663807,0.001436652209059175
2013-05-22,0.0038364606803110543,-0.008686090534176613,-0.007444558082582439
2013-05-23,0.0017882675762668102,-0.012186275472786426,-0.002897581962754472
2013-05-24,0.0067846728054640985,0.00828817167804158,-0.0008461045201464768
2013-05-28,-0.008369022702718172,0.015552652010417795,0.005970444567117176
2013-05-29,0.00791989747847669,0.013412457744059787,-0.006515383965355829
2013-05-30,0.014790382848174084,0.009046515795600521,0.0036853954144588173
2013-05-31,-0.004105149146123164,-0.013908133057905333,-0.01445552916965157
2013-06-03,0.002198964566257979,0.009089452569308905,0.005490705324471579
2013-06-04,-0.0031333109357744252,-0.011560727693585262,-0.004818461009370916
2013-06-05,-0.009391585031079166,-0.021126853821808022,-0.0141002227372067
2013-06-06,-0.015052728669701618,0.008679493071828666,0.009012781038902608
2013-06-07,0.0076113734665043615,0.03887650247934674,0.012639933118611729
2013-06-10,-0.006631177545791138,0.008875693015586751,0.0
2013-06-11,-0.00294368864254618,-0.025273891494975033,-0.010369084078465405
2013-06-12,-0.012439674021017349,-0.008918380953322577,-0.008311410924471912
2013-06-13,0.008685026869750015,0.024171270493473365,0.015094228912346675
2013-06-14,-0.013648969016460347,-0.017643635021602534,-0.006292339308734047
2013-06-17,0.0045237987530442406,0.007277935472120279,0.007691816531801015
2013-06-18,-0.0005324295997036956,0.00024325974816331218,0.007874236625654299
2013-06-19,-0.020520649348089857,-0.015903889758292194,-0.013912183493538812
2013-06-20,-0.01466968053717887,-0.03880955415801142,-0.025090685166796824
2013-06-21,-0.008045101728434211,-0.0074922458384037325,0.003204549926008654
2013-06-24,-0.026862931714462482,-0.022753182499110892,-0.012716648203217053
2013-06-25,0.00022349828516468191,0.015008408628060283,0.009568499673722097
2013-06-26,-0.011390109704443062,-0.009188728847320951,0.00985258938313751
2013-06-27,-0.010835618091150955,0.012124701524794446,0.005852699930753072
2013-06-28,0.006959381819506308,-0.014831760408858032,-0.004105863652796828
2013-07-01,0.0315014595073917,0.003300214828135957,0.005842514928500619
2013-07-02,0.0223998750126468,-0.005484474794560435,-0.0009303869315516109
2013-07-03,0.005504650761263189,-0.003252265196030075,0.0004345085271918197
2013-07-05,-0.00806464745530063,0.018507812705449555,0.010731071274920062
2013-07-08,-0.005693910898052397,0.0037125253534621852,0.00568808826080576
2013-07-09,0.01743519355334985,0.020145171635769697,0.007172026042173732
2013-07-10,-0.003843187058437515,-0.0070976476595346885,0.00036337699518385454
2013-07-11,0.015471713360970021,0.011992198883036561,0.013528664448553437
2013-07-12,-0.0018269284707272725,0.01510364999470504,0.00041777680067172263
2013-07-15,0.002178094631317845,0.017888479750148942,0.003813267548960596
2013-07-16,0.006436151701743422,-0.017077423405632935,-0.0037534046712819195
2013-07-17,0.00025580658059671775,0.007832573964108117,0.0025633552451301807
2013-07-18,0.003363825075575568,0.01572721747810713,0.005462764443956467
2013-07-19,-0.01589821887671516,0.0018271717575641076,0.0017751675804479402
2013-07-22,0.0031951438468763114,0.011433474490451513,0.001948961747820507
2013-07-23,-0.017319990342922965,5.9657460914324816e-05,-0.0021265842691582095
2013-07-24,0.05008629148444776,-0.007364583944054632,-0.0036719999954830003
2013-07-25,-0.004573470986627011,0.005257572946943352,0.00242989833603593
2013-07-26,0.005662482298967923,-0.003925375781892883,0.0010650101850499635
2013-07-29,0.015302360194218115,-0.012727689366149543,-0.0030799214304179207
2013-07-30,0.012274082931614496,-0.004544962410676086,0.0
2013-07-31,-0.0017444701312519558,0.009801691641672319,0.0007116021858657561
2013-08-01,0.009128835864713298,0.020874702781348453,0.011492035382107572
2013-08-02,0.012750218795360133,0.0007759133228126934,0.0016977949793612855
2013-08-05,0.01482873280786288,0.004167428651810413,-0.0014635640775711271
2013-08-06,-0.008986723096550853,-0.02125588085391207,-0.005698510319262489
2013-08-07,-0.000580688879603442,-0.008104189895429713,-0.003245447245027641
2013-08-08,-0.0019936027773094023,-0.003738758381131175,0.0036578127690209813
2013-08-09,-0.014331915639954033,-0.004369869433012764,-0.0028894616885611494
2013-08-12,0.02801188549434867,-0.002717593222175402,-0.001182340555515486
2013-08-13,0.04642778391348533,0.012415520092788637,0.0029522246983733793
2013-08-14,0.01807565862085052,-0.0022623735043312936,-0.005142919832404554
2013-08-15,-0.001184158314690011,-0.015983747564789815,-0.014084562333401052
2013-08-16,0.00883852980636029,-0.000559937294877461,-0.0033111311949340356
2013-08-19,0.010711672681095626,-0.012716094999407608,-0.006412674009854582
2013-08-20,-0.01322362599923669,0.005845770261362438,0.004904003289758436
2013-08-21,0.00257184201707815,-0.015473939866805985,-0.00617918431203071
2013-08-22,0.001193448491142665,0.014533287586712615,0.009073714717281654
2013-08-23,-0.0038649105576823673,-0.00477878853763381,0.0033668536366888136
2013-08-26,0.0038845613810325197,-0.004738487867758701,-0.0037277535661740845
2013-08-27,-0.0290065952311341,-0.03002215195343194,-0.016215080170850816
2013-08-28,0.004716731746977727,0.0015702100771656801,0.003544817356270394
2013-08-29,0.0016280589684563225,0.00430507654804829,0.0015845345353139233
2013-08-30,-0.009152947851197706,-0.009811218523455801,-0.003172397727173963
2013-09-03,0.002787040145257239,0.017140244910302214,0.00451184052749864
2013-09-04,0.020482086436648454,0.006312180006759775,0.008239046657300087
2013-09-05,-0.006881778399012846,0.002756720992616937,0.0012662607383609225
2013-09-06,0.005938582300582021,0.0031330412683130628,0.0004817835092486323
2013-09-09,0.015831220046071206,0.01790288194450866,0.009530602748413485
2013-09-10,-0.02304280048887802,0.03481295616468847,0.007369567147602843
2013-09-11,-0.05598155422560002,-0.00048431356310189036,0.003134245630992336
2013-09-12,0.01059102931468536,-0.01041416616292351,-0.0026604242527840044
2013-09-13,-0.016617280562271807,0.003971370601050867,0.00224652314699246
2013-09-16,-0.0323081879271584,0.01830663847409605,0.005771262825931325
2013-09-17,0.01148637347212182,0.002332259565548123,0.004452361596359556
2013-09-18,0.02034852213153554,0.0038158453613921883,0.011507588525050964
2013-09-19,0.01626526028113987,-0.0016676121023608634,-0.001677284484990552
2013-09-20,-0.010407237434978936,0.01167297301109291,-0.0070161128750036725
2013-09-23,0.04850393604397913,-0.026867314830044935,-0.004638043560767907
2013-09-24,-0.0031441253350509408,-0.013893102925054015,-0.0023569363166542597
2013-09-25,-0.015598495785312777,-0.0040581434085607635,-0.002894462924655725
2013-09-26,0.009692421633920197,-0.00012355543837459408,0.003837971128931605
2013-09-27,-0.007162036528619062,-0.015148544980219895,-0.004607179178456029
2013-09-30,-0.012506249067830065,-0.010312841438553934,-0.005342364952048535
2013-10-01,0.023241208010076193,0.004980918872295969,0.007884860846032129
2013-10-02,0.003273295049688607,-0.002077616741560287,-0.0009457949694983375
2013-10-03,-0.012642006601040206,-0.01153645741999956,-0.009263544860657539
2013-10-04,-0.0007859638980486667,-0.0019149878547665307,0.007548900184442166
2013-10-07,0.009724082677823369,-0.014800313220137353,-0.008682971341245132
2013-10-08,-0.014060537936898794,-0.0078102109393449175,-0.011714753036994827
2013-10-09,0.011679215634653073,0.00904131319872542,0.0007247716646041229
2013-10-10,0.006248733169677154,0.02285236692649361,0.021329281012743565
2013-10-11,0.006452827994940526,0.012515498491236215,0.006422193812582711
2013-10-14,0.0065329505177615385,-0.0033804515267608424,0.003985895823953152
2013-10-15,0.005308403655041876,-0.011542362101943895,-0.007280153041516185
2013-10-16,0.004861010776738446,0.028887368353020505,0.013869281330301174
2013-10-17,0.006742340934438159,-0.024519808668042344,0.006660786020048874
2013-10-18,0.008663544447335749,0.0023339913384708114,0.006731385072674599
2013-10-21,0.02420934018580854,0.006782458922598111,5.733093239907847e-05
2013-10-22,-0.0028622158211430637,-0.0032594582486743795,0.005774854512393944
2013-10-23,0.009743409276435855,-0.009526921662653823,-0.004800080376701307
2013-10-24,0.013152099203681732,0.013975397944577852,0.003316894502150805
2013-10-25,-0.011248853282748711,0.013227674329056398,0.0045570598370687524
2013-10-28,0.00742471533344023,-0.003955767838826986,0.00159013652252966
2013-10-29,-0.025226205496146344,0.004079116979203024,0.005319889975715876
2013-10-30,0.015784092406605287,-0.00037009307554557,-0.004979759033842846
2013-10-31,-0.004200202603627257,-0.007370276421062797,-0.0028400842340887953
2013-11-01,-0.005121217918698862,0.007370276421062716,0.0023863714932923145
2013-11-04,0.012839612634177155,0.0068265192244305805,0.0035122664670276735
2013-11-05,-0.002471245991285967,-0.007444004634263035,-0.0031717746179484915
2013-11-06,-0.0028369493463182797,0.009648264657631689,0.005092979925560001
2013-11-07,-0.01631519211415542,-0.024014551237519707,-0.012724151677732227
2013-11-08,0.015623927088837277,0.021870998922296287,0.013401117669485069
2013-11-11,-0.0029047918642102154,0.004097732801835258,0.00016906312529488664
2013-11-12,0.0018475089801109773,-0.005814770457568146,-0.002032251496570876
2013-11-13,0.0011914798591883507,0.00030721681324397213,0.00799246088604742
2013-11-14,0.014360063617408374,0.0015939410566407981,0.0049768007279856145
2013-11-15,-0.006020727691609469,0.007326300186126768,0.004341508262506447
2013-11-18,-0.012188248746460201,0.007755867348041197,-0.0035050686756377147
2013-11-19,0.0017726435585824853,0.005537614165694447,-0.00217586140051213
2013-11-20,-0.008796112964844541,-0.009650596567981133,-0.003132948742840514
2013-11-21,0.011851805952071612,0.012467585098605849,0.008036363143234535
2013-11-22,-0.002574621276334172,0.006145828501973342,0.004989773809974565
2013-11-25,0.007551274532417663,0.008176381354663583,-0.000996153622044681
2013-11-26,0.018276402898786768,-0.008532880627880966,0.0002771407727240637
2013-11-27,0.023273966422666752,0.0043485343253107595,0.0024319569697597745
2013-11-29,0.01834870371551731,0.004270810098082787,-0.0006630645978931086
2013-12-02,-0.008742308009085518,0.004606979078596916,-0.002599391412565216
2013-12-03,0.027007365726936315,-0.009888906089564295,-0.004330043620979731
2013-12-04,-0.002333867460465253,0.0038606165603590962,-0.00011135741913456624
2013-12-05,0.005119222993563586,-0.018788347491747435,-0.0044049155274173985
2013-12-06,-0.013972451096912702,0.00991707196993728,0.011114534006151347
2013-12-09,0.011381039773428366,0.002747082816879584,0.0025390205450380194
2013-12-10,-0.0015548954873774417,0.012211449351105692,-0.0035899813462390512
2013-12-11,-0.007436647436868567,-0.012628789187443841,-0.011294102794426603
2013-12-12,-0.001461456212687969,0.004345801414830287,-0.0033062326486206443
2013-12-13,-0.010960141920661975,0.00035632706702868217,-0.00011268912516150072
2013-12-16,0.005522050234196091,0.015088695031820473,0.006213143411283294
2013-12-17,-0.0045123897385017505,-0.002694416728234793,-0.00318611489918668
2013-12-18,-0.007632709591787193,0.025194459899486543,0.016928643203463562
2013-12-19,-0.011522760866396238,-0.00040011119645879745,-0.0011567357154186773
2013-12-20,0.008340320450614955,0.0022285259431818563,0.005800323765479807
2013-12-23,0.03765948596146867,0.007451221638003344,0.00532844733400448
2013-12-24,-0.004253946990074494,-0.001758233781852551,0.0021886690147602515
2013-12-26,-0.006664052257367568,0.0016446912509376346,0.005071303911815107
2013-12-27,-0.0067790441105925045,-0.0005668105166238878,-5.459957640079332e-05
2013-12-30,-0.009994290111562035,-0.0035219639797484602,-0.00016289449830657636
2013-12-31,0.011653393418173001,0.00866895493954922,0.004721460640659449
2014-01-02,-0.014163279848701622,-0.002089150053172496,-0.009630044694239429
2014-01-03,-0.02221073752790512,0.007097325984529193,-0.000163825759161046
2014-01-06,0.005438000675581164,0.0068246865083629055,-0.002902131906928658
2014-01-07,-0.007177438896545188,-0.0060391469857738285,0.006122646608315481
2014-01-08,0.0063133247987586525,0.0008412282471103156,0.00021830768116615795
2014-01-09,-0.012852878223750499,-0.0058453528357605535,0.0006533039838811788
2014-01-10,-0.006694724891480036,0.0055648776331274985,0.00271942437827083
2014-01-13,0.005221673649728875,-0.014170055459487527,-0.013394461212237791
2014-01-14,0.019702762737643743,0.004085293870048127,0.010839321577329327
2014-01-15,0.01987819083484962,0.012101024261266835,0.005375101797460939
2014-01-16,-0.0055956881430647394,-0.020231675486475934,-0.001300933570269373
2014-01-17,-0.02480666003144881,0.0063171591546490055,-0.004238452970553975
2014-01-21,0.015417470206958304,-0.01762704985805373,0.002936540569880949
2014-01-22,0.004433815126904029,0.0027681267675340243,0.0006513724541117068
2014-01-23,0.008431660304166467,-0.01701439467678384,-0.008227006072161973
2014-01-24,-0.018344484372238908,-0.01838166853628231,-0.021566892486897853
2014-01-27,0.008079502995343862,-0.01775368731313128,-0.00493141127325785
2014-01-28,-0.08330271974901725,0.009427779745075984,0.005937289785681312
2014-01-29,-0.01141690171932419,-0.014236272563179803,-0.009651687495099794
2014-01-30,-0.0019394061456416885,0.011766433328376976,0.010544859707522895
2014-01-31,0.0016392926872136483,-0.010424894749731552,-0.005875844634663729
2014-02-03,0.0018563296588219964,-0.026549849359728706,-0.02276252061964561
2014-02-04,0.01437127939123737,0.012065309115343655,0.006980316985201607
2014-02-05,0.007441748924519124,-0.008318301817820416,-0.0012549050413577893
2014-02-06,0.0058117530128845366,0.008256847315140413,0.013100680719594108
2014-02-07,0.013892583163470404,0.0011120467190833172,0.012319631547185702
2014-02-10,0.017756305275247495,-0.0057596521187817514,0.0018351540091199495
2014-02-11,0.013090369816738947,0.020837203940542535,0.010884458933171935
2014-02-12,-7.495928948503403e-05,-0.005428870160032974,0.000494163633467525
2014-02-13,0.01575452403872725,0.0034195492451919536,0.005149638266662908
2014-02-14,-0.0008085337032691253,-0.002074494485623126,0.005503749142188615
2014-02-18,0.003670111153439674,0.00566429139414494,0.0011949983744624978
2014-02-19,-0.01591369307492142,-0.008477981063451502,-0.006644206060551736
2014-02-20,-0.011642977269707326,0.007566499966935838,0.005883471384703549
2014-02-21,-0.011169934946595943,0.0,-0.0011412152318501277
2014-02-24,0.004369549060130987,0.012324663270292543,0.005531875368627789
2014-02-25,-0.01046126899777403,-0.0185443693322211,-0.00037845828163148406
2014-02-26,-0.009062889544551492,-0.0007984199442452151,5.379768891314337e-05
2014-02-27,0.019751658216275825,0.01572324636943737,0.005233554235478395
2014-02-28,-0.0027138670283177505,0.0064493904630707815,0.0025262214042187058
2014-03-03,0.0028842257487230708,-0.010326811932786496,-0.007056799941833638
2014-03-04,0.006572346621310571,0.02393157602454568,0.013957426437400075
2014-03-05,0.0021058725699532334,0.018613062230932502,0.0009062375046620377
2014-03-06,-0.003028869412141857,0.004064021047385175,0.00228722867867661
2014-03-07,-0.0005840165685057782,0.009571035214490702,0.00042516605405888236
2014-03-10,0.0009042729239937024,-0.004313178937993531,-0.0005310604166242646
2014-03-11,0.009690771808446498,-0.02108374215431063,-0.004955223024142346
2014-03-12,0.0009697295696475581,-0.0010010928032994951,0.0002672364642706467
2014-03-13,-0.011168736910105065,-0.0179543984412978,-0.01127662330673007
2014-03-14,-0.011295704887866574,-0.008131164748380802,-0.0028118289219907703
2014-03-17,0.0038996141188339215,0.00897093045542657,0.00900305333089682
2014-03-18,0.008807667010732186,0.007464351597850244,0.007112439685891569
2014-03-19,-0.00026267443176815363,0.0005350657129238987,-0.0053433290117869256
2014-03-20,-0.004830553257970916,0.006164628085711979,0.0058229404674796665
2014-03-21,0.007856173179352334,-0.013505012199220161,-0.0038864481420095467
2014-03-24,0.011790532145611439,-0.007394896423463129,-0.004143465704818642
2014-03-25,0.010699457678887034,-0.015016876213471876,0.004734622987887716
2014-03-26,-0.009605954547806569,-0.009354598737446897,-0.007218628187057612
2014-03-27,-0.004307139009201118,0.0034566891776145916,-0.0021104863305206343
2014-03-28,-0.0011167051396407338,6.169652147482717e-05,0.004917725726699042
2014-03-31,-0.0002234907495940381,0.009505245874259495,0.008160794091853581
2014-04-01,0.009105901756094251,0.012554033425154076,0.006609303043324807
2014-04-02,0.001660302106245884,0.00810345939843904,0.0033405125736229546
2014-04-03,-0.006954314554742251,-0.0070797984763600556,-0.0013242098251270034
2014-04-04,-0.013021277103573497,-0.017307946707935996,-0.011892739882921851
2014-04-07,-0.015824903385324243,-0.029088240146543914,-0.011113060313833857
2014-04-08,-5.7794352267695905e-05,-0.01269434859138229,0.004114937846894029
2014-04-09,0.013058514497983403,0.010168325693859857,0.010693207033190025
2014-04-10,-0.01298200204326266,-0.013879272241790655,-0.021229538563007036
2014-04-11,-0.007419752826768839,-0.021121574681878544,-0.009049318060496423
2014-04-14,0.003975579198774114,0.013139828328714099,0.00784732662985669
2014-04-15,-0.007156442228740973,0.001162650951208674,0.006863554714451216
2014-04-16,0.0020253022566457677,0.0147370864800974,0.010423565419190576
2014-04-17,0.011360286137722627,0.0013985057247324427,0.001395806977500776
2014-04-21,0.01179904401991808,0.0022843256559863458,0.003481067578202008
2014-04-22,0.0009966747797643494,0.016716286575486225,0.004534701992486832
2014-04-23,-0.0131572020517639,-6.27040262460833e-05,-0.002345003132851189
2014-04-24,0.07879413072771269,0.002490255004885975,0.0020251996595392193
2014-04-25,0.007318076436696919,-0.016359526445404313,-0.008232615365087915
2014-04-28,0.03799656476767196,-0.010801554805251393,0.0031625072240674392
2014-04-29,-0.002966992090946726,0.010801554805251377,0.004644443205384557
2014-04-30,-0.003788721807430255,0.009934946900151231,0.0029779476337982174
2014-05-01,0.0023524456722251487,0.003435612559181857,0.00010624121335663907
2014-05-02,0.0018582207333802205,-0.009334490938326136,-0.0014346612228526175
2014-05-05,0.01404260951615662,-0.01605209103729447,0.0019124577776126058
2014-05-06,-0.010959203281061397,-0.011643815378853657,-0.008742272527856918
2014-05-07,-0.0035053508332702913,0.006321110048567947,0.005872462057879402
2014-05-08,-0.0017839120616854995,0.012016151810884166,-0.0010650676814464115
2014-05-09,-0.0041753644766875245,-0.0012718894595585483,0.0014907374292210784
2014-05-12,0.012372663499123481,0.014838730190165262,0.00968865985197819
2014-05-13,0.001567427239243194,0.004565104016450797,0.0008957040679276598
2014-05-14,0.00018562920302178188,-0.005191914779968476,-0.004749655609555488
2014-05-15,-0.008539643697034903,-0.017780549477456043,-0.008818308726298142
2014-05-16,0.014650233056865115,-0.0013413956023250705,0.0034623371824098266
2014-05-19,0.011779547041627194,0.0078957321195729,0.0036623234396034785
2014-05-20,0.00019851866465466053,-0.008407263487479217,-0.006325010365109895
2014-05-21,0.0026416499368587124,0.019005970446265112,0.00838932581566416
2014-05-22,0.0015826496998460242,0.0031326360711749113,0.0024293359290741812
2014-05-23,0.011233498902250042,0.0019374991149454616,0.004000723120184152
2014-05-27,0.018552164686814355,0.010002556993978892,0.006128091168238818
2014-05-28,-0.0025929540468271725,-0.0001863027265167844,-0.0007316275866105778
2014-05-29,0.018057253435707802,-0.002795550200281185,0.005159218264955198
2014-05-30,-0.003752983804160538,-0.0058026268844219575,0.0016106258600216544
2014-06-02,-0.006895921909415235,0.0013759181256730625,0.0011408761356177235
2014-06-03,0.014042503013878061,0.010999378713158217,-0.0005184363950340094
2014-06-04,0.011354489564858215,0.0036398945911139072,0.0020206943865343245
2014-06-05,0.003915580519273456,0.0011695988575076914,0.006501061013578459
2014-06-06,-0.0027534459235184997,0.02196115490281829,0.004771290893116586
2014-06-09,0.015874623057118658,-0.0011438317526954853,0.0010229227068844838
2014-06-10,0.00585252980151772,0.002166395174938777,0.00010238812644131951
2014-06-11,-0.00414601363749643,-0.005606109562572486,-0.003482569586639498
2014-06-12,-0.01686868781840338,0.003199227771057779,-0.007105010132942671
2014-06-13,-0.011004224943664527,-0.0004224946480452747,0.003043639995289062
2014-06-16,0.010028448288708603,-0.00024099325433869195,0.0008240564694427526
2014-06-17,-0.001302360943111692,0.014188833109041583,0.0027756464254814575
2014-06-18,0.0010853084285743781,0.00970152516687146,0.00731268681604876
2014-06-19,-0.003477747419049815,-0.0007651512750669252,0.0011204589954543244
2014-06-20,-0.010395291737359645,0.0006477606172963157,0.002028030445883659
2014-06-23,-0.0008805347119441783,0.0023523005637778346,-0.00030615276804902875
2014-06-24,-0.006073563643877382,-0.011877457953987515,-0.006042271728552845
2014-06-25,0.0008856077481237901,0.0008917617308017214,0.0045089553647170814
2014-06-26,0.005958430269638212,-0.002200113968011967,-0.0007154045316235315
2014-06-27,0.01181120887694736,-0.0073477365610735675,0.0019423790694243575
2014-06-30,0.010275450990111687,0.003949815726204162,-0.0005107465647075521
2014-07-01,0.0063283432753241135,-0.0037696417231914674,0.006670780879875576
2014-07-02,-0.0004273716083457804,0.00047927046913172626,0.0010149191896602144
2014-07-03,0.005866261852170277,0.015281849031169817,0.004905834911765132
2014-07-07,0.0204215155616817,-0.009963441229525959,-0.0034874699952233443
2014-07-08,-0.006480936502496274,-0.017253597406961228,-0.006451083970131353
2014-07-09,0.000419356582524868,-0.0014562514382635036,0.004474314357717517
2014-07-10,-0.003676193388441077,-0.007619565336588198,-0.003964920653544285
2014-07-11,0.001892643579436421,0.008408568355822186,0.001374391013114048
2014-07-14,0.01283438824611312,0.01326133300363809,0.005022893402764239
2014-07-15,-0.01178494199473129,0.012910140448553209,-0.0018739590664621525
2014-07-16,-0.005681166741297416,0.007655394441729664,0.0036942628384880704
2014-07-17,-0.01799218996635199,-0.0019374612165331164,-0.011431261692177503
2014-07-18,0.014292569566808288,0.00778651744725015,0.010167534457347674
2014-07-21,-0.005202756580125876,0.001456989983662484,-0.0018731990750817291
2014-07-22,0.008269088257776799,0.01903487298024095,0.0043484983831886675
2014-07-23,0.02574273738393458,0.010232226545295252,0.002217065685738413
2014-07-24,-0.0016479981676491417,-0.0031723817437822083,5.082397071873938e-05
2014-07-25,0.006574512616016445,-0.004891083121536633,-0.0046927866426487675
2014-07-28,0.01372732335345405,0.003130543651566087,0.0004049197187105699
2014-07-29,-0.006484410660641756,-0.0023326125429932384,-0.004306995201414777
2014-07-30,-0.0023401952938592735,0.001252700363139453,0.00015244596452527873
2014-07-31,-0.02632450946676199,-0.016579852278741074,-0.019945952378041556
2014-08-01,0.005528593070842027,-0.015271721277773032,-0.0030602752246152803
2014-08-04,-0.005633344751890483,0.008422732681842496,0.007195172794442034
2014-08-05,-0.004928613472403269,-0.013309741431407429,-0.00974366650832655
2014-08-06,-0.0016836173546971307,0.0018868989171958173,0.0003124195441843215
2014-08-07,-0.00010564095690480396,-0.003777478439087867,-0.005429658410363373
2014-08-08,0.0027477959446501683,0.01851438028192365,0.011502942562888266
2014-08-11,0.013107965622385016,0.0011605968043377286,0.0028935527931553615
2014-08-12,-0.00020862234511170662,-0.0007543905871163736,-0.0013939469547084693
2014-08-13,0.013146455732535567,0.00023215510915928925,0.00674582149557409
2014-08-14,0.0026703531934760454,0.0020863076204725916,0.004710702015512053
2014-08-15,0.00491120617943235,-0.004816563137555406,-0.00020412020663079897
2014-08-18,0.011970949720756257,0.015298532060219429,0.008344216803832528
2014-08-19,0.013721488261168603,-0.003386221915930026,0.005205361057755362
2014-08-20,0.0003978505104882528,0.0004023476953752788,0.002667890718477777
2014-08-21,9.958852388649161e-05,0.006415424773827952,0.0029117962759123146
2014-08-22,0.007330287693494987,0.0018251161581314497,-0.0015553130536463617
2014-08-25,0.0021693216430189576,0.013584780754809775,0.005057553411000329
2014-08-26,-0.006421993417318018,0.00016883340740805024,0.0006494031036058282
2014-08-27,0.012215594871270635,0.002590416159972551,-0.0003997118028668136
2014-08-28,0.0011740578061768172,-0.0009006326834451743,-0.000549235344366873
2014-08-29,0.0024418803753976795,0.00818548830964561,0.002843772293049334
2014-09-02,0.007774823972288847,0.0036776966929854228,-0.0004981139478173726
2014-09-03,-0.04312399795423089,-0.000946091491790399,-0.000548528526698342
2014-09-04,-0.00832244483585661,0.002668922474408385,-0.001447530674669794
2014-09-05,0.008626014015610776,-0.0018342584553946604,0.0044851721906391554
2014-09-08,-0.00618216380543455,0.002000610759789515,-0.002588839986698421
2014-09-09,-0.003769654924360555,-0.015160322822824882,-0.006351339601831088
2014-09-10,0.030255376354596047,0.013827346212205091,0.0037555935725020182
2014-09-11,0.004248562988586113,0.006262630430829134,0.0011485858281657412
2014-09-12,0.002264990410642917,0.011917628516917751,-0.005857937299410854
2014-09-15,-0.00029527978825970416,0.004411897761724204,-0.0007537579265902996
2014-09-16,-0.0076052931899780974,0.0003263537771458037,0.0075103652642277505
2014-09-17,0.007113250448248375,0.0042293124539779445,0.0013459348484717146
2014-09-18,0.002065379771273425,0.016474493517338522,0.005315766111444833
2014-09-19,-0.008187681180194742,-0.00903561686118597,-0.0009015853562579309
2014-09-22,0.0009900536930629248,-0.004899131116934026,-0.007752713603100659
2014-09-23,0.015513159886372412,-0.0010797433590625748,-0.005740909832472892
2014-09-24,-0.008708613379535894,0.01458879135472747,0.007797268747677497
2014-09-25,-0.03887912455707455,-0.020006416367739456,-0.016267153892815297
2014-09-26,0.029002060878908553,0.005579164806955061,0.007914298062935341
2014-09-29,-0.006372545992842811,-0.006992362123136885,-0.0018208394229959025
2014-09-30,0.006372545992842903,-0.0014153014860857126,-0.0026360417810010095
2014-10-01,-0.015705496172866755,-0.015758082243204453,-0.013644273466890384
2014-10-02,0.007233132853512141,0.011992115811316949,0.0001541486955005615
2014-10-03,-0.002806835660888313,0.02798435481208272,0.010949390135685097
2014-10-06,0.0,-0.003142373121932507,-0.0011712025144165698
2014-10-07,-0.008771277857729621,-0.01982380350597746,-0.01555658589916548
2014-10-08,0.020546744041781955,0.015333227197428015,0.017338380417639562
2014-10-09,0.00218024327255603,-0.02919392860360931,-0.02003278293714143
2014-10-10,-0.002874673813961008,-0.004922293143647984,-0.011479964924696022
2014-10-13,-0.009175832543848472,-0.00896531047575253,-0.01656350511640169
2014-10-14,-0.010676480956528598,-0.00039142984296549656,0.0015461569767122151
2014-10-15,-0.012328873505828427,-0.008203699922462164,-0.00678908149006597
2014-10-16,-0.0132099794044438,-0.02664415664290549,-0.0008583170884532564
2014-10-17,0.014541984772949716,0.024780155743213298,0.011741291729505792
2014-10-20,0.021172852338866344,0.005243669744799801,0.00966305851543951
2014-10-21,0.02680272103461435,0.013071832888786297,0.019616816351416
2014-10-22,0.0050616374701093645,-0.01876752179266003,-0.007135826136421049
2014-10-23,0.017708220126743862,0.018101355434192938,0.011557776467020341
2014-10-24,0.003713207916803878,0.018106573738505168,0.007665644137497031
2014-10-27,-0.001045850101999285,0.003049842146891368,-0.0013759693202887479
2014-10-28,0.015388422007344419,0.013018882051697742,0.011405508926875784
2014-10-29,0.005605532752944612,-0.0012889310670407175,-0.0015131706373117356
2014-10-30,-0.003359304843164344,0.004771666579336907,0.006389904996989051
2014-10-31,0.009489314062734204,0.016023197745521505,0.011370365810525475
2014-11-03,0.01287955061437779,0.0044115701761598255,0.0005455072311848822
2014-11-04,-0.007339475638738964,-0.0029390843798858548,-0.0034751888994001045
2014-11-05,0.002390958971227441,-0.0022621454964119815,0.006296225501764964
2014-11-06,0.0028561536442699006,0.006091469972225681,0.003995032372398493
2014-11-07,0.002847702971804799,-0.0015192167870644838,0.0009349307223849527
2014-11-10,-0.0016525379336734937,0.005698966125374405,0.003142283196515558
2014-11-11,0.007962507291470858,0.0004170455821853188,0.0009801637555211116
2014-11-12,0.014030564500701033,-0.008899505325855303,-0.0010779688864344097
2014-11-13,0.014013695164889537,0.00031601776842061076,0.0011273657691555315
2014-11-14,0.011982442289980844,-0.001367782499976923,0.00024476512243781486
2014-11-17,-0.001665440367138798,-0.00026326520919037736,0.0006360545486637486
2014-11-18,0.012900194011875813,-0.0015280845535662734,0.005757145612674547
2014-11-19,-0.006952482858930909,-0.002375536736276783,-0.0016062839611919741
2014-11-20,0.014200886120530205,0.0029556350445120463,0.0017523954772486695
2014-11-21,0.0013744398530192985,-0.0008439365098543317,0.005336442003497979
2014-11-24,0.018375615327848926,0.002528870623274233,0.002802327571305459
2014-11-25,-0.008720283943885807,-0.006386425597106332,-0.0007241280869242853
2014-11-26,0.011834555949690791,-0.0018018810254409258,0.0025559085577424277
2014-11-28,-0.0005886234135146618,0.002603936541898981,-0.0021214763611792187
2014-12-01,-0.03299430634915449,-0.0011151136921126348,-0.006974206733809243
2014-12-02,-0.003831277528945289,0.010518089635108932,0.0064433579039478795
2014-12-03,0.011277074250228475,0.003988156711760376,0.0038554190849825008
2014-12-04,-0.0038023546365679632,0.0052236100383892484,-0.0011066642937369098
2014-12-05,-0.004252025086733304,0.01806948472455481,0.0016360067700371232
2014-12-08,-0.02286793617020307,0.005968299206718494,-0.006705240009702206
2014-12-09,0.015186256388188402,0.001372144180783096,-0.0006780054238453846
2014-12-10,-0.01919795506139888,-0.025149566790463367,-0.01616121929917395
2014-12-11,-0.0029521077485995697,0.007988593862774148,0.005057401517025197
2014-12-12,-0.01707729407009844,-0.02468960978923957,-0.016293592040742037
2014-12-15,-0.013764357320667095,-0.01752404085376813,-0.006893198267974762
2014-12-16,-0.013768953254295162,-0.012091715912691064,-0.008051853948263134
2014-12-17,0.0246126220072185,0.009339440945939801,0.019415311726622028
2014-12-18,0.029183006416189598,0.034944096359046925,0.024427785597439154
2014-12-19,-0.007752643124321611,0.00867762024110297,0.0042454405538172365
2014-12-22,0.010323660213245989,0.0059838121590406025,0.004589856248127962
2014-12-23,-0.003547539670063486,0.005436918600000982,0.0013482020782244072
2014-12-24,-0.004720882465629893,0.0019928189128297085,9.656086827632817e-05
2014-12-26,0.01752271216497382,-0.0022488111220746237,0.003219486886688019
2014-12-29,-0.0007019731178401207,0.003778976142430475,0.0013425521139515462
2014-12-30,-0.012277564352419888,-0.002449876373952411,-0.005380078319881466
2014-12-31,-0.019202057604229075,-0.009652156463011813,-0.009973366073199692
2015-01-02,-0.00955816629930989,0.0029877446978590306,-0.0005348969592380556
2015-01-05,-0.028576393511677897,-0.03172085310216537,-0.018224781646832916
2015-01-06,9.466911104471147e-05,-0.020436213691761875,-0.009463745573693996
2015-01-07,0.013924406790444337,0.014792728180740728,0.01238424836112945
2015-01-08,0.037702441636870275,0.0158391395271523,0.0175893893175524
2015-01-09,0.0010719251821440802,-0.01546570801405054,-0.008045843572072308
2015-01-12,-0.02494942694528967,-0.012244131724967768,-0.007863949475446528
2015-01-13,0.008839904530704509,-0.0007570335984912707,-0.0028167717438408353
2015-01-14,-0.0038177454926891156,-0.025743415223550944,-0.006055787216422122
2015-01-15,-0.027515516004831573,-0.009701229894509568,-0.00920265893889574
2015-01-16,-0.007800649501042091,-0.007084378716094943,0.013028766750417727
2015-01-20,0.02543148113679772,-0.009068843936849785,0.002130673816762706
2015-01-21,0.007604803597665423,0.008617355111169985,0.005034736657156431
2015-01-22,0.02568333636891669,0.0272294434434778,0.014761912311411123
2015-01-23,0.0051462972164005635,-0.008551087702574026,-0.005497774658364299
2015-01-26,0.0010620464682776533,-0.0003875218848559924,0.0023387873214437476
2015-01-27,-0.03564128172723287,-0.022023225973989046,-0.013277869645358868
2015-01-28,0.054992931840674504,-0.01968380059082773,-0.012907583154110946
2015-01-29,0.0306585102246077,0.016846864922506647,0.009201057216178631
2015-01-30,-0.014741867944458188,-0.020551709415792242,-0.012654584348631643
2015-02-02,0.012468540850816128,0.01770615930069403,0.012308096074223127
2015-02-03,0.0001687737414732545,0.02670752409510468,0.014357508931303015
2015-02-04,0.007640179380983099,-0.008132930546751111,-0.003815372001488615
2015-02-05,0.007112200269290409,0.011068915550787735,0.010044978484688038
2015-02-06,-0.00845650864252007,0.0146079345512436,-0.0027693761047789043
2015-02-09,0.006620643771920619,-0.006618276165602025,-0.004486212648306592
2015-02-10,0.019029140273259297,0.012759672975963232,0.010597188821622095
2015-02-11,0.023168334948295653,0.01660408297016429,0.0005804288835767775
2015-02-12,0.012572863529045426,0.011286992354552251,0.009570401537607425
2015-02-13,0.004890552611941908,-0.004119034235721919,0.004108145947553258
2015-02-17,0.0058844841189681875,0.005382745655918421,0.0015716573517337172
2015-02-18,0.0069382724633495815,-0.007130048521841171,9.538840164279875e-05
2015-02-19,-0.0020998725818767603,0.0023296307888725823,-0.0007137434518521385
2015-02-20,0.008141342028383522,0.012610658980646073,0.005982434592725971
2015-02-23,0.026668109250195984,-0.006285250620585516,-0.00014229033680658693
2015-02-24,-0.0062601390167706114,0.009986076869481565,0.002837170231868994
2015-02-25,-0.025905576930119495,-0.002604577008010655,-0.0008503498324056888
2015-02-26,0.012576816438299571,0.005635113046772192,-0.0011818830223448357
2015-02-27,-0.015142551504267425,-0.012618274303544721,-0.0034121605279009504
2015-03-02,0.004892214342720088,0.010482510028532937,0.006293759314478154
2015-03-03,0.0020896052685926776,-0.0027151460944851965,-0.004112653701862006
2015-03-04,-0.006359505883115654,-0.008400111194880362,-0.004224707867625635
2015-03-05,-0.016709235805716954,0.002159410485677965,0.0010936417111554171
2015-03-06,0.0015017953712526241,-0.016817799424045706,-0.014164412172649316
2015-03-09,0.004256115479486329,0.00544206885881645,0.004136201212870543
2015-03-10,-0.020902747661667408,-0.028169105271662418,-0.016354891057160165
2015-03-11,-0.01839937437694529,0.008013467988552701,-0.002344697633935747
2015-03-12,0.0179174626949862,0.030847244915645163,0.012633765570567404
2015-03-13,-0.006934502375615108,-0.00321648102159736,-0.00615103548169798
2015-03-16,0.010944385377073986,0.013430000385841979,0.0132719547488927
2015-03-17,0.01658822005637603,-0.006954578706164132,-0.0029766567468342002
2015-03-18,0.011193428033809075,0.009141016277618548,0.011949771559946434
2015-03-19,-0.007579087818828333,-0.012294676785823796,-0.004571762189562271
2015-03-20,-0.012628480403822587,0.016497158983144414,0.00878801621672815
2015-03-23,0.010351383694807792,-0.0060760240500854585,-0.0019506663435861508
2015-03-24,-0.0040959198992138075,-0.003549015087911698,-0.005634738986913198
2015-03-25,-0.026474176115581626,-0.020759985668766,-0.014762357048527871
2015-03-26,0.006945916353090829,-0.0005871785448733817,-0.002383999338674478
2015-03-27,-0.008000166169506188,0.004369933853712675,0.002286928465598736
2015-03-30,0.024999056713064727,0.0156170091214963,0.012126061479013534
2015-03-31,-0.015470470294164047,-0.016095367412275442,-0.008777827831062183
2015-04-01,-0.0014477769744626853,0.022409594630761448,-0.003542761289235051
2015-04-02,0.00857475352775203,-0.003543229451141657,0.0035912247524702056
2015-04-06,0.016068574182229418,0.002606458266848474,0.006710573829005269
2015-04-07,-0.010577437401756524,0.0017692146802577532,-0.002649956908542682
2015-04-08,-0.0032592346538243603,0.000883286840339648,0.0033713267303880556
2015-04-09,0.007613997986946672,0.01202720584194291,0.004413729222048551
2015-04-10,0.0042579309610056406,0.003841139425950166,0.005442429325887666
2015-04-13,-0.001969084711234544,-0.0003069120743357982,-0.004533342314009233
2015-04-14,-0.0043450576026297155,0.010882431165908694,0.0019113920515422221
2015-04-15,0.0037932811188975063,0.01695062240998805,0.004476988105115664
2015-04-16,-0.0048229404493828855,-0.004435926404579921,-0.00028521362479549803
2015-04-17,-0.011318596705057297,-0.01438788287829474,-0.011569949791575853
2015-04-20,0.022588502920397498,0.003792965964676234,0.009094977023291371
2015-04-21,-0.00542246088355773,-0.006380231882125058,-0.0011919666917029853
2015-04-22,0.01338420628919661,0.007490686864559651,0.004901957943043957
2015-04-23,0.008130757664748212,0.004979268636857282,0.0025132861930798186
2015-04-24,0.004693133180266037,-0.0066449337826113885,0.0023178390560984305
2015-04-27,0.018027900020491917,-0.007451950055461285,-0.004166545168351831
2015-04-28,-0.015880813736619658,0.004923788837113,0.003173656959873177
2015-04-29,-0.014815255584990368,0.00540272171532721,-0.004122830506882403
2015-04-30,-0.02750489587087078,-0.010835856096049496,-0.01007107394951115
2015-05-01,0.02991165563529054,0.00563526078972615,0.010782973101882372
2015-05-04,-0.001940541107168871,0.00892070131453589,0.0028434096823418227
2015-05-05,-0.022790596399196873,-0.010135903849106844,-0.011517987395327608
2015-05-06,-0.006299515911525673,-0.005285689078566692,-0.00412488493535764
2015-05-07,0.0061661487151944165,0.005792210968000927,0.003981287840209575
2015-05-08,0.018665214989611916,0.015632392496027915,0.01308017629618974
2015-05-11,-0.010238468804780038,0.006115906726553809,-0.0047840462356537475
2015-05-12,-0.003568903922848898,-0.005966204516583402,-0.0029957593298352123
2015-05-13,0.0011117575330618131,0.004478034343858937,0.00019030024891486516
2015-05-14,0.023063274950026642,0.005890558023195001,0.010373695783840176
2015-05-15,-0.0013966233900666622,0.0017257963052144524,0.0010833055309019406
2015-05-18,0.010966925001005502,0.00829203207254627,0.0031018872622157324
2015-05-19,-0.0009216227479674684,0.003609054136553537,-0.0003286879433657907
2015-05-20,-7.7437377654068e-05,-0.0015590738933886701,-0.0007040041909226021
2015-05-21,0.010174206487282346,-0.0006343470131561658,0.0029082362742191576
2015-05-22,0.008714487089815336,0.013810000401598466,-0.0023918432459424715
2015-05-26,-0.022277548169082177,-0.006856888558258552,-0.010809784228028672
2015-05-27,0.018497810798223935,0.012902534476878934,0.009447360770238191
2015-05-28,-0.0019708229269886973,0.0003354867553293759,-0.001129155141398304
2015-05-29,-0.011447838832377088,-0.011045075933295219,-0.006232027779109289
2015-06-01,0.0019936881144458807,0.007825948808731189,0.0020341140623980616
2015-06-02,-0.004453028419464672,-0.006662833697324141,-0.0009931769910587814
2015-06-03,0.0012305576137231144,0.008970520022174537,0.002646080624511851
2015-06-04,-0.005858153599774101,0.0027805587178811038,-0.00848222723106306
2015-06-05,-0.005503611643562485,0.007535838726595383,-0.0017149501604955745
2015-06-08,-0.0066290462908146055,-0.0031408858626340345,-0.006168311900260129
2015-06-09,-0.002977659718570489,-0.0036774229969824346,-0.00014415106209333432
2015-06-10,0.011392866361372952,0.019472825007892096,0.01192227924330406
2015-06-11,-0.002252880337746776,0.003793206019982394,0.0032181405650705736
2015-06-12,-0.011104144782479966,-0.004121994582952275,-0.00768424244681207
2015-06-15,-0.001968024272210879,-0.006120022888412673,-0.004295008963896222
2015-06-16,0.005343659972448226,0.008464534448160362,0.0054371543624589
2015-06-17,-0.002353950197334734,-0.002954706532320541,0.0016155912007758996
2015-06-18,0.004545933282122892,0.007812418873066315,0.01034576302911916
2015-06-19,-0.010059836028709234,-0.006592223250236533,-0.004449224326152253
2015-06-22,0.007946314168588398,0.015452927423135566,0.005110373605976159
2015-06-23,-0.004555640620063177,0.008691686210656174,0.0007076675501322437
2015-06-24,0.00846620166418228,-0.018344934975854443,-0.007289354146550398
2015-06-25,-0.004773101525826051,-0.007536579981901389,-0.0030448872367421615
2015-06-26,-0.005899564598551651,0.001643024576952119,-0.00019091893159608344
2015-06-29,-0.01767004162709178,-0.026235558006487126,-0.0211932901039282
2015-06-30,0.007201168737692397,0.005474266588135248,0.0020909885457677997
2015-07-01,0.009284663801069449,0.005493299549107165,0.007983897769543948
2015-07-02,-0.0012646588972131173,-0.0035310144975662346,-0.0009163868107500834
2015-07-06,-0.0034859117016180696,-0.005560425867859048,-0.002849998797249318
2015-07-07,-0.0024633266098477765,0.0008167868443862521,0.006269216824790391
2015-07-08,-0.025136368308250962,-0.020133435730242993,-0.016919507035465013
2015-07-09,-0.020607546460497738,0.003669117229141197,0.0018073287180001498
2015-07-10,0.026383443975219998,0.01155337731527895,0.012512762376147856
2015-07-13,0.019121744446772487,0.014042525301232098,0.010976659377211205
2015-07-14,-0.0003979812440580314,0.009662004573761155,0.004328689992128453
2015-07-15,0.009586718045307727,0.0037636193281207716,-0.00033233177964574635
2015-07-16,0.01323770513879103,-0.008393537432243595,0.007992449227058693
2015-07-17,0.008600662523091034,0.006042946963015528,0.0008473985270459447
2015-07-20,0.018725197758522747,-0.00032955793233476155,0.0005176161614218699
2015-07-21,-0.010044978278367983,-0.004199180552711901,-0.003959495230094306
2015-07-22,-0.0432147746530995,0.008240309319064205,-0.0017958275183329025
2015-07-23,-0.00047957556774820174,-0.010370146545494107,-0.005645735853172975
2015-07-24,-0.005287133068993733,-0.01768701220704729,-0.010426174264271587
2015-07-27,-0.013993218764536457,-0.011300625026008324,-0.005834022569410647
2015-07-28,0.004956472549809569,0.005933067282741542,0.01220782392430986
2015-07-29,-0.0031658991103233826,0.002905009225655,0.006855433274946873
2015-07-30,-0.005053763241032058,0.0017388719238281653,0.00023728532160422925
2015-07-31,-0.008782688863737316,-0.010333130234360189,-0.0015189739093179684
2015-08-03,-0.023860238361941774,-0.0018546220680941566,-0.0033788666242735364
2015-08-04,-0.0326095244319745,0.0023421725634107295,-0.001956048063063106
2015-08-05,0.00660750083288708,0.0025799552535025585,0.0032901642966062764
2015-08-06,0.002173883410866409,-0.002970383214064617,-0.008221772582573441
2015-08-07,0.0033814165487707445,-0.008077326794095277,-0.0019214377871334596
2015-08-10,0.03571231230691957,0.012359440868207746,0.012520553022865907
2015-08-11,-0.053440985389813164,-0.020949307884866247,-0.009064390735229159
2015-08-12,0.015302113567665828,-0.002829887079467245,0.001197528301940987
2015-08-13,-0.0007812863485158577,-0.0019408332262368317,-0.0012452417532050825
2015-08-14,0.007009625842601767,0.006356134938878048,0.003635567741105628
2015-08-17,0.010295492059861595,0.0027187420737199027,0.00557118244963063
2015-08-18,-0.005649581688992978,-0.006885133732237781,-0.0029007203814369474
2015-08-19,-0.012872052223025156,-0.0011441604090536915,-0.007937022895029547
2015-08-20,-0.020733419199409978,-0.021122240979432706,-0.02110227767441811
2015-08-21,-0.06311313162417512,-0.04687601193148334,-0.030564765813908275
2015-08-24,-0.025279036390335744,-0.04510591953048181,-0.04301925261334001
2015-08-25,0.005994336504885217,-0.006933108589567352,-0.01183754357831763
2015-08-26,0.05577045163166684,0.034088885572722084,0.037675006698843334
2015-08-27,0.02902102216724541,0.02574982922439758,0.024434291781557323
2015-08-28,0.0032717695412050763,-0.004305237272645882,5.023727008614069e-05
2015-08-31,-0.004689543682072727,0.004517154386206636,-0.00811199420306119
2015-09-01,-0.0457261519525093,-0.03496240240880813,-0.030302299821174435
2015-09-02,0.04199471347779141,0.013037542722633497,0.018803031995203025
2015-09-03,-0.017691750309129745,0.0029766699428599177,0.0007165078876401543
2015-09-04,-0.010016833882007702,-0.025614551485599563,-0.015252468900054071
2015-09-08,0.02744124865867542,0.030035880438044504,0.024820395720174453
2015-09-09,-0.019419894308979932,-0.0010768769416549056,-0.013461954969233072
2015-09-10,0.021732541112530382,0.001238211999767466,0.005426994800929894
2015-09-11,0.014463517706397602,-0.0034489677628388323,0.004534060010232767
2015-09-14,0.009585191933132165,-0.007204035344997069,-0.0037171949005038165
2015-09-15,0.008376858168021726,0.018902384146221,0.01242158052197579
2015-09-16,0.0011174756968855438,0.006328417380660976,0.008629272634668212
2015-09-17,-0.021622036103080854,-0.011677500437334825,-0.0022502441995870485
2015-09-18,-0.004134115821248527,-0.02999778412336704,-0.016476779747372668
2015-09-21,0.015394277318918133,0.013231826369526066,0.005154440092950157
2015-09-22,-0.015834990140194887,-0.019997205067049856,-0.013064840702819469
2015-09-23,0.008079735108024486,-0.001726074266873226,-0.0016000181579525295
2015-09-24,0.005930951183858769,-0.014032521245997128,-0.0036222886191702645
2015-09-25,-0.0025250962976809854,0.016370225900866522,-0.0002590286214677083
2015-09-28,-0.01998723436838366,-0.03860417511884593,-0.025417616875088585
2015-09-29,-0.03052200044120812,-0.006726968010238947,0.0005849413497347995
2015-09-30,0.011305756658144504,0.010994600611025728,0.01848632705946545
2015-10-01,-0.006548838648906589,0.012922513483067236,0.0026058071777261666
2015-10-02,0.007274249759851688,0.005608597988374342,0.014827402270707725
2015-10-05,0.003616878204639425,0.02063206451499534,0.01763834777986589
2015-10-06,0.00477308557453084,-0.0021048912418692293,-0.0034322617090598714
2015-10-07,-0.004773085574530733,0.010536188069253999,0.008157646030235539
2015-10-08,-0.011621526150204996,-0.006385480451086468,0.008986056014124442
2015-10-09,0.023645562391546214,-0.01043718218640784,0.0005960462563247248
2015-10-12,-0.0046489772840974395,0.005786961656267639,0.0009433226190125138
2015-10-13,0.0017010749798298697,0.004097154130183021,-0.006322117716035175
2015-10-14,-0.014234561024211402,-0.008099845571595767,-0.004805459422335611
2015-10-15,0.014860600217356267,0.02990860844290028,0.015237659400888032
2015-10-16,-0.007357699780935221,0.0011884662022728148,0.0045361945940412774
2015-10-19,0.006195048163524057,0.0030198083282821984,0.0004920703126713085
2015-10-20,0.018093345736300934,-0.0012391423392598602,-0.001279348949150765
2015-10-21,-8.783425935292569e-05,-0.03182020239546346,-0.0062229498765070815
2015-10-22,0.01517955986472011,0.02125286475333331,0.016752879049752027
2015-10-23,0.030524794490325885,0.010513480161127192,0.01090192820774857
2015-10-26,-0.03243148512771377,0.008107178798175406,-0.0024609023825990966
2015-10-27,-0.006352273647749212,-0.0037501403556594952,-0.0019340152830160232
2015-10-28,0.04037835171107965,0.026535446117257937,0.011310440369468981
2015-10-29,0.0105088138135754,-0.00750251989350878,-0.0005746520726221979
2015-10-30,-0.008582512764604278,-0.012666110989537502,-0.004319004041682278
2015-11-02,0.013960762637988988,0.011559515268245737,0.011761336478765027
2015-11-03,0.011405247950979736,0.005310827219942806,0.0028956566186868608
2015-11-04,-0.00466114865436154,0.005021265377759955,-0.0030381973816268654
2015-11-05,-0.00462052528530107,0.0019289428091394474,-0.000998874476740535
2015-11-06,0.0011569943383861804,0.03655957747346677,-0.0005232593124875275
2015-11-09,-0.004055877498604723,-0.01217430655858546,-0.009375662523885468
2015-11-10,-0.03202435175779796,0.005322170146931773,0.0023043744348328014
2015-11-11,-0.005667853911224648,-0.0021252788490436748,-0.003939427541609118
2015-11-12,-0.0033647083247289665,-0.02368367220100425,-0.014058112172285855
2015-11-13,-0.029643338011786743,-0.012423115184868785,-0.011291994062229497
2015-11-16,0.016246142922721616,0.009253667010952208,0.01509265192805563
2015-11-17,-0.004300867538187155,-0.008308560829339647,-0.0007300712883388603
2015-11-18,0.03117411521684942,0.016084264788943915,0.015741643222711377
2015-11-19,0.0126235958800756,-0.0032586634627568846,-0.0008629675140795535
2015-11-20,0.004368389375472446,-0.008114310296366466,0.003637841336993748
2015-11-23,-0.013077685408280866,-0.011979370054970448,-0.001147482110554951
2015-11-24,0.00955068151910249,-0.0027529204607204755,0.0013385721904518354
2015-11-25,-0.007175556642775054,0.0025413647562612745,-0.00014316191820026088
2015-11-27,-0.0018658074801376034,0.006954146168552529,0.001145677592202877
2015-11-30,0.004150484533195568,0.0010533755294146162,-0.00416005007425205
2015-12-01,-0.008147795671364151,0.01592358116468269,0.00949029554901324
2015-12-02,-0.009074778001762198,-0.014661171523283272,-0.010257381299356955
2015-12-03,-0.009331272308800218,-0.026955125069519446,-0.014101617754357214
2015-12-04,0.0327057271280213,0.0255350126266468,0.019315163433409773
2015-12-07,-0.006320682827232891,-0.02397032818665896,-0.006077253849715362
2015-12-08,-0.00042298911308304247,-0.013952098372632801,-0.006742026930109712
2015-12-09,-0.022322881497796,-0.012155570398917178,-0.007809696498386704
2015-12-10,0.0047456626697855225,0.007717281402167883,0.0025773517113844052
2015-12-11,-0.026075059683397135,-0.030950066948196887,-0.019571000864717275
2015-12-14,-0.006203967318308596,-0.0009067489099735285,0.005039581008877601
2015-12-15,-0.017850562505116855,0.0313075448225323,0.010442914515904718
2015-12-16,0.007663432519935324,0.02281350214725365,0.014526397529273812
2015-12-17,-0.021423911385996582,-0.019522392319739033,-0.015355795725686926
2015-12-18,-0.027442322316597555,-0.039770719760148766,-0.017975434101320648
2015-12-21,0.012186057133941029,0.012795959156315734,0.008215102036492178
2015-12-22,-0.00093228690013323,0.012856244999700627,0.009033154517764434
2015-12-23,0.012787644667730049,0.015978557669286027,0.012307453291310076
2015-12-24,-0.005354592940838624,-0.002626875669377423,-0.001651844597203354
2015-12-28,-0.011263977816528525,-0.004669351735994397,-0.0022875583979216213
2015-12-29,0.017814806816081358,0.010461548609241802,0.010615454519068843
2015-12-30,-0.013144854487993164,-0.008316473096538171,-0.007112948556759854
2015-12-31,-0.019381597173904738,-0.009827908158771147,-0.010053824853450287
2016-01-04,0.0008548028166333198,-0.017292984055482092,-0.014078184755183703
2016-01-05,-0.025378869835418625,-0.017368395102240437,0.001689925010491951
2016-01-06,-0.019763367074599004,-0.024715717121080717,-0.012694487383996913
2016-01-07,-0.04312126211908696,-0.031217171166967105,-0.02428425481997173
2016-01-08,0.005273815105383106,-0.004138788248499686,-0.011037062217316831
2016-01-11,0.01606284387196934,0.010859286611511745,0.0009897298902096247
2016-01-12,0.014408712701076005,-0.00012084485103203183,0.008035588998381644
2016-01-13,-0.026046483666892543,-0.041398020711542166,-0.025256939054526542
2016-01-14,0.021634600652689875,0.014983000623545312,0.01628377038403736
2016-01-15,-0.024307868743176298,-0.036471085590807514,-0.021700032515743418
2016-01-19,-0.0048507982087451365,0.007745698565908799,0.0013300872989321258
2016-01-20,0.0013440268084231354,-0.01977078723420564,-0.012897680307193998
2016-01-21,-0.005074854074822949,-0.013752339201418174,0.005586337588075967
2016-01-22,0.0518017071979233,0.033777720157054505,0.02030778243635064
2016-01-25,-0.019715771649351906,-0.03727912590522503,-0.015232144582074928
2016-01-26,0.005515538480136586,0.02179608759333851,0.01355085342098971
2016-01-27,-0.06796483884599497,-0.0047369454378108165,-0.010942567585720764
2016-01-28,0.007146383023963788,0.021494617441151616,0.0051954848391137405
2016-01-29,0.03395821948759908,0.028248479270645895,0.024085284933938682
2016-02-01,-0.009392542133822731,-0.01189243633705653,-0.00036173427447268113
2016-02-02,-0.020429156204893703,-0.051079115961747024,-0.018186506971664698
2016-02-03,0.019599486188514606,0.006439310528773798,0.005977454988915391
2016-02-04,0.008002565891403392,0.024647856309922375,0.0015667807559397017
2016-02-05,-0.027071058418335396,-0.00012792049436968552,-0.019234092220056436
2016-02-08,0.010474589113494595,-0.04724123810633194,-0.013552137823714675
2016-02-09,-0.00021064753253380308,-0.006722859643847389,5.339265678502008e-05
2016-02-10,-0.007608723451605673,-0.006903991087143528,-0.0008625377785151459
2016-02-11,-0.006064541353116585,-0.04543700420241684,-0.013093966009829748
2016-02-12,0.0030898281434242323,0.037937629736906966,0.020407216977918988
2016-02-16,0.027804348683814897,0.019583791778347487,0.016737595959264988
2016-02-17,0.015198582918869176,0.012801532282374219,0.016202440356733527
2016-02-18,-0.019138362833618288,-0.021495519256511286,-0.004104032099254671
2016-02-19,-0.00228774421297414,-0.00556638723814685,-0.0004685874502233392
2016-02-22,0.008708272084147775,0.012715621267134315,0.01437508071346816
2016-02-23,-0.022865017860350296,-0.02642282602133628,-0.012710009535478132
2016-02-24,0.014781123480758098,0.004475589983411439,0.004565310530837818
2016-02-25,0.0068442025478767255,0.018311562757380273,0.012038991604090114
2016-02-26,0.0015493095711182083,0.013400448292125717,-0.002303990800582621
2016-02-29,-0.00227273032907659,-0.00046793017436196494,-0.007873215595553634
2016-03-01,0.03894589024171678,0.033667487738992606,0.023235026289280678
2016-03-02,0.0021861804316835945,-0.0029139392194708217,0.004482384075126067
2016-03-03,0.0074167829176849335,0.007301112216355754,0.0039118891510678405
2016-03-04,0.014767281532112334,0.009674574322960417,0.0032480326689768376
2016-03-07,-0.011128650172009329,-0.009545428043326257,0.0007980460617448029
2016-03-08,-0.008280435879829883,-0.02443551577765238,-0.010977834852634394
2016-03-09,0.000890940723561674,-0.011210289257091256,0.004927480007960248
2016-03-10,0.0004941243762979087,0.007377491256800909,0.0008020655772602504
2016-03-11,0.010716274816557798,0.01915072720872,0.01600837521078626
2016-03-14,0.0025394567344380163,-0.002927458663464156,-0.0012827541820207217
2016-03-15,0.019894322131273793,-0.009557777500086368,-0.0016311626003205624
2016-03-16,0.01320410039739507,-0.009849420405029502,0.005770412916868961
2016-03-17,-0.0016055639635737863,0.015620828612770704,0.006324249307429613
2016-03-18,0.001133190163507385,0.030210708068995652,0.003921736704029099
2016-03-21,-9.431052467482827e-05,-0.008346980800773425,0.001417802566415977
2016-03-22,0.007618931034027631,-0.013462571239179941,-0.000537426127294768
2016-03-23,-0.005543768567851404,-0.000778478531491045,-0.006621306067376179
2016-03-24,-0.004343760430493652,-0.007034264475170158,-0.0004433259051508729
2016-03-28,-0.004552774297488735,0.005475486963411463,0.0005905850251159299
2016-03-29,0.023395631506247506,0.007705334955935567,0.009207630358534192
2016-03-30,0.017308508851112753,0.009437516532401243,0.004378072797532151
2016-03-31,-0.0052164358001487495,0.003062322627561212,-0.0024298277783957236
2016-04-01,0.009133418692030213,0.017929669515948352,0.006788816575301548
2016-04-04,0.010221032411134982,-0.012909974425692486,-0.0032427952900745075
2016-04-05,-0.011858908024945353,-0.015457354666914051,-0.01003849608721905
2016-04-06,0.01041821857700769,-0.001030618597507451,0.010862219398732505
2016-04-07,-0.022051107976570356,-0.03128550706166871,-0.01203823814303562
2016-04-08,0.0011049102640413356,-0.0008648788660169869,0.0026930576095829375
2016-04-11,0.003307733943337264,0.012695471850378994,-0.002349673899633305
2016-04-12,0.012941187937917405,0.01376835763150944,0.009269566576127984
2016-04-13,0.014383282305066261,0.03527233594187553,0.010050413678620324
2016-04-14,0.0005356879460821659,0.006609170588070337,4.821805503928376e-05
2016-04-15,-0.020275734313826087,-0.014964782353730555,-0.0011064841047513443
2016-04-18,-0.02181116392892812,0.0031494081502329925,0.007001831108408112
2016-04-19,-0.005317420584434681,0.02257110064486123,0.003149350733346785
2016-04-20,0.0020557724725378482,0.026272958467313524,0.000952713266076242
2016-04-21,-0.01088655769111491,-0.009990631695527361,-0.005393314603097939
2016-04-22,-0.0027406778150577495,0.008612266926548554,0.0
2016-04-25,-0.005693693817848601,-0.010004935152215686,-0.0017239774721322198
2016-04-26,-0.006971400704825142,0.00453251757952219,0.001484833518441108
2016-04-27,-0.06462158315213748,0.006491914355832453,0.0020560616181563847
2016-04-28,-0.031043350823905885,-0.015881876447145817,-0.009117260471641934
2016-04-29,-0.011560774855189708,-0.0010963470466692057,-0.005413353302076899
2016-05-02,-0.0010670646588346786,0.012534872194753698,0.007916973283732994
2016-05-03,0.016312029714385324,-0.018462864849245746,-0.00874131820236426
2016-05-04,-0.010455693279648086,-0.018997234619395245,-0.005593635698581752
2016-05-05,-0.0040674447293715795,-0.003379605048091711,-0.000195006276394255
2016-05-06,-0.0055925190359364324,-0.00427148180054912,0.0036520678197879356
2016-05-09,0.0007546963265674906,-0.008471729319777051,0.0008262822608843469
2016-05-10,0.006766399554547443,0.024520684691663654,0.012357140206312846
2016-05-11,-0.009788517721926819,-0.012467039866414622,-0.009398924657965048
2016-05-12,-0.023736588699996373,-0.008504618096871237,0.00029067707124416783
2016-05-13,0.0019906096340352995,-0.017421569737524133,-0.008752705277707726
2016-05-16,0.03644651783958933,0.00025759587559624064,0.009817131287625338
2016-05-17,-0.004162618985031768,-0.004709253616326913,-0.009377355311313762
2016-05-18,0.011379650877594375,0.033634412487062205,0.00029266649174959847
2016-05-19,-0.0038142454331401916,-0.03331127938964225,-0.0034707506348536153
2016-05-20,0.01076999379320897,-0.0012288133916485825,0.00629746829373469
2016-05-23,0.012626976641275182,0.00606488896032501,-0.0013635279231381003
2016-05-24,0.015129338466535514,0.01367314145684621,0.012879318133782285
2016-05-25,0.0174166658325239,0.0229589800007976,0.006759817201713918
2016-05-26,0.007898884934196571,-0.012668803379374266,0.0002864722901527366
2016-05-27,-0.0005979590943457698,0.006035591993855385,0.004290348744986862
2016-05-31,-0.004894664959427656,-0.00031347318893760545,-0.0019046353571065665
2016-06-01,-0.014119035494955372,0.0030674349153081916,0.00204688515218259
2016-06-02,-0.007544047460919625,-0.004322545603691182,0.0030392715878661677
2016-06-03,0.0020445898165275286,-0.02292483883991773,-0.0029915740495081214
2016-06-06,0.007224543406111177,0.008889229645254109,0.0050757118701346
2016-06-07,0.004047479050615896,-0.012106415966624318,0.0015600238720995811
2016-06-08,-0.0009094947598818631,-0.0034216850336858348,0.0032542871084593325
2016-06-09,0.007150919616430901,-0.009551329320840381,-0.0013660220234594379
2016-06-10,-0.008263074234286807,-0.021646849447010997,-0.009522955691753142
2016-06-13,-0.015191332898466688,-0.008441499866929375,-0.007741628178926456
2016-06-14,0.001232164037473322,-0.01655255829987775,-0.0019687827843396888
2016-06-15,-0.0032886906173531624,-0.00020550376696758216,-0.0013950796157395206
2016-06-16,0.004211818330116827,0.003210771266281938,0.0029796450619150893
2016-06-17,-0.023020434621600597,-0.006774373045387065,-0.0037308680455439744
2016-06-20,-0.0024159023187165893,0.014383183933264074,0.0064191905281376195
2016-06-21,0.008481394788501184,0.004052671738809526,0.0028347011019067446
2016-06-22,-0.0037608939216775498,-0.0014162998950101458,-0.001632298149687891
2016-06-23,0.0057398486750884015,0.03005539074160348,0.012938670632251896
2016-06-24,-0.028497817841708562,-0.07337266419869501,-0.0365700530410704
2016-06-27,-0.014668224195867623,-0.016704220431145275,-0.018072189807413725
2016-06-28,0.016700396145689064,0.02057382770661883,0.01787562124163794
2016-06-29,0.008617468732610432,0.02146574810411355,0.016884078484005378
2016-06-30,0.01263159204944478,0.020947497271797857,0.013553260783496607
2016-07-01,0.003028824606602426,-0.0022236584887217444,0.002097916337984541
2016-07-05,-0.009429941327016815,-0.025966383928138156,-0.007219138013982448
2016-07-06,0.005669049891315652,0.00779262564643523,0.0059799184261646425
2016-07-07,0.0042825620934075865,0.009706721371728413,-0.0006199724125403325
2016-07-08,0.00768330375117908,0.022732901700648244,0.014780337394832947
2016-07-11,0.003098545134364333,0.011964098235325637,0.003521194650760084
2016-07-12,0.0045266913074978035,0.030606241422199993,0.007236696917970319
2016-07-13,-0.005661854202763896,0.006352523333168552,-0.000139432672601372
2016-07-14,0.019626374145582586,0.02883544397516561,0.005567751380794753
2016-07-15,-0.00010118418154685364,-0.005552084117518465,-0.0013424924963575495
2016-07-18,0.010573864870699376,0.0104009114190162,0.0026837645466860766
2016-07-19,0.00040041972442699333,-0.011824924227568243,-0.0010169091090582215
2016-07-20,0.0009007776713095393,0.0022277928801778843,0.004154198281054578
2016-07-21,-0.00531642879363867,-0.010689468382977133,-0.0037845495061389765
2016-07-22,-0.00777389767495113,0.0022464697685667155,0.004475131234835215
2016-07-25,-0.01346982625846808,0.0006236803553149959,-0.002719550813600859
2016-07-26,-0.0069066143210063415,0.004041225831268966,0.0004615134988228805
2016-07-27,0.06293981988143033,-0.0010550031849404914,-0.0010618079241202741
2016-07-28,0.013411285833384958,-0.0028618122728543698,0.0011539528502209878
2016-07-29,-0.001246220321707675,-0.010771898871185957,0.0016134321615765257
2016-08-01,0.01750256043394032,-0.003975124382327685,-0.0008293456082140828
2016-08-02,-0.014915035142981651,-0.013493029950064574,-0.0064279193188336095
2016-08-03,0.012460195571274561,0.01450382321039986,0.0029182944082997626
2016-08-04,0.006158660247734347,-0.0018330593164470723,0.001063559845156102
2016-08-05,0.015092711472088995,0.025240542672502586,0.008145468801156427
2016-08-08,0.008246477892766054,0.004554885429917876,-0.0005960014859234207
2016-08-09,0.0040520028895834085,0.0037390727124585314,0.0005960014859233164
2016-08-10,-0.0074717500434781535,-0.007677430840536994,-0.00247799065712982
2016-08-11,-0.0006485868648521462,0.010243844276169947,0.004629900977098521
2016-08-12,0.002313704288850903,-0.003729814096795282,-0.0008692938694941563
2016-08-15,0.011945552113093663,0.013990535580113287,0.0028798044432189474
2016-08-16,-0.0009140504992263885,0.0006039840249005731,-0.005171240655711861
2016-08-17,-0.0014637020132204624,0.00012066291612286326,0.0018793108639652575
2016-08-18,-0.0012826327731414037,0.002351426355829302,0.0022413867332628655
2016-08-19,0.0025633939049002647,0.001023483190722633,-0.0014631249204548169
2016-08-22,-0.007802592770447449,0.00018018903056811914,-4.573923456598412e-05
2016-08-23,0.0031281321852113415,-0.0010830824506298878,0.0020113679082903683
2016-08-24,-0.00756194250589377,-0.004707600045449642,-0.005127787563113834
2016-08-25,-0.004266917336493288,0.0036226682504275696,-0.000688894104659465
2016-08-26,-0.005873998303266059,0.0004221265217353628,-0.0018850174903341822
2016-08-29,-0.00112274970673469,0.00540818746170527,0.004912197896530243
2016-08-30,-0.007706047003947082,0.018773328440960524,-0.0016499486163781512
2016-08-31,0.0009431829841895152,0.0005311296407072429,-0.002848240854693648
2016-09-01,0.00591997371791098,-0.005621540990697576,4.6393210151956575e-05
2016-09-02,0.009326007454319657,0.003967856318653195,0.004497407035964731
2016-09-06,-0.000278666222645339,0.0008866386171076295,0.0030180703595701916
2016-09-07,0.006109559999380004,0.002005763937650123,-9.160305100178902e-05
2016-09-08,-0.02655838668880979,0.0116605095864736,-0.0022854294761696257
2016-09-09,-0.02291063772681691,-0.018164586473268636,-0.024225941448746062
2016-09-12,0.022151887473057175,0.014662679457346658,0.014245407315226487
2016-09-13,0.023526525507113108,-0.024020443166032954,-0.014480017806818613
2016-09-14,0.03477456962893785,-0.005042218343592796,-0.00037491983397876314
2016-09-15,0.03343329272159133,0.011488788886339975,0.00994344114661932
2016-09-16,-0.005640075484152009,-0.01245215399962797,-0.0038733126046833935
2016-09-19,-0.011728599881531266,0.0012638489773505429,0.00018734522722675535
2016-09-20,-8.826725981935676e-05,0.0015631618342559683,4.6601163367183005e-05
2016-09-21,-0.0001761175636250989,0.003358234180790583,0.011182971320145466
2016-09-22,0.009379144188371222,0.005909688409759147,0.0062817156206376795
2016-09-23,-0.016804378993552298,-0.017349747587688306,-0.005494504848559036
2016-09-26,0.0015071527209801468,-0.02235212841363874,-0.00813512674600313
2016-09-27,0.0018587936251638019,0.0086938992761486,0.006189004566372781
2016-09-28,0.0075756136221571315,0.003432028991946261,0.004950987764382334
2016-09-29,-0.01565474067750369,-0.02791765361947651,-0.009088229325187698
2016-09-30,0.007725439199871782,0.0144906015749064,0.007517669787349871
2016-10-03,-0.004699045454172602,-0.0012409502670121507,-0.002407017611784975
2016-10-04,0.004256593718780994,0.007422477671691369,-0.005110652175564769
2016-10-05,0.0004424517353916293,0.025132990398891903,0.004415420154991391
2016-10-06,0.007402472005892401,0.004497005873192305,0.0006952320205734216
2016-10-07,0.0014919875898299659,0.015906722969986367,-0.0034352509311325148
2016-10-10,0.017296428063910175,0.007099332185968606,0.005194966325105912
2016-10-11,0.0021519170795561266,-0.011762084977316711,-0.012710002368151705
2016-10-12,0.008902746000170847,0.0015369019033998203,0.0013109791420383677
2016-10-13,-0.003072709276732986,-0.011166750145911465,-0.0032808851816394156
2016-10-14,0.005540957684232577,0.018346996503765055,0.0005162153508051099
2016-10-17,-0.0006804687318540321,-0.008953745264900727,-0.0034780338832850663
2016-10-18,-0.0006805064461471766,0.02125187187230727,0.0062427037141192755
2016-10-19,-0.0029839889948501505,0.010831339500679158,0.002663976254840106
2016-10-20,-0.0005124240158858908,0.0,-0.0018687462587981805
2016-10-21,-0.0039373319725682044,0.0009163017851771273,0.00046730582633639796
2016-10-24,0.008964800434858356,0.0025729713735387696,0.00424364699588552
2016-10-25,0.005086677781676509,0.0024524235833791623,-0.0033560425399189486
2016-10-26,-0.022751192766398785,0.008621842520297775,-0.0020096222686877014
2016-10-27,-0.009649557791998865,0.0038325680031211585,-0.002670465341070067
2016-10-28,-0.006660525673942656,-0.0034378709211804813,-0.0029600950830812826
2016-10-31,-0.00158444846518491,0.006190906475479043,4.7043490625715615e-05
2016-11-01,-0.018220141245896916,-0.0010102788716351467,-0.007271402967883458
2016-11-02,0.0008963859766463093,-0.008346786269429314,-0.0060367591366451675
2016-11-03,-0.010776815713899431,-0.0020974696780523944,-0.004587502551203607
2016-11-04,-0.009054462880617812,-0.0016474577899809656,-0.0011025462090572989
2016-11-07,0.014321934284853824,0.031116467492344903,0.021817530581929964
2016-11-08,0.005869599834400974,0.00242125418539867,0.004493744263278131
2016-11-09,-0.001622060735427613,0.05720445697810792,0.010546088772355224
2016-11-10,-0.02826376745187112,0.04188659220884574,0.0024924623914486395
2016-11-11,0.005920247067037623,0.015167893854368949,-0.0023078877187947874
2016-11-14,-0.02540567403343199,0.025369373613910517,0.0007856054573035778
2016-11-15,0.013157059361082394,0.009562918998082533,0.00777216156920664
2016-11-16,0.026533113183797172,-0.023620919398528152,-0.001879790902971931
2016-11-17,-0.0003638361670665557,0.01620703321317609,0.005127658782615387
2016-11-18,0.0010001934370135765,0.0034285569792169386,-0.002240365966002665
2016-11-21,0.015059587670149768,0.003464228398409709,0.007523313006798736
2016-11-22,0.0006260793396561125,0.00014196920648354015,0.0019511661581513079
2016-11-23,-0.0051112460417591645,0.005668433682811139,0.0005438909321378086
2016-11-25,0.00502173477801963,-0.004389945917156293,0.0037087856718754455
2016-11-28,-0.0019697914370222524,-0.004884685370548129,-0.004705916085956256
2016-11-29,-0.00098620389521331,0.009728296431783435,0.0019482484853160845
2016-11-30,-0.008469306880504611,0.034988827079559866,-0.0024020978622553736
2016-12-01,-0.009363417992326603,0.03292362335701867,-0.0036820621325446903
2016-12-02,0.0037375027375786004,-0.014533991111944228,0.0005008774793036917
2016-12-05,-0.0072142270960897665,0.02297051632006842,0.005990719952242459
2016-12-06,0.007669095380498222,0.012306488689613149,0.0031623748349396234
2016-12-07,0.00977479530362129,0.017903900420945716,0.012995795534573956
2016-12-08,0.009769428611333904,0.024696607963575902,0.002445683233381098
2016-12-09,0.016189993807994518,0.0016555731376042652,0.006022269157583979
2016-12-12,-0.005720453990529293,-0.019540548640216402,-0.0011486164231316184
2016-12-13,0.01654344621931104,0.005801450450213977,0.006651807384119145
2016-12-14,0.0,0.0057682966480506505,-0.008288160240312552
2016-12-15,0.005454360151435009,0.012714314436776402,0.004108543752180566
2016-12-16,0.0012943827150401538,-0.01701637090690927,-0.001957673731577267
2016-12-19,0.005760791277630988,0.0007113833378368502,0.0021747733312907505
2016-12-20,0.0026540713605847192,0.0166754410913823,0.003850528228346743
2016-12-21,0.0009402136725568566,-0.00681083736213785,-0.0027866125913734957
2016-12-22,-0.006599707965452008,-0.005481927676633073,-0.001728956637502355
2016-12-23,0.0019759443843056943,0.003533235933660493,0.0014631034522779147
2016-12-27,0.006331090743027994,0.0024456106831576415,0.0024780822552656736
2016-12-28,-0.00427333439640538,-0.0037742427806492173,-0.008298928108095013
2016-12-29,-0.00025721892653851527,-0.010317020938691903,-0.00022285262986859554
2016-12-30,-0.007826232864750813,0.0053181146003610565,-0.0036615064428721865
2017-01-03,0.0028452337864556883,0.008814810020195761,0.007620829429510788
2017-01-04,-0.0011197860357111933,0.0064367747902374425,0.005931759688697363
2017-01-05,0.005072455946571542,-0.007472443821546314,-0.0007949184160398043
2017-01-06,0.011086753298252858,0.014726011305692895,0.0035712704000047035
2017-01-09,0.009117624819118795,-0.008241153640236774,-0.003306227377870466
2017-01-10,0.0010079800778398456,-0.0013184278924539352,0.0
2017-01-11,0.005358962749393778,0.01306515243847143,0.002821982978813628
2017-01-12,-0.004184361395285127,-0.007843185774374817,-0.0025128939881780294
2017-01-13,-0.0017623153498974753,0.0018847354280409013,0.0022926911666008385
2017-01-17,0.008032033518451323,-0.03566743113205288,-0.0035297773895092478
2017-01-18,-8.353258692949926e-05,-0.006169859891969366,0.0022075412124187175
2017-01-19,-0.001751437468389122,-0.012368607784119398,-0.003711228648564993
2017-01-20,0.0018349700553185852,0.0034079616775497127,0.0036672333898869905
2017-01-23,0.0006665597075155399,0.0020218988578427203,-0.002605498557954176
2017-01-24,-0.0009166255506227877,0.004331579371291176,0.006391142522703456
2017-01-25,0.015795120587984986,0.015161878844464394,0.008618128524060725
2017-01-26,0.0004925744485967775,0.009772820221476604,-0.0010458324249186155
2017-01-27,8.151694957075216e-05,-0.011038054438235792,-0.0015709183891949594
2017-01-30,-0.002627248803557765,-0.012955410934923068,-0.0062207073989681925
2017-01-31,-0.002304603930507093,-0.019775426900486153,-8.853966904176447e-05
2017-02-01,0.0591935878699594,0.0058694563317280525,0.0003958368665029718
2017-02-02,-0.001710350023536409,-0.0011275079047783525,0.0006586540521652065
2017-02-03,0.004270145685949487,0.04472920740536341,0.0068693274598067905
2017-02-06,0.009330358220926774,-0.0040338561494436456,-0.001789167030109454
2017-02-07,0.009472060077712566,-0.001501325331776515,4.357439273721369e-05
2017-02-08,0.0038701024925618084,-0.007918664259232832,0.0013095187068519266
2017-02-09,0.007199775216242664,0.015940939287112092,0.0059150043625780194
2017-02-10,-0.0022678470917176833,0.004831860951444062,0.003938555303140133
2017-02-13,0.008816460641182116,0.014520233404436428,0.00542786624440904
2017-02-14,0.012896108722240293,0.012869891414194708,0.003987208611383875
2017-02-15,0.0036220098394156427,0.004320145345508727,0.005206994548165259
2017-02-16,-0.001181036146505074,-0.004400090400414806,-0.0008519106704794501
2017-02-17,0.002729579726568585,0.003761185039455855,0.0015755022403957854
2017-02-21,0.007194998101419231,0.0054965012911056665,0.0059372053471773035
2017-02-22,0.002994885901037339,-0.0001189716054611714,-0.0008886966563019167
2017-02-23,-0.0042392751622803366,-0.0021477495773219767,0.000677013252805341
2017-02-24,0.0009515285350192083,-0.015405079157662606,0.0012683061180643813
2017-02-27,0.0019743185769842643,0.007972815246660245,0.0015617705046423042
2017-02-28,0.000437579239110149,-0.002496354842159128,-0.002702911342328468
2017-03-01,0.02023361270017943,0.018572179073448873,0.01390056975594076
2017-03-02,-0.005955181927491014,-0.0065507368166072165,-0.006317421750110567
2017-03-03,0.005883489715472651,0.00726258613936039,0.0006292232935463813
2017-03-06,-0.0031529212975520363,-0.0034857617789261584,-0.002982578370713996
2017-03-07,0.0012910224474080027,-0.004414143179688363,-0.0029912017106575235
2017-03-08,-0.0037342300867666974,-0.002634082263702444,-0.0018579413944985377
2017-03-09,-0.0023044160394544797,-0.00023988703925287936,0.0012669893597326508
2017-03-10,0.003311605466815938,-0.007220896371663967,0.0034982184846555652
2017-03-13,0.0004312236598512698,-0.0008861116382738246,0.0005048470716504698
2017-03-14,-0.0015099188828947734,-0.001774507720406552,-0.003834090315189938
2017-03-15,0.0105209258679328,-0.0038018315361504104,0.008616282002471694
2017-03-16,0.001635896259178431,0.005818104258429875,-0.0019689912057718247
2017-03-17,-0.004988267316949659,-0.017393315768624136,-0.0017576017620754881
2017-03-20,0.010446283573056752,-0.007406065433473724,-0.0010974732967363727
2017-03-21,-0.011518071955522406,-0.03847770672259165,-0.012922584469375038
2017-03-22,0.011235242211130616,-0.00831770823205459,0.0023503438984059442
2017-03-23,-0.0035416105654931516,0.0035852892453199447,-0.0010676944952115915
2017-03-24,-0.001988972883619753,-0.015163625112994695,-0.0007265873944055055
2017-03-27,0.0017050592488725206,-0.01291084944990712,-0.0010267944102682616
2017-03-28,0.02051500085359445,0.01693060639792235,0.007250088904118042
2017-03-29,0.0022223436822877717,-0.0038447997764693384,0.0009347466767198378
2017-03-30,-0.001319186092665111,0.01205228162194357,0.003179264385364139
2017-03-31,-0.001877232347384939,-0.006508619152724791,-0.0023304767391778133
2017-04-03,0.0002781905361111552,-0.0033137402430839,-0.0017407270071369755
2017-04-04,0.007418748044392747,0.001309575379636471,0.0006370950898706125
2017-04-05,-0.005194171232673608,-0.007003221049848195,-0.00297709014643935
2017-04-06,-0.002502767347830221,0.004295039467244553,0.0028072328100840712
2017-04-07,-0.002230503143263871,-0.0033294997903587317,-0.0010201253906217118
2017-04-10,-0.0011862499445531248,0.004422552606637842,0.0005953182993383723
2017-04-11,-0.010814771697274472,-0.005037056167281898,-0.0011906159458496945
2017-04-12,0.0011997230123447764,-0.008776726779442278,-0.004391329131596024
2017-04-13,-0.005303486609220555,-0.010822145021087687,-0.006516106417685166
2017-04-17,0.005514902460562146,0.013078871281572263,0.008820722559952747
2017-04-18,-0.0044517187431748605,-0.048306176759862166,-0.0029884307351141204
2017-04-19,-0.00368959996943807,-0.0069817911372935335,-0.0018403555009032391
2017-04-20,0.012433069094588004,0.018373517239915503,0.008106115171195515
2017-04-21,-0.0011942133398904803,-0.005518267013123624,-0.003191968854531424
2017-04-24,0.00958355217573795,0.028906013694049756,0.010937857906950035
2017-04-25,0.006177029449076616,0.01516075496053731,0.0058018929847302786
2017-04-26,-0.0058989150719426725,-0.0018991205673574828,-0.0006291153665034085
2017-04-27,0.0007656789675336697,-0.0017256493971380537,0.0008386832735944722
2017-04-28,-0.0009741425674299784,-0.008941111396092868,-0.0021816855946662343
2017-05-01,0.020191172748398434,0.004680837571484277,0.002516725525363106
2017-05-02,0.006324627551731834,0.0011999067740750891,0.0003774138373434562
2017-05-03,-0.003054809324834125,0.00527230487236453,-0.001215446161760753
2017-05-04,-0.0036108193190509527,0.0012363066548705468,0.0011733294932628853
2017-05-05,0.016447784792623252,0.0012349430482802089,0.003929301031439865
2017-05-08,0.02682539195044554,-0.00814311710708985,-0.00016701388885534838
2017-05-09,0.006384129518153886,-0.005659939695007026,-0.0009184490354284315
2017-05-10,-0.004751630992453152,0.004992934748764539,0.0017944277013769265
2017-05-11,0.00861116798689284,-0.0005337928748971575,-0.0020448257751948706
2017-05-12,0.013869314741649291,-0.008668679572669428,-0.0016725242091498935
2017-05-15,-0.0025659674593151273,0.010269039925383375,0.005508416647941419
2017-05-16,-0.0014786561382575478,0.0021298102505041302,-0.0009160751172877378
2017-05-17,-0.03415229249268262,-0.05409662411495877,-0.017903319653566428
2017-05-18,0.015126682456451043,0.006715082934100277,0.004020365243677265
2017-05-19,0.0034032200115076496,0.0010686378590438,0.006483047008964975
2017-05-22,0.006058045831269091,0.002920663914031848,0.005064500269476605
2017-05-23,-0.0012349536683095178,0.016618839243832163,0.002210402708178765
2017-05-24,-0.002995366795969537,0.018896727837998832,0.002329963356239957
2017-05-25,0.003450465318010025,-0.0060943660572031775,0.004768350082590745
2017-05-26,-0.0016909369626233754,0.0047532475132418634,-0.00020704738426683797
2017-05-30,0.00039007501974249045,-0.019765036937034675,-0.0008689424400711551
2017-05-31,-0.005939058660773323,-0.03333001266280737,-0.00024848108666956383
2017-06-01,0.002745495878316171,0.017594886268934906,0.007920856695215169
2017-06-02,0.014710121232349334,-0.007938205286869776,0.0033228072776477218
2017-06-05,-0.00982606676411342,0.003183243946766037,-0.0007374721419546611
2017-06-06,0.0033726470754502223,0.002519997087583096,-0.0032018671763813906
2017-06-07,0.0059390315146390414,0.005809736696704091,0.0018486741707414722
2017-06-08,-0.0024488201972980126,0.013715963282385566,0.0004920123378129305
2017-06-09,-0.039548962230707946,0.01668207577676889,-0.0015188007068746656
2017-06-12,-0.024185458961432437,-0.0023853608633788563,-0.0002053537609914725
2017-06-13,0.008013221712311709,0.010266492396466764,0.00487800536188778
2017-06-14,-0.009803069086703168,0.010250821765428159,-0.0012686826017747723
2017-06-15,-0.006011165495169975,-0.014586499838172881,-0.0019259851770687874
2017-06-16,-0.014098730916833202,-0.006381475731137515,0.00021853907583717786
2017-06-19,0.0282059547792767,0.01928893304127923,0.008290389746851036
2017-06-20,-0.009129711802845405,-0.004565700433236197,-0.006766720233331917
2017-06-21,0.005912991460759544,-0.011662285370639715,-0.00024682232639014126
2017-06-22,-0.0016469092650387145,-0.012300829230132817,-0.0004529791697282993
2017-06-23,0.004453674940255688,-0.011809054381957434,0.001193480090906249
2017-06-26,-0.003149483737163919,0.01485332543893099,0.0006579073457110176
2017-06-27,-0.014436855804528179,-0.000726117022016964,-0.008088872247166914
2017-06-28,0.014505521561804454,0.013258140761743588,0.008910467953338193
2017-06-29,-0.014853343354241022,0.005317085191543106,-0.008827683250478136
2017-06-30,0.0023638334259960484,-0.011248167575298099,0.0018627340620789453
2017-07-03,-0.0036172237034631472,0.023956231907168613,0.001694164686481849
2017-07-05,0.004102876884851725,0.003338079583724482,0.002309369273286223
2017-07-06,-0.009482804082023582,-0.0059376555122356775,-0.009186516657148786
2017-07-07,0.010107585758155714,-0.006239116800085619,0.006464480506021186
2017-07-10,0.0060848813531344794,0.0024825361755759115,0.0010730000081138609
2017-07-11,0.0032345397942592966,0.004902905446487918,-0.0007428238872589555
2017-07-12,0.0014418307547090544,0.001936821102378886,0.0074864862069838264
2017-07-13,0.01383322471822935,0.013150465914330535,0.0016791210002991164
2017-07-14,0.008557697228871676,-0.00784278457379388,0.004653163722713906
2017-07-17,0.003483000440236648,0.002882574719717138,-0.000122193504398284
2017-07-18,0.0034709112426714343,-0.026295709856143854,0.0005291353385983526
2017-07-19,0.006243288665341838,-0.001972242422161821,0.005399487596556545
2017-07-20,-0.004512504372739506,-0.002560660832099592,0.00044544089008306294
2017-07-21,-0.00046578677784548024,-0.009582834820998348,-0.0008909380594151323
2017-07-24,0.01203866068201247,-0.009124930647960635,-0.00024295280519471865
2017-07-25,0.004264907579867621,0.015463290148464266,0.002428011290192804
2017-07-26,0.0047026813310445965,0.0030192752306729687,4.037437763080525e-05
2017-07-27,-0.01907844037843035,-0.003470524852967572,-0.0009300886675360571
2017-07-28,-0.007065284394227257,0.009571262029230681,-0.0011736766094878409
2017-07-31,-0.005164005186861535,0.007662483433610008,-0.0005673633111245207
2017-08-01,0.008835977182443132,0.00738397113718721,0.002226565819728418
2017-08-02,0.0461689442617027,-0.003221078361165251,0.00048507742087581504
2017-08-03,-0.010041431529158509,-0.01012750976622522,-0.0019418652647529221
2017-08-04,0.005256966006951162,0.025564425557506504,0.0018202454216941603
2017-08-07,0.015355744740065534,0.013529299880884743,0.0018577366824364407
2017-08-08,0.00796525840669029,-0.0037421350912510798,-0.0024639277428871184
2017-08-09,0.006103233964123049,-0.004492026723697491,-4.054415079289323e-05
2017-08-10,-0.03237024107064986,-0.024140814779392887,-0.014215755796894634
2017-08-11,0.013811100269669807,-0.006004654352697717,0.00147568221112029
2017-08-14,0.014937307233894404,0.014219109989775118,0.009864279075597816
2017-08-15,0.010888511347937948,0.001011008807250637,-0.000121565338688345
2017-08-16,-0.004030578915073671,-0.00873775161623879,0.0017429455659307802
2017-08-17,-0.019385274935455592,-0.018746554178974924,-0.0157137619856432
2017-08-18,-0.0022831984987252236,0.0032914340985830846,-0.0015642534134076484
2017-08-21,-0.0018430708095476117,-0.006140956387719079,0.0007821434533913526
2017-08-22,0.01621561611884697,0.012557772064684414,0.010403040936906327
2017-08-23,0.0012507614013423337,-0.003764597507156353,-0.0035918419534513146
2017-08-24,-0.004447661822274681,0.0011218625597687842,-0.00233353247074066
2017-08-25,0.003697392725601921,-0.0023345846774645456,0.0023335324707405534
2017-08-28,0.010020893263797891,-0.0095749772014822,4.084652228511102e-05
2017-08-29,0.00887859086037195,0.0016379924253897566,0.0011441730111537555
2017-08-30,0.0026972568723431065,0.011121531268009573,0.004726299240088528
2017-08-31,0.003971278130902776,0.00591744488817966,0.0059980337276407175
2017-09-01,0.00030493820395049656,0.009519188376261423,0.0014132936359663245
2017-09-05,-0.012081367030985156,-0.03651858396194185,-0.0072081008856944104
2017-09-06,-0.0010495195501818806,0.004809843039660814,0.003408015496335033
2017-09-07,-0.004022543271687044,-0.013757867550968462,-0.00012131694464856682
2017-09-08,-0.016443913253234323,0.006327238905889704,-0.0011754597353165152
2017-09-11,0.017931180648422963,0.01756959913118871,0.01060933504550608
2017-09-12,-0.00397076882157374,0.02187941878865045,0.003365080756600444
2017-09-13,-0.007550609447161326,0.002696223818314518,0.00047957217915228653
2017-09-14,-0.00861837204466293,0.001279064559798549,-0.0003199232323839233
2017-09-15,0.010057936948743407,-0.007211170104737659,0.0013454019777399291
2017-09-18,-0.007596759431544292,0.01020437046503093,0.002124834145772794
2017-09-19,0.00037791514717162037,0.006046927709323824,0.001000520131535082
2017-09-20,-0.016899709692672196,0.003836894923958389,0.0003599954284801037
2017-09-21,-0.017321119998578542,0.00650646145745511,-0.002683025396132456
2017-09-22,-0.009827019375238782,-0.0011248660334332412,0.00020060309875774606
2017-09-25,-0.008861473335800143,-0.0033386716173379495,-0.002046652642356177
2017-09-26,0.017057508202883598,-0.001390497080502211,0.000602309089477926
2017-09-27,0.007092041626523555,0.020745354092185968,0.003886803808598017
2017-09-28,-0.006178178818821505,0.003019833613873279,0.0011990044924415652
2017-09-29,0.005465282877646435,0.007278035032657679,0.003508934279266485
2017-10-02,-0.0020140644496587216,0.014482076398782658,0.004329373192338043
2017-10-03,0.0043469582283369316,0.004022399162295878,0.0021377461280691497
2017-10-04,-0.006494623681745543,-0.005436404199249447,0.0011858950530874946
2017-10-05,0.01236813775882867,0.023645642524760306,0.005907579537740495
2017-10-06,-0.0005796426261813315,-0.00016245818295321178,-0.0011394835394039533
2017-10-09,0.0034711451721120964,-0.013174718995264994,-0.0016523285698674345
2017-10-10,0.0003848817287482008,-0.000824150390311881,0.002634430499845002
2017-10-11,0.0041609738481005465,-0.0008246786836623197,0.0015700309665931866
2017-10-12,-0.0035196233333233008,-0.01078401697151908,-0.0014912684600029973
2017-10-13,0.006326304751405865,-0.005310112565192316,0.0012165316078758647
2017-10-16,0.01824106540180703,0.016135485666316823,0.0013325565483643088
2017-10-17,0.0036838231332659175,-0.02641766780932655,0.0007048655164408274
2017-10-18,-0.004434561686792097,0.02484872434480929,0.0009781487987662047
2017-10-19,-0.02394472180224228,-0.008464508127929633,0.000273568238282134
2017-10-20,0.0017291975459715757,0.01955820862642045,0.0051474803963381215
2017-10-23,-0.0005117440976065941,-0.010680645779326953,-0.0038969189243546268
2017-10-24,0.005937226356685674,0.011130090124576516,0.0017554623820317406
2017-10-25,-0.004401627229548986,-0.012866204372903426,-0.004962606407504524
2017-10-26,0.0063731377280744,4.1322270111729026e-05,0.0012920336237978117
2017-10-27,0.035202652328898236,-4.132227011161915e-05,0.00814273593023144
2017-10-30,0.0222589368213301,-0.003398061115847058,-0.00373166083378266
2017-10-31,0.013819611023546527,0.006578751933745639,0.00155647208175066
2017-11-01,-0.012800453725324479,0.007313676588002136,0.00132109576796506
2017-11-02,0.007283561909509457,0.010669292429962533,0.0003888879045554489
2017-11-03,0.025778860931163917,-0.010096070489985962,0.003332678531286494
2017-11-06,0.010093848313176591,-0.00373039681875861,0.0015465798906263777
2017-11-07,0.0032084476503250643,-0.015228911242619199,-0.0006955906766968838
2017-11-08,0.008147139707954257,0.005986610678186658,0.0016995392676300827
2017-11-09,-0.002044561609542883,-0.0019083631433693272,-0.0036345187536105735
2017-11-10,-0.003315015857808674,-0.0026614494369573407,-0.00030969537619760103
2017-11-13,-0.004015636353123645,0.0004995854981356421,0.0009292719240180184
2017-11-14,-0.015233028004392222,-0.01269088528165991,-0.0023252415591455164
2017-11-15,-0.013278333958078172,0.001558483191564138,-0.005018021379850321
2017-11-16,0.011876700395928098,0.007379412982715516,0.008465153943299256
2017-11-17,-0.005568235956675243,-0.005655640087516674,-0.0029431557475060877
2017-11-20,-0.0009993988606156997,0.00046211160061527406,0.0017050768790634434
2017-11-21,0.01841992895361489,-0.0004621116006151892,0.006521567772140296
2017-11-22,0.010456838741423695,-0.006702516603124134,-0.0008850678892241561
2017-11-24,5.698813244672908e-05,-0.0020322771487663407,0.0023072252700328953
2017-11-27,-0.005042052317704389,-0.003566434059502671,-0.0004995390123333441
2017-11-28,-0.005876203330082567,0.018123915715700233,0.010093746518751223
2017-11-29,-0.02096125452994416,0.011249768371698107,-0.0006086731724767241
2017-11-30,0.013886868296247508,0.02568677781259384,0.00871646890363848
2017-12-01,-0.004665757413294095,0.005275749275620436,-0.0020772892213359313
2017-12-04,-0.0073346672691346725,0.006805316831967592,-0.0012106558214273141
2017-12-05,-0.000942873171305465,-0.009298815233185839,-0.003603216404014991
2017-12-06,-0.0037207342401705847,-0.009630306274162314,0.00018995302536071386
2017-12-07,0.001832316669666568,0.010556054773923395,0.0031482782744128024
2017-12-08,0.0002951679353993211,0.007175432879505476,0.005438080285363101
2017-12-11,0.01929679616084983,-0.0008789529170437833,0.0030084479521022443
2017-12-12,-0.005633510694410439,0.02973765483576512,0.0017632648298722595
2017-12-13,0.0033146685819936176,-0.00826136446629092,-0.0001125730215522875
2017-12-14,-0.00029048243879794893,-0.00031288443745439365,-0.004094365923972472
2017-12-15,0.01011025831703529,0.0065933043800303105,0.0082929556024419
2017-12-18,0.013984601711427966,0.01102108015925221,0.006321333487559185
2017-12-19,-0.01071367510780965,-0.01370792148848251,-0.00384759218359966
2017-12-20,-0.0010891829263531905,-0.005081584801222989,-0.0005244861961395673
2017-12-21,0.00377819530321502,0.02258960542949031,0.002057518300307919
2017-12-22,0.0,-0.007846345763199137,-0.00026128720933382054
2017-12-26,-0.02569687582530612,-0.0048387701974764,-0.0011969987268336281
2017-12-27,0.00017564110483236318,-0.006891642349648873,0.00048639665815445406
2017-12-28,0.002809885731872387,0.002146734331380606,0.0020551583320465258
2017-12-29,-0.010872778355232511,-0.006806773542717614,-0.0037775031387799526
2018-01-02,0.017746152224580054,0.0035657557203799903,0.007131717092287794
2018-01-03,-0.00017413788998361267,-0.0093523891397049,0.006305168285042692
2018-01-04,0.004633959690630574,0.013879082188247899,0.004205891085012227
2018-01-05,0.011321084954047692,-0.005113680470517769,0.0066417262087862415
2018-01-08,-0.003721126938655751,-0.014625837348590411,0.0018273893345115539
2018-01-09,-0.0001144784597111237,0.008423377768136703,0.0022606055684319584
2018-01-10,-0.00022937076864682445,0.0015344167285674145,-0.0015309769479680835
2018-01-11,0.005663708851993973,0.0031404189113823297,0.007269610145256912
2018-01-12,0.01027343520713419,0.007419721545184537,0.0064977003057288376
2018-01-16,-0.005095274678842994,0.005547881673943567,-0.0034239422692826705
2018-01-17,0.01638159115329217,-0.0187851471512974,0.009486477446334816
2018-01-18,0.0008928199991654809,-0.010621897438714936,-0.0016820698577862882
2018-01-19,-0.00447264134802786,0.020312521721689847,0.004539208362625003
2018-01-22,-0.008214560864293249,0.020864472316711617,0.008098179981565827
2018-01-23,0.00022558281610026026,-0.0054829989933368305,0.0021205484568006276
2018-01-24,-0.016056608131194118,0.02126515504896467,-0.00038899745831883945
2018-01-25,-0.01801243065409071,0.012530015985280696,0.0004238458158173909
2018-01-26,0.0023347348626497804,-0.0033136339192972155,0.011511226453247148
2018-01-29,-0.02091539368834741,0.016056023495301833,-0.006651852221835261
2018-01-30,-0.0059112739128467885,-0.013077104493237651,-0.010310206703701516
2018-01-31,0.00275081212272319,-0.00391144047537766,0.0004966420948492973
2018-02-01,0.0020880152680975684,0.016070883339751957,-0.0011356768458750045
2018-02-02,-0.04435957335195708,-0.04581203420463624,-0.02201051389720342
2018-02-05,-0.0253019022994269,-0.04294079339183428,-0.04272218454027695
2018-02-06,0.04094232413093657,0.03777465618433534,0.019510910809269085
2018-02-07,-0.021639995597370645,-0.006204075253255362,-0.005439842009089056
2018-02-08,-0.02790186922144895,-0.04271188773098823,-0.03823052374842552
2018-02-09,0.012157134543381786,0.0119035317403109,0.014909914826707199
2018-02-12,0.03948868451119674,0.015364893392993649,0.014577686044239556
2018-02-13,0.009967819004410737,0.00931806196582374,0.002484308997826356
2018-02-14,0.01826950344258658,0.027216098300438613,0.01340602782470529
2018-02-15,0.03302702982421332,0.019236415202439613,0.01267945132667397
2018-02-16,-0.0032424636442244083,-0.00022423342471960856,0.0002929813173920941
2018-02-20,-0.003369521453989626,-0.010253312523970387,-0.00628085187426138
2018-02-21,-0.004549001520665062,-0.005641085835439097,-0.004986790942213948
2018-02-22,0.00832440635731402,-0.0075070428429960335,0.0012950234491491284
2018-02-23,0.01724190548519356,0.02022003926854068,0.01581391195763706
2018-02-26,0.01957914198002181,0.016690925748016137,0.011545497102822802
2018-02-27,-0.0032460994412938406,-0.01235203764016662,-0.012565234833943582
2018-02-28,-0.0015146337531873133,-0.01603460984219113,-0.010181846421659589
2018-03-01,-0.01767157143469453,-0.02366803276008507,-0.014647420007918174
2018-03-02,0.006890689746745556,0.005204842425048617,0.005141758429497565
2018-03-05,0.0034557936418673036,0.01918549568411396,0.01149137857299454
2018-03-06,-0.0008489380922099781,0.014376316658848387,0.0025319342328334903
2018-03-07,-0.00932593078229707,-0.005936798641708563,-0.0003666922211621295
2018-03-08,0.010852986442520616,0.0037241958063063134,0.004827502011651772
2018-03-09,0.017035219574532835,0.016495990841963386,0.017252738523961395
2018-03-12,0.009621066987053721,0.009592977883545399,-0.001255790170201505
2018-03-13,-0.009676604990708037,-0.017899903335229412,-0.006483844651538238
2018-03-14,-0.008537777093137959,-0.015386430509679647,-0.005144390775694108
2018-03-15,0.0011761854818703014,0.008210459436998793,-0.0010906746700588717
2018-03-16,-0.003532714835965266,0.003706422894978041,0.0010840455266588399
2018-03-19,-0.015397009098411251,-0.019127978207144448,-0.013622620787433214
2018-03-20,-0.0003424514820847578,0.0025108048567159887,0.0016991863125688372
2018-03-21,-0.02291538690668471,-0.005104322131066653,-0.00192122993215468
2018-03-22,-0.014230542476039255,-0.03596470337493322,-0.025314850164210853
2018-03-23,-0.023428842825331798,-0.029488321632278398,-0.021545228653489214
2018-03-26,0.0463794554963287,0.038474009110171986,0.026991463891937104
2018-03-27,-0.02597530073542229,-0.030352425848605022,-0.017157904409660755
2018-03-28,-0.011110654232185118,0.008497307476598388,-0.0029590361241058657
2018-03-29,0.007778476056598468,0.009935573463972135,0.012696508662184455
2018-04-02,-0.0065779096900445986,-0.01806910433318074,-0.021820949386752712
2018-04-03,0.010206926650613606,0.012973852794526343,0.012735604328037813
2018-04-04,0.01894173473799655,0.008108081944435864,0.0106420775528476
2018-04-05,0.00691046257441815,0.01254874178086363,0.007860918574008453
2018-04-06,-0.025911751069470825,-0.023094062420059368,-0.022537861470369215
2018-04-09,0.009869496557599574,0.00884200898816354,0.004916553237946214
2018-04-10,0.018642980755903045,0.017218644718295553,0.015775050498079285
2018-04-11,-0.004686037359092,-0.014249293590286092,-0.005256039180819371
2018-04-12,0.00981016873711852,0.025951229536114048,0.008193353968120914
2018-04-13,0.003382397203459172,-0.014238453187450458,-0.002937314787301515
2018-04-16,0.006218956713362844,0.007629329984443918,0.008188460705406528
2018-04-17,0.013669778226364629,-0.016617628274358517,0.010641550068625402
2018-04-18,-0.002246669773052571,0.0014575515136852153,0.0007397569464114123
2018-04-19,-0.028749319992192202,0.0006691333500507398,-0.005562721179028285
2018-04-20,-0.04183513121161908,-0.008732983916571603,-0.008515868279472
2018-04-23,-0.002900710376789627,-0.021218833756563707,-0.00014987494755974801
2018-04-24,-0.014016791776781034,-0.01709102201855035,-0.013558726765701846
2018-04-25,0.004347779925259577,-0.01353502148699461,0.002468614892741888
2018-04-26,0.0034768974258351007,0.0035882455727503496,0.010114141704708783
2018-04-27,-0.011636981172891261,-0.001208326715130184,0.0009383030879567722
2018-04-30,0.017950069301304338,-0.006149247585450463,-0.007720384221810567
2018-05-01,0.02297012586441463,-0.0069892498988868195,0.001775396315174702
2018-05-02,0.04322714720032709,-0.011132038923413778,-0.006740003870522747
2018-05-03,0.001810676641857394,-0.0027382988019869804,-0.0022061740114938484
2018-05-04,0.038483424225515,0.006533695881356198,0.012863363433756925
2018-05-07,0.007208968071382523,0.009573002443842396,0.003377735657082098
2018-05-08,0.0047949723653615516,-0.0008430069016355614,0.0
2018-05-09,0.007016476113831331,0.01976098086388723,0.00961913939668232
2018-05-10,0.014202764785753112,0.0070492020804360876,0.009307382833653722
2018-05-11,-0.003810539023460593,-0.0021382493250428646,0.0030465529943505946
2018-05-14,-0.002336027041114373,0.004066996265556035,0.00047637567695769673
2018-05-15,-0.009129825484825957,-0.00968122756578956,-0.00691079204554239
2018-05-16,0.009289521855557774,-0.0024870026635974603,0.004196284843745841
2018-05-17,-0.006343843566046117,-0.007748991739413787,-0.0008449520030912926
2018-05-18,-0.0036433287664400247,-0.008821707916035745,-0.0025032903629429973
2018-05-21,0.007060149105591967,0.0029491479245184814,0.0074900732213360206
2018-05-22,-0.0025082746774540477,0.001261098565883298,-0.0027835926828724275
2018-05-23,0.00639156567128931,-0.0007985724781716863,0.0027471158832210792
2018-05-24,-0.0011159641376727824,-0.007216614031380641,-0.0020506654762077214
2018-05-25,0.002282884854803915,-0.004627245542729559,-0.002385281202479122
2018-05-29,-0.0036123829318340833,-0.034545897756605624,-0.011567806264436636
2018-05-30,-0.002130880315947526,0.012868138920239958,0.013256637059902189
2018-05-31,-0.0033657352023910535,-0.014416365413090734,-0.006144798385811389
2018-06-01,0.01787325763717296,0.010875518764018115,0.00976964792178022
2018-06-04,0.008323153040283715,0.0067214733798300905,0.004740386905859509
2018-06-05,0.007685508278583058,-0.006765280729133282,0.0007268981420999052
2018-06-06,0.0034598838631035617,0.01689268688525824,0.008325907937351383
2018-06-07,-0.0026840437210898793,0.005239301705591519,-0.00010809410813386488
2018-06-08,-0.009139643159323441,-0.0002566618530037617,0.0029519725622550075
2018-06-11,-0.0024543641401313884,0.002994648119896171,0.0013292073112827379
2018-06-12,0.005475708609967129,-0.006256494865818229,0.001291382859791007
2018-06-13,-0.008250869239066693,0.0051453058158580905,-0.0031959419565379616
2018-06-14,0.0005241169672323151,-0.0007702541756498163,0.002514964429487772
2018-06-15,-0.010325930590750479,-0.0074314971291636655,-0.0012767159704125794
2018-06-18,-0.0005295584416871122,-0.002287829803617845,-0.0020589915778697274
2018-06-19,-0.016291704920179152,-0.01335682515562912,-0.0038401925667044317
2018-06-20,0.0043524621350143535,-0.0021920522671930406,0.0017046388224564728
2018-06-21,-0.0055918528582966035,-0.0036941534678283,-0.00628885708847177
2018-06-22,-0.0029161686591292067,-0.004238564456970623,0.0018213682697754046
2018-06-25,-0.014983037395805872,-0.02002021519209174,-0.013705853610754761
2018-06-26,0.012329810404768757,0.00018067766157041108,0.002211543803521537
2018-06-27,-0.001464725083931511,-0.00633834906609271,-0.008318725567526561
2018-06-28,0.007249724192863261,0.01460775406790213,0.005701173433126142
2018-06-29,-0.0021045128175247994,-0.012838056315221284,0.0014381921973778361
2018-07-02,0.011120299340375948,0.012121593995873177,0.002136111148251389
2018-07-03,-0.01756986918773004,-0.012983397081889066,-0.003537658508720485
2018-07-05,0.008014812180779547,0.0016323173863572796,0.008125063904806407
2018-07-06,0.013766579523197212,0.0047454009999490085,0.008422700753408062
2018-07-09,0.013789827267700136,0.02757083487862115,0.008964014334947652
2018-07-10,-0.0012076557499509982,-0.005012760700251405,0.0035918255370517168
2018-07-11,-0.013060924793768608,-0.005259472287323485,-0.0073411300885570996
2018-07-12,0.016626810639891958,0.006889056051538497,0.009025314236668872
2018-07-13,0.001569323330389591,-0.003571212425385661,0.0007867253369224246
2018-07-16,-0.002197454548819654,0.0219732399135542,-0.0008945027348109347
2018-07-17,0.002824376558762271,-0.0018166385158358105,0.00403713416167195
2018-07-18,-0.005499598937683115,0.0009519129686634596,0.002101510132977276
2018-07-19,0.007743346708140556,-0.0069866748647069085,-0.0037787146578518306
2018-07-20,-0.002295842357663902,0.008930884007731071,-0.0011432812600967862
2018-07-23,0.0008875205138544125,0.008894622311000463,0.0018573841324502013
2018-07-24,0.007228076313429989,0.009028344379198352,0.005019437635044064
2018-07-25,0.00938597323313637,0.0034283898750055624,0.008486682316590777
2018-07-26,-0.0031359413893301013,0.0017724675709615688,-0.002362151694885326
2018-07-27,-0.01677110665354669,0.0022327011592902075,-0.006799536879480504
2018-07-30,-0.005618705847440179,0.005497476264499186,-0.005237047332150782
2018-07-31,0.001998966476981535,-0.006381149354404906,0.004917567571838709
2018-08-01,0.057240212530524144,-0.005871973552192829,-0.0016722568276931287
2018-08-02,0.02881144213924896,-0.008722744567963835,0.005433078838770795
2018-08-03,0.002889068175259861,0.0004273359376565869,0.00427550406802739
2018-08-06,0.005179164885183589,0.007829282711609752,0.0036606646342360774
2018-08-07,-0.009419159866945002,0.008021083763604525,0.0032965711054387813
2018-08-08,0.00067588682824892,-0.006157651476267608,-0.00042041280085355014
2018-08-09,0.00783394890241353,-0.011017903445219865,-0.0013671252391419648
2018-08-10,-0.0029828528002116355,-0.017998293786742572,-0.006722223712001065
2018-08-13,0.006435933566874564,-0.01204906773685339,-0.0037506371956188608
2018-08-14,0.004204294653507958,0.011831372469756718,0.006360295806088712
2018-08-15,0.0023336121812510013,-0.0013513565388909917,-0.007495061226925528
2018-08-16,0.0145436409678043,0.01622501002101242,0.00805867157415099
2018-08-17,0.01977308600962694,0.0016297028606321907,0.003513889624753849
2018-08-20,-0.009791132622076497,0.010231225437735561,0.002138053219157962
2018-08-21,-0.0019512664928212826,0.012098825734644663,0.002342485927309332
2018-08-22,4.6590528048970956e-05,0.0028872514888929096,-0.0005939299809850323
2018-08-23,0.002043869123132917,-0.012613657739535088,-0.0013287538515110349
2018-08-24,0.003104455577048911,-0.005217999929205068,0.006000274967322419
2018-08-27,0.008200793992638325,0.03136053049144005,0.007864383938079625
2018-08-28,0.008043105338677277,-0.0009485147598151214,0.0004829264317219929
2018-08-29,0.014819212197443634,-0.0007039794570801869,0.005366272104767741
2018-08-30,0.009151587115498681,-0.008319507572239431,-0.004056374792216839
2018-08-31,0.01148793127038952,-0.006663861325323853,3.443219938142786e-05
2018-09-04,0.003201702873534682,-0.0006311314538609137,-0.0017237775593043623
2018-09-05,-0.006546024947133669,-0.0004205941669754951,-0.002694997453005867
2018-09-06,-0.016757308054645335,-0.012879409918833448,-0.003014487655625303
2018-09-07,-0.008100903071592459,-0.002604339561363786,-0.0019454039605676329
2018-09-10,-0.013511486904253111,-0.00858720839724235,0.0017367129200758012
2018-09-11,0.024968517305422565,-0.0073572146286401815,0.003292105987154006
2018-09-12,-0.012496604855761654,-0.008989026493538428,0.00024228107751887243
2018-09-13,0.023867753705682716,0.0007889121915818142,0.005897001840776412
2018-09-14,-0.01141590777608187,0.003977559162501568,0.00017195397530104617
2018-09-17,-0.026986849739147452,-0.0059065012375789875,-0.0053080360902353916
2018-09-18,0.0016508134550904509,0.004378676548549645,0.0054114786479821575
2018-09-19,0.0005955236575162418,0.028808873342290833,0.0010648479364452081
2018-09-20,0.007573037563727152,0.007695886732872443,0.008071239711732577
2018-09-21,-0.010829540092626927,-0.008715284360360773,-0.0009140806039850043
2018-09-24,0.014277720552835584,-0.010421906370294321,-0.0033277857838065884
2018-09-25,0.006320731639642981,-0.0017191996267042927,-0.0009283533684507196
2018-09-26,-0.007997916787535546,-0.015692167051155288,-0.002996303226512723
2018-09-27,0.020343206457345945,-0.004993174319959975,0.0027903444306449023
2018-09-28,0.0035058346921155365,-0.015487805710810596,0.00010280765835213353
2018-10-01,0.0067108826633997505,0.004848978018570678,0.0034684856280973457
2018-10-02,0.008848920676261588,0.0032787104218678412,-0.0005829735994539704
2018-10-03,0.012095131930493799,0.007535535229577502,0.0005487457931688765
2018-10-04,-0.017737286787407713,-0.001317819758377327,-0.007846776556485907
2018-10-05,-0.016361779388917353,-0.007811232218101041,-0.00561246288338135
2018-10-08,-0.002321005985456043,-0.0015963014216110027,0.0
2018-10-09,0.013758515143890872,-0.010886523858588081,-0.0014603434649365723
2018-10-10,-0.04743374657526791,-0.036641852770605596,-0.03217549612644852
2018-10-11,-0.008867126227086124,-0.008975132851308227,-0.022272480379198906
2018-10-12,0.035096292971749474,0.0042171198623562976,0.013792499208426127
2018-10-15,-0.021617951699225625,0.0062925630607290565,-0.005632761134836205
2018-10-16,0.021798006514382524,0.02966416282053616,0.02163027411463854
2018-10-17,-0.004330726376106166,0.029247769738109712,0.00017846353831421614
2018-10-18,-0.023650900230187382,-0.014694633677005896,-0.014546702128279245
2018-10-19,0.01511515917035174,0.008895734357452513,-0.000542403235828819
2018-10-22,0.006091504060996719,-0.023900158543827165,-0.004498876832990738
2018-10-23,0.009382447537014716,-0.013813194822809417,-0.005103943703596209
2018-10-24,-0.03490377634448397,-0.043865665986013144,-0.030766928416198835
2018-10-25,0.021661604473123,0.02282772428045126,0.017781555822933604
2018-10-26,-0.01605181994487934,-0.007739581367475257,-0.017743986984579897
2018-10-29,-0.018948674299252094,0.009979957117858028,-0.0055555066243634715
2018-10-30,0.004981706750152822,0.022086319289081818,0.014709781936013813
2018-10-31,0.025732776613461742,0.027393875529437794,0.01062415447224868
2018-11-01,0.015235916184595145,0.007074492992594623,0.010585547326132146
2018-11-02,-0.06863303473902917,0.011912757871181784,-0.0059404463337199434
2018-11-05,-0.028799005964492662,-0.004232135740818319,0.005501760869741252
2018-11-06,0.010755859969605843,-0.0022759070888610134,0.006307758195533151
2018-11-07,0.0298775890046149,0.013406752508116472,0.02118318149625583
2018-11-08,-0.003495202970668632,0.0015983665279483028,-0.0018162083439194645
2018-11-09,-0.01946961949767393,-0.03962658418953994,-0.009816607516222637
2018-11-12,-0.05168763140160684,-0.07748203975581147,-0.01886180873106514
2018-11-13,-0.01004104618445679,-0.004865133503203491,-0.001873318537110554
2018-11-14,-0.028654227796707135,-0.012563237476604466,-0.00685992303509474
2018-11-15,0.024378748041919505,0.006154195657323932,0.010382513713702178
2018-11-16,0.011015149878917238,-0.007983217772373666,0.002597127024275448
2018-11-19,-0.04043861442872502,-0.019484261397313938,-0.0170592322645382
2018-11-20,-0.048957295416049144,-0.035325382303986144,-0.01867949631559707
2018-11-21,-0.0011304716921042887,0.006563706010793119,0.0034018066143777733
2018-11-23,-0.025727049386358853,-0.018339527980073867,-0.006701102258069969
2018-11-26,0.013433208052915363,0.027333013495672978,0.01601567735012795
2018-11-27,-0.0021785908597241523,-0.003556746162952016,0.0033585104078815834
2018-11-28,0.03773160985076608,0.023980614660234198,0.022764288534700527
2018-11-29,-0.007711730550573054,-0.013761552522754447,-0.002187353515192489
2018-11-30,-0.005416845343823446,-0.021580878515113512,0.0060766486886261436
2018-12-03,0.0343456727675035,0.004917481743652494,0.01315466135438403
2018-12-04,-0.04498579984944857,-0.03894751873888753,-0.032939103440982914
2018-12-06,-0.011212066667555929,-0.0011945161501126888,-0.0015184189965221585
2018-12-07,-0.036308078612350206,-0.024302664832185517,-0.023510059537080335
2018-12-10,0.006566330260547491,-0.004686415268114715,0.0018952710078636303
2018-12-11,-0.0057357403948283935,-0.011416533256466209,0.00022730304644646797
2018-12-12,0.0027833739617120308,-0.0005658941477499199,0.005022475652707931
2018-12-13,0.01088080912408722,-0.0044239731048408264,-0.00033871588092653404
2018-12-14,-0.03252060342183511,-0.018067699538795026,-0.018637689490123482
2018-12-17,-0.009350311610906204,-0.027938086997430205,-0.019813407251454647
2018-12-18,0.01290897848735171,0.020559881598195898,-0.0010970051263289233
2018-12-19,-0.031688161083123716,-0.013206262135275777,-0.015088989742543926
2018-12-20,-0.025559159089761897,-0.00497544268947295,-0.01641176020981836
2018-12-21,-0.03967189983946561,-0.05091552860576041,-0.02070231306935531
2018-12-24,-0.026214630480727936,-0.023388566286190994,-0.02677851733936581
2018-12-26,0.06805240716079662,0.041223156182062064,0.04928987200211379
2018-12-27,-0.006510622002260126,0.015106569691464122,0.007648033170947776
2018-12-28,0.0005122120900571382,-0.014492974637292098,-0.0012907433011596341
2018-12-31,0.009618605578707437,0.024358987480558023,0.008720695270395158
2019-01-02,0.0011405022195880646,0.02937571562803772,0.0010397194608406251
2019-01-03,-0.10492456331416178,-0.01475721170098054,-0.024151992889740466
2019-01-04,0.041803350245393445,0.03215981482246868,0.03294697604501554
2019-01-07,-0.0022283680596476337,0.005526152240163806,0.007853762910362697
2019-01-08,0.018883789366075276,-0.0036993744833578074,0.009351399730546118
2019-01-09,0.016839161134077744,0.006252887887202441,0.004662516111126799
2019-01-10,0.003191242843656381,-0.002667475791558843,0.003521286808608308
2019-01-11,-0.009866546576499277,0.005270304466347885,0.00038635512761300047
2019-01-14,-0.015151443172492488,0.01006632280787771,-0.006119613460220431
2019-01-15,0.020260332271139023,0.0066365259017054454,0.011395638953968392
2019-01-16,0.012142455822620432,0.09115300326761248,0.0024170844813451576
2019-01-17,0.005920401451703359,0.010147356968960155,0.0075580991043834415
2019-01-18,0.006140256055335963,0.017179928705603347,0.013222007326408889
2019-01-22,-0.02270213987126333,-0.02428771460735151,-0.013602318994519629
2019-01-23,0.00403642842778693,-0.003953338609689037,0.0020901208209471727
2019-01-24,-0.007957806131808274,0.004560419543801612,0.000531297475926267
2019-01-25,0.03260024357117313,0.014754158283014733,0.00842575597830211
2019-01-28,-0.009297828535717619,-0.005094359895275876,-0.007629306324965883
2019-01-29,-0.010419188129746182,0.003898077972410262,-0.0013277471292624445
2019-01-30,0.06610129936787493,0.009826678562360266,0.015706937633491503
2019-01-31,0.007175523731429851,-0.022323573580455298,0.008743706201677049
2019-02-01,0.0004804560474906679,-0.007451536567040384,0.000481772598884089
2019-02-04,0.02800875757410591,0.005985936430254984,0.007010673642308291
2019-02-05,0.01696491101313074,0.0014656001367853474,0.00418315788773832
2019-02-06,0.0003444223138860689,-0.007044488980754077,-0.0013192690317925851
2019-02-07,-0.01912115367075951,-0.018220001402786273,-0.009578450084518698
2019-02-08,0.0011744256332751725,-0.007277661582859476,0.0012208451572311304
2019-02-11,-0.005767475516326336,-0.0017758438862549685,0.0005540533798268182
2019-02-12,0.008580613489201944,0.01638144584357413,0.012777783946919611
2019-02-13,-0.00416374299616713,0.0010273764270029983,0.003241780096389359
2019-02-14,0.003636372423759462,-0.011156102147519538,-0.0022210631754602302
2019-02-15,-0.002226960189183841,0.03053683314652471,0.010838702977715818
2019-02-19,0.0029881289290830957,0.0008563338517720246,0.001728918925760997
2019-02-20,0.006414543240522807,-0.000352572727911885,0.0020133115664157267
2019-02-21,-0.005654514959872294,-0.011342950642131111,-0.003562311626122285
2019-02-22,0.011103805652125775,-0.0018349889561430903,0.006181105708331634
2019-02-25,0.007258395978947022,0.013429634140599224,0.0013600730733620851
2019-02-26,0.0005736525717852358,0.0012578864219340558,-0.0007152534459622656
2019-02-27,0.0030926910668044004,0.0,-0.00043005755377626483
2019-02-28,-0.009884700423571504,-0.0070923853023439395,-0.0018640091194232712
2019-03-01,0.01045634573423937,0.0075970387009813775,0.0062244123883600806
2019-03-04,0.005016820151904905,-0.011264117153631296,-0.003644231782104061
2019-03-05,-0.001821138773971734,0.00010211643897754456,-0.0013609017833531062
2019-03-06,-0.005770662585065508,-0.006449355932160133,-0.006075396080352241
2019-03-07,-0.011642290822769534,-0.010167669494844609,-0.008400730570229293
2019-03-08,0.002374213752966843,0.012732014298551267,-0.0020018709184897697
2019-03-11,0.034055611671369806,0.0037317866802113638,0.01439693197763549
2019-03-12,0.011172731866480445,0.0033623256352173316,0.003764007102478456
2019-03-13,0.004412083562004503,0.003148059424834294,0.006597432235649076
2019-03-14,0.011055450489599643,0.0011147547425487117,-0.0006400672088934309
2019-03-15,0.012924505387683671,0.00399233798828037,0.0049281963408811
2019-03-18,0.010156518390423344,0.021012527963450142,0.003619689815180893
2019-03-19,-0.00795645646562732,-0.006689832763485089,0.00024766677338241243
2019-03-20,0.00870068891157275,-0.03439545871247693,-0.0030142973281444023
2019-03-21,0.036168444715352,0.0013373801349923198,0.01123133351808699
2019-03-22,-0.020925975354835123,-0.02930819026350183,-0.01943410186777977
2019-03-25,-0.012164356370473098,-0.0023846559917697113,-0.0007517534194114709
2019-03-26,-0.010385797470074558,0.011498271306093748,0.007426017731925611
2019-03-27,0.008953853471670922,-0.0034670550296173924,-0.005243012341566143
2019-03-28,0.0013257432847233325,0.006033497632153213,0.0037834365043436383
2019-03-29,0.006496292712209708,0.004227855505016713,0.006285753504689218
2019-04-01,0.006768498174648672,0.02443966109105822,0.011789349737298291
2019-04-02,0.014431867100241205,0.0038554486197794895,0.0004899218052606209
2019-04-03,0.006831634253320007,0.01686965072777657,0.0015723287674256517
2019-04-04,0.0017388665102899305,0.006797522730917513,0.0026498774590381162
2019-04-05,0.006672037398686681,0.0007413887454115752,0.004828686440664402
2019-04-08,0.015613504323248931,0.0007902033672642334,0.0007615724102151565
2019-04-09,-0.003003011395490287,-0.009524799914288215,-0.0051377487809576875
2019-04-10,0.00559836250860262,0.011695021508058597,0.0034052809576406878
2019-04-11,-0.008358926804488763,-0.0007392850098616785,-0.00027760558528414666
2019-04-12,-0.00040209612055428656,0.02440008464649017,0.006743080938821128
2019-04-15,0.0018087231463638676,-0.03890083536112854,-0.0006552464797152048
2019-04-16,9.995578330862834e-05,0.009607732030994494,0.0006552464797151786
2019-04-17,0.01928595383048349,0.029581858032081545,-0.0024502386523157886
2019-04-18,0.0035873659481397606,-0.009617656120763766,0.0019677444535798304
2019-04-22,0.003280987061331904,-0.006382569436915662,0.0008616759104301064
2019-04-23,0.014320566809499953,-0.002250790224439293,0.008951157103155184
2019-04-24,-0.001543835381219622,-0.017792320112537528,-0.002221833571866494
2019-04-25,-0.009116311232280025,0.004279163616750151,-0.0006160631297384685
2019-04-26,-0.00478535361863284,0.008307053091542853,0.004645687166356374
2019-04-29,0.0015159828027840252,0.018732376209458335,0.0015670481774008773
2019-04-30,-0.01944375554531742,-0.004844359573061732,0.0005099060008144162
2019-05-01,0.04791911740398974,-0.005795983482568936,-0.007544610884438975
2019-05-02,-0.006529276299848831,0.001269333285141596,-0.002161400412331483
2019-05-03,0.012354736388098574,0.012266574132572722,0.009740203710655508
2019-05-06,-0.015563208456846875,-0.005266551274690814,-0.004123638902370727
2019-05-07,-0.027327057363043,-0.018579525847481463,-0.0168405909115856
2019-05-08,0.0001971928316734119,-0.008325576723365577,-0.0013899461634365579
2019-05-09,-0.010802230180169153,0.003378133057881562,-0.0030306939581920427
2019-05-10,-0.013950232518906282,0.0020808675075335023,0.005010856404969374
2019-05-13,-0.059877080499674086,-0.035669373277924146,-0.02545122967612351
2019-05-14,0.015706209180386902,0.006696306172641482,0.009003003655307009
2019-05-15,0.011908351757891383,0.000611331746363682,0.005839772824780086
2019-05-16,-0.004409575827100621,0.013854531952329137,0.009219091620442382
2019-05-17,-0.005698116520144606,-0.008624107513005694,-0.006485885410657594
2019-05-20,-0.031769259720497114,-0.0009626286883159187,-0.006634677321274469
2019-05-21,0.01898936458791064,0.009436198847252022,0.008975592595360111
2019-05-22,-0.02068407102478504,-0.01819487738301271,-0.0030759844528941856
2019-05-23,-0.01721681071185284,-0.01832326324498161,-0.012294098018662726
2019-05-24,-0.0038480932975647484,0.00535080134623489,0.002266068950959017
2019-05-28,-0.004143431141219691,-0.018617898430901596,-0.009344116618404803
2019-05-29,-0.004780562423471547,-0.0028674024443904084,-0.006733638574023133
2019-05-30,0.005173470649835454,-0.0036223897021562088,0.002727686706837452
2019-05-31,-0.018281489370556753,-0.026389902860542856,-0.013566796611700826
2019-06-03,-0.01016191485205646,0.0038284305349104695,-0.0025462711547433073
2019-06-04,0.03593079127413068,0.035868464475680394,0.021474367795528027
2019-06-05,0.01601432404994981,-0.007612765466189675,0.00862484051012322
2019-06-06,0.014574847233526676,0.007244077498949316,0.006481863797268974
2019-06-07,0.026269117561660133,0.0,0.009956902339125176
2019-06-10,0.012698317974211634,0.02245272968589437,0.0045786052887321045
2019-06-11,0.011512818951885075,0.003137552757368961,-0.0002421526963251558
2019-06-12,-0.0031871415174070583,-0.02343260747016587,-0.0017670201440330789
2019-06-13,-0.00020623358535686931,0.00644532490090488,0.004117653118710089
2019-06-14,-0.007288706109420118,0.001096096985303333,-0.0011053469152479856
2019-06-17,0.005948589468982265,-0.0043397384473813656,0.0003803612491558416
2019-06-18,0.023246292424022024,0.021513693776835506,0.010416184331035945
2019-06-19,-0.002926998281797122,0.0033793297300206302,0.002254617105281991
2019-06-20,0.008003495135344136,0.0003066629034836786,0.009509282991708898
2019-06-21,-0.003415214584936478,0.0012258034173229118,-0.0014549801738775302
2019-06-24,-0.001006717527964973,0.007879775221162262,-0.0012251336812898572
2019-06-25,-0.015273156726315799,-0.007267482177442544,-0.00985629554791191
2019-06-26,0.021398172547408494,0.004833466632684877,-0.000998010400805096
2019-06-27,-0.0003003992506621689,0.011657190299812293,0.003539881391493499
2019-06-28,-0.009153703372386445,0.026145387877773506,0.005132619253952462
2019-07-01,0.018175003343804695,0.010985145633744019,0.00903747759468851
2019-07-02,0.005837285686908231,-0.004262830015835453,0.0026010545835566503
2019-07-03,0.008252727315096181,0.00029127087806506857,0.007963168908309828
2019-07-05,-0.0008811290854329428,0.00898653958866867,-0.0011381695444119735
2019-07-08,-0.020829225008675473,-0.010395280438572185,-0.0055101513473952484
2019-07-09,0.006081052369555657,0.009769964638033899,0.0012459083973172754
2019-07-10,0.009839816584531352,-0.008701250855405665,0.004766596191726437
2019-07-11,-0.007308954414472002,0.02578508519185751,0.002341435850291651
2019-07-12,0.00765338111532391,0.012179883906028961,0.0044666210608830265
2019-07-15,0.009351096234333481,-0.011092176026732499,0.00033260344102120534
2019-07-16,-0.003465803218845118,0.018450339013748412,-0.0032302204274503045
2019-07-17,-0.005639245722420345,-0.010353984404840161,-0.006828561388104907
2019-07-18,0.011295799692248911,0.005703351282077412,0.0036544952721776513
2019-07-19,-0.015040032133970717,-0.004672530283160567,-0.005570528799757353
2019-07-22,0.0225965516816738,0.002245770278986451,0.0024537536775195703
2019-07-23,0.007787240647685799,0.025057000402283428,0.007124384808871544
2019-07-24,-0.0008143577986307915,0.01177932222157793,0.00468828285532932
2019-07-25,-0.007938423073328238,-0.00927590280123694,-0.0047883254861915275
2019-07-26,0.003471744014420555,0.009771140181919158,0.00667813908260513
2019-07-29,0.0092951452594757,-0.008226833520790962,-0.0018234359862746457
2019-07-30,-0.004301426121938838,0.004890127185789578,-0.0024577867448739147
2019-07-31,0.020199017932807026,-0.005752813731843602,-0.01100028553170203
2019-08-01,-0.021876685261517387,-0.039520568766018706,-0.008746007963613897
2019-08-02,-0.021385229024476083,-0.010594690376601483,-0.007558259578793581
2019-08-05,-0.05376789607402148,-0.03742075310427568,-0.03053424984838258
2019-08-06,0.01875352568379541,0.021242461794994366,0.01392509612897949
2019-08-07,0.010302155338953189,-0.0013115789135235035,0.0005907948651994615
2019-08-08,0.021816089774901827,0.006105605001146794,0.019429829848609723
2019-08-09,-0.008274468472062426,-0.00048318891083035424,-0.006834735877460204
2019-08-12,-0.002540721789444793,-0.026346864288572035,-0.012248317216503128
2019-08-13,0.041476072823941064,0.012770407271930354,0.015432105868623288
2019-08-14,-0.03021680379597305,-0.04279169729468877,-0.030013286635613274
2019-08-15,-0.004994101719727831,0.0031653115734630232,0.002638122086728749
2019-08-16,0.023320605876112625,0.016380479217098246,0.014647308613388657
2019-08-19,0.018472615641238227,0.01384423178217523,0.011976015523708966
2019-08-20,4.743017210856503e-05,-0.011040101649726469,-0.007692495619674808
2019-08-21,0.010780278081487892,0.003494185763651479,0.00810263944857497
2019-08-22,-0.0008467204181209783,0.008633382547452986,-0.000307823321093195
2019-08-23,-0.04732312384906413,-0.031210349303208988,-0.026022939545698714
2019-08-26,0.018821126645906443,0.017431302075805975,0.010997446439036072
2019-08-27,-0.01134784902303674,-0.007945385524905792,-0.003931202579970246
2019-08-28,0.006687866540698398,0.01179481068841073,0.0070170132053408935
2019-08-29,0.016790091823157313,0.02121230681078035,0.012692023615058015
2019-08-30,-0.0012925791686433528,0.0023076821452194247,-0.00044451781267263954
2019-09-03,-0.014670680151858647,-0.024524698880394817,-0.005864210490245895
2019-09-04,0.01682402618246838,0.013776153187964324,0.011286473255472317
2019-09-05,0.0193634789208906,0.02603001478258234,0.012773380661136617
2019-09-06,-9.42342109694508e-05,0.0007725426625707719,0.0007718944594146717
2019-09-09,0.00425788456107705,0.02275912764080504,0.0005034976526387061
2019-09-10,0.011744075614763611,0.01707204902465001,-0.00023510786219879958
2019-09-11,0.03130011323286709,0.005411289407550413,0.007085589359684835
2019-09-12,-0.002238893965739678,0.008908706499744562,0.0034582063395528
2019-09-13,-0.019645714394955112,0.005288769438127768,-0.0006643490258183215
2019-09-16,0.00524342856868535,-0.012262031762988313,-0.0030931197320649257
2019-09-17,0.003631420055810303,-0.006049104925836407,0.0025283004771722117
2019-09-18,0.009335649452244433,0.005404454943155972,0.0005981594452321603
2019-09-19,-0.008158226707691927,-0.008558823691081687,-6.634470589925904e-05
2019-09-20,-0.014725993828193826,-0.0069468865879407735,-0.004735972439836626
2019-09-23,0.004536592723742046,-0.001310811398602151,-0.00023452838947299437
2019-09-24,-0.004766393876699918,-0.02711407214552409,-0.007878023920451088
2019-09-25,0.015272396347238346,0.010915000208873314,0.005897287310703835
2019-09-26,-0.00517074435989341,-0.008655224932138932,-0.002085482890773491
2019-09-27,-0.004878111095789139,0.0035954326410377823,-0.00540164959528121
2019-09-30,0.02326264543622571,-0.008361466513532664,0.004626846026784252
2019-10-01,0.0027641148715598215,-0.022151447752002177,-0.011965867692165642
2019-10-02,-0.025387177933549585,-0.022148756407592802,-0.017822394774364855
2019-10-03,0.008458736436368368,-0.005107779420716102,0.008159221791129233
2019-10-04,0.027646157568212405,0.017888410800816185,0.013441663925463797
2019-10-07,0.00022028749986916304,-0.0019942714777521436,-0.0043239689654324875
2019-10-08,-0.011784114363941493,-0.015235411626424722,-0.015646944133188265
2019-10-09,0.011651863713079014,-0.0026377894410076087,0.00945175245341731
2019-10-10,0.013388465276673818,0.01522488186439305,0.006740669702975335
2019-10-11,0.026250752937050814,0.023780902621833227,0.010313737767220499
2019-10-14,-0.001440578968298666,0.005553898738562114,-0.0011147233874516263
2019-10-15,-0.002334379751154648,0.003104755168157963,0.009851970997213176
2019-10-16,-0.004045193696617623,0.004639090279372442,-0.001607307232761633
2019-10-17,0.003875315904914632,-0.00463909027937256,0.0029445157107868265
2019-10-18,0.004791200298613474,0.0002906767896184956,-0.004386495737952117
2019-10-21,0.01719407867931048,0.013132608929162796,0.006755934669250761
2019-10-22,-0.0022894245726847954,0.0016711152496539467,-0.00327177691149445
2019-10-23,0.013329625917916824,0.00817235619941065,0.0029053087956994635
2019-10-24,0.0016434250067642103,-0.0012783761446734422,0.0016326486652819489
2019-10-25,0.012241311761814212,0.014955306943955759,0.004086842560275497
2019-10-28,0.009967074292478558,0.01629714189535578,0.005620409915947069
2019-10-29,-0.023399495394755526,-0.0005050150635322495,-0.00029666588372445884
2019-10-30,-0.00012336227856433283,-0.008444050035359285,0.003062491598339568
2019-10-31,0.022357669157721312,-0.011323755722659028,-0.0026666608622844903
2019-11-01,0.027985725699119512,0.01861823190850253,0.009221264770515308
2019-11-04,0.006545315532522611,0.011343739124566014,0.004009202591925254
2019-11-05,-0.00143766980164063,-0.00561017877890438,-0.0011062604059786064
2019-11-06,0.00042734919310407797,-0.001006415033909271,0.00022779189386159884
2019-11-07,0.011475426239181467,0.022051265671413533,0.0035103449929883156
2019-11-08,0.0027332027840938113,-0.001702882561070089,0.0024630421384354765
2019-11-11,0.007887607364049894,-0.01755980410800442,-0.0019111135531712624
2019-11-12,-0.000915942229313984,0.00628092379141884,0.002105486632817884
2019-11-13,0.009536246583159514,-0.004957676852590259,0.0003236535054599856
2019-11-14,-0.006943564372353214,0.0005013908775267857,0.0014546567725562604
2019-11-15,0.011809438863126551,0.0037301072329449466,0.007210311141617641
2019-11-18,0.005029488139322993,-0.002363688967873953,0.0007373843276657823
2019-11-19,-0.0030374499148166003,0.0014098289222603372,-0.0002883737723657842
2019-11-20,-0.0117096033255131,-0.009727180706850535,-0.0037261324855493347
2019-11-21,-0.004493683111115041,0.001467327753478849,-0.0016101741412323746
2019-11-22,-0.0008778208206580584,0.009349881402844247,0.0022216662724713135
2019-11-25,0.017381450120248387,0.011150539851308098,0.007720389035125225
2019-11-26,-0.007838921281294355,-0.0013474804952579005,0.0022630223470683267
2019-11-27,0.01334221236691339,0.002245059128967607,0.004447713121056568
2019-11-29,-0.00220498535180251,-0.0015799227842775213,-0.0037158101906430495
2019-12-02,-0.011629576913117886,-0.016902950992585847,-0.008530744318001908
2019-12-03,-0.0179908054418655,-0.02512436566576088,-0.006729251337212258
2019-12-04,0.00878740971047908,0.01728269028392503,0.0061513930758829456
2019-12-05,0.014564567377745948,0.005541978538308483,0.0017963023934002985
2019-12-06,0.019131702358679992,0.0338231962150283,0.009092543257203335
2019-12-09,-0.014099109765093088,-0.012544604917844,-0.003148860601688656
2019-12-10,0.005827971817979358,0.00031576789631713824,-0.0011160318048738902
2019-12-11,0.008492989247977588,-0.0031148282600540296,0.002834723910314222
2019-12-12,0.0025449578902485594,0.02173424042308211,0.008582423962371707
2019-12-13,0.013501637137157617,-0.004656023244912436,0.0005987019112714666
2019-12-16,0.016972919757983342,0.013420758133865276,0.006846531943738069
2019-12-17,0.001963851126121645,0.013545743870644443,0.00021900753873571583
2019-12-18,-0.0023923939405117276,-0.0030328648503180635,6.274524338373246e-05
2019-12-19,0.0010002510799543688,-0.0022153443030833156,0.004090463925621512
2019-12-20,-0.002073375890147443,-0.004402425244514402,0.004374687476457623
2019-12-23,0.016186701467607374,0.0006986773422765025,0.0015263230002404288
2019-12-24,0.0009507086683851615,0.003573108580293293,3.137193919948034e-05
2019-12-26,0.01964547666912428,0.005638555703966526,0.005309230007239054
2019-12-27,-0.00037968645175522054,-0.0023818997992653195,-0.00024811833785562555
2019-12-30,0.005917686194865425,-0.0037351969869413907,-0.005528457394511728
2019-12-31,0.007280155915712473,0.0005654819887916569,0.002426505545962175
2020-01-02,0.02256015674423983,0.018912798176778597,0.009308570280504014
2020-01-03,-0.00976980402199522,-0.011762264508532553,-0.00760118673282094
2020-01-06,0.00793655675254834,0.010181905924027252,0.003807919051959224
2020-01-07,-0.004713857057546889,0.006561265229741158,-0.002815675903381484
2020-01-08,0.01595796107718347,0.00959296299432152,0.005315265867355377
2020-01-09,0.021018557911305098,0.02015243718429185,0.006757813317101853
2020-01-10,0.002257963178577806,-0.002021783816153018,-0.0028819957539314694
2020-01-13,0.021139265597200578,0.012722571206362398,0.006853967058219837
2020-01-14,-0.01359499196640987,0.0018335943749885216,-0.001525956363363413
2020-01-15,-0.004294753194900804,-0.0018335943749883763,0.002257152524122488
2020-01-16,0.012448422341925586,0.018225417748218325,0.008284204617171807
2020-01-17,0.011010548268738105,-0.0010415844420523736,0.00310772846552561
2020-01-21,-0.006800135648127781,-0.015187367356637765,-0.0019599818373074777
2020-01-22,0.003563060478415917,0.005479520057809655,0.00012045166153989181
2020-01-23,0.004804456175201767,-0.005967998286474811,0.001146393742101785
2020-01-24,-0.0028860932269939546,-0.015015951298842417,-0.008932661996570349
2020-01-27,-0.029846213669547126,-0.015748087691800933,-0.016159521874964524
2020-01-28,0.027896440126882218,0.018472717880912273,0.010424632174494484
2020-01-29,0.02071637500642296,-0.010192730972793898,-0.0008263544087788481
2020-01-30,-0.0014504239673293984,0.016562179026770527,0.0032399245148085113
2020-01-31,-0.045351660483911496,-0.02648137717159529,-0.018324575925458813
2020-02-03,-0.0027499131269290143,0.005285724069030106,0.007401224795687573
2020-02-04,0.03248003890637484,0.01218456541201943,0.01512606099391026
2020-02-05,0.008121294713286853,0.009707118319653875,0.011481784011123314
2020-02-06,0.011629082183302906,-0.010203116700970245,0.0033592401922041366
2020-02-07,-0.01368569584811079,-0.015923277977911966,-0.005343690051055831
2020-02-10,0.004738440466345828,-0.002692543148247489,0.007437524171867321
2020-02-11,-0.006051350982648966,-0.003798928255615603,0.0017317158725148215
2020-02-12,0.023469707201346293,0.009218665388025868,0.006421962840841592
2020-02-13,-0.007146688812881715,-0.0012577179838919286,-0.00106761621905397
2020-02-14,0.0002465820314308283,-0.005342257693380796,0.0016009972059294446
2020-02-18,-0.018480479398677724,-0.016458423722077023,-0.002580167142307663
2020-02-19,0.014379128727537197,0.017512256110075782,0.00476963073972006
2020-02-20,-0.010311839972609637,-0.01957266049359175,-0.004117009227677213
2020-02-21,-0.022895232212249497,-0.009107503816325187,-0.010351532321862702
2020-02-24,-0.04866566775292188,-0.02671752627937577,-0.033727702487409715
2020-02-25,-0.03445872484201233,-0.031349346644651596,-0.030770808482031755
2020-02-26,0.015738647876389317,-0.008445299627950202,-0.003685127098463348
2020-02-27,-0.0676025106566165,-0.047888955435100536,-0.045951210945633
2020-02-28,-0.0005849527237558215,-0.01811474183388666,-0.0042109741243266
2020-03-02,0.08901823698954797,0.04242094559143704,0.04239571973834477
2020-03-03,-0.03227453403279758,-0.029258754191170848,-0.02905070397191182
2020-03-04,0.045340956347955715,0.025767183818429167,0.041173810635026974
2020-03-05,-0.032975031924618016,-0.048840324711606015,-0.033807086324380016
2020-03-06,-0.013368891056671627,-0.030336201470866832,-0.016668905415717528
2020-03-09,-0.08239531289226756,-0.109719749327449,-0.08131281659930617
2020-03-10,0.06954618488447271,0.06464322231528552,0.050451009780604114
2020-03-11,-0.035347976297762734,-0.06998147320427134,-0.04997669236279805
2020-03-12,-0.10397769362224951,-0.13169655497160618,-0.10056916546783179
2020-03-13,0.1131575179323601,0.16195140499655938,0.08202820583036015
2020-03-16,-0.13770816591241694,-0.1358806562983588,-0.11588658004310605
2020-03-17,0.043030895492993194,0.02559758076633233,0.0525849012776694
2020-03-18,-0.024784529452376792,-0.12504148427368947,-0.051959817509594816
2020-03-19,-0.007691634511023906,0.06544459888602605,0.0021228819485863593
2020-03-20,-0.06559030930407117,-0.07700926212412544,-0.044050414250831886
2020-03-23,-0.0214731779501273,-0.02516782076145348,-0.025900702772958042
2020-03-24,0.09560601485082831,0.12929915922964047,0.08673101483255342
2020-03-25,-0.0055239674164700705,0.009911945944939547,0.014859199806967616
2020-03-26,0.05128535530120265,0.06645841017292092,0.0567485733435127
2020-03-27,-0.04228389915471067,-0.045977512498120286,-0.030238447155084808
2020-03-30,0.028138289252498328,0.008051197777313458,0.03195972716068303
2020-03-31,-0.002042704042688667,-0.03201926191417151,-0.015017575237932398
2020-04-01,-0.054052082834536816,-0.062044924224163564,-0.046048829025545884
2020-04-02,0.016549064796412903,0.03143671057530178,0.022813129353996882
2020-04-03,-0.014475701811288365,-0.02021201955191767,-0.014559772358160361
2020-04-06,0.08364029865784628,0.07409349266559187,0.06500667358428808
2020-04-07,-0.011650069255272736,0.04805840353109937,0.0010191432493135443
2020-04-08,0.025272297234409477,0.06381552055187288,0.03301727781666346
2020-04-09,0.0071903324039819675,0.040424108350100484,0.015102779369605515
2020-04-13,0.01943735604960006,-0.02795679144899446,-0.009172112469097543
2020-04-14,0.049269397501758044,-0.005316166142956073,0.029065987802626533
2020-04-15,-0.009169012319447471,0.001625800567434867,-0.021476544138967053
2020-04-16,0.007914181497439995,-0.008324878151169689,0.004812246358902371
2020-04-17,-0.01366162315401134,0.0357845064930063,0.026657162544440477
2020-04-20,-0.02097481757956296,-0.016983547659569963,-0.017775108746717564
2020-04-21,-0.03139860189130707,-0.037214137697563245,-0.030833834254415788
2020-04-22,0.028396752284923048,0.012407833239404673,0.021951780456692754
2020-04-23,-0.0038825767195741715,-0.005298587286880686,-7.173470042195113e-05
2020-04-24,0.02846030536684358,0.011077872203209334,0.013842545079179255
2020-04-27,0.0007065113439528249,0.036282758885042565,0.014315444670756388
2020-04-28,-0.01634200608849152,0.01872957943029778,-0.004608819383216368
2020-04-29,0.032317116393789855,0.016019969993642854,0.025841492093663352
2020-04-30,0.020876473002271217,-0.03540366249689518,-0.009354241359581005
2020-05-01,-0.016229950040613395,-0.035063788388807256,-0.026829955889797776
2020-05-04,0.01404947885933349,-0.006060136666977249,0.0027542503720909325
2020-05-05,0.014897514126108444,0.012813260849115016,0.00919702735385348
2020-05-06,0.01026421673403012,-0.007769958250818871,-0.006801915751261638
2020-05-07,0.010291668814380085,0.030065689333491307,0.011994392143776485
2020-05-08,0.023523240459732815,0.01669836432566076,0.016410783470545736
2020-05-11,0.015612591818506778,-0.012101697740503752,0.00020530198127076814
2020-05-12,-0.011494233099404269,-0.033024626355034434,-0.02013267422946922
2020-05-13,-0.01214748639208706,-0.031004545441637138,-0.017844146029654857
2020-05-14,0.006124467405182795,0.015307165914441834,0.011896133535680451
2020-05-15,-0.005929317579437819,-0.014899827118814336,0.004586204491514529
2020-05-18,0.02328796651785672,0.056608929565596364,0.030005312693415498
2020-05-19,-0.005795074916937997,-0.022519133129662174,-0.01032472720820127
2020-05-20,0.01926118976293157,0.02009714083943546,0.016845734620950716
2020-05-21,-0.007483269642153642,-0.007412659702236855,-0.006927946967754794
2020-05-22,0.006417554707729199,-0.000945066566356177,0.0018974107385605998
2020-05-26,-0.006796530896512093,0.08585333403056926,0.012245183500892834
2020-05-27,0.00434754777833878,0.06706642453945845,0.014769230576148009
2020-05-28,0.0004401248290005258,-0.04108852602956639,-0.0018465730056417384
2020-05-29,-0.0009746173223831474,-0.0175554817763354,0.004446009768977583
2020-06-01,0.012222701284943295,0.01735554001045617,0.004033598441400072
2020-06-02,0.0046190889163880075,0.020838694546766717,0.00824615754746566
2020-06-03,0.005489664830455541,0.03101217860239348,0.013220279736993848
2020-06-04,-0.008649182550695907,0.019982277064150455,-0.002630110844609373
2020-06-05,0.028082785202440813,0.014327634382573813,0.02530672245926651
2020-06-08,0.0058949468653427825,0.01317438111318407,0.01201495940028598
2020-06-09,0.031089748918265013,-0.012348536623473386,-0.007484854355135493
2020-06-10,0.02540220038555916,-0.02122350240858186,-0.005595465904431946
2020-06-11,-0.04920124003040724,-0.09520224743371065,-0.059377503790063624
2020-06-12,0.008596467405978062,0.03864969822194908,0.011904895299550662
2020-06-15,0.012291359092914587,0.022201958946658776,0.009291932633482158
2020-06-16,0.02615726845192484,0.015773468191699145,0.019064915003735878
2020-06-17,-0.0013928616937005204,-0.016355056216145903,-0.004162367079413396
2020-06-18,0.0003981328857379265,-0.011462803795602397,0.00038482031694019443
2020-06-19,-0.005730996588905937,-0.010901084932024036,-0.005731219529542795
2020-06-22,0.02582710193275479,0.008838348778693324,0.006394590708750198
2020-06-23,0.021120517061692864,0.00666358595369079,0.004593406132504898
2020-06-24,-0.017809775470562582,-0.033568250365986256,-0.02583992848122796
2020-06-25,0.013188256192023223,0.044833629581473876,0.010663621963243294
2020-06-26,-0.03120768959998858,-0.09044963518749514,-0.02403819208611644
2020-06-29,0.022785019191173008,0.022370334141149233,0.01459054178901639
2020-06-30,0.008312861041136913,0.021223930152856393,0.012728065635390114
2020-07-01,-0.0018931039611719213,-0.00025343644836494923,0.0069806726516476614
2020-07-02,0.0,-0.000860713018634286,0.005491906894192314
2020-07-06,0.026398717234179574,0.049224245082454335,0.015318994235109238
2020-07-07,-0.00310782485355638,-0.03934428603996967,-0.010367261847757934
2020-07-08,0.023022940762035718,0.014392537514632939,0.00761981673333067
2020-07-09,0.00429105817648326,-0.02716415343834935,-0.005709148843410074
2020-07-10,0.0017479364618133732,0.04339725937363927,0.010158522407597537
2020-07-13,-0.004623761103732434,0.01602223120725118,-0.008696626008225688
2020-07-14,0.016412807578264407,0.024262663357228438,0.012875487692368676
2020-07-15,0.00685392207915396,0.01341371591187036,0.009145602342795696
2020-07-16,-0.012381485262726121,-0.010334366364724443,-0.003299193809024244
2020-07-17,-0.0020222182787971443,-0.015302674192161438,0.0028950889051434776
2020-07-20,0.020855008517456586,0.0014180136997742016,0.008049291591655764
2020-07-21,-0.013897657436570248,0.0014632291508255403,0.002124881046613086
2020-07-22,0.0028052329657564648,-0.02880440440989869,0.00567604015680293
2020-07-23,-0.04658477315921511,-0.014571475067137197,-0.012003120452691593
2020-07-24,-0.0024806824775745785,-0.007664267672515065,-0.006461444873556014
2020-07-27,0.023424018147351445,0.007664267672515094,0.007265877408685188
2020-07-28,-0.01656380606277072,-0.006920246208433662,-0.0063625404355698734
2020-07-29,0.018986711244773545,0.004750502130548639,0.012223845444996209
2020-07-30,0.012027407286822554,-0.015170490409239146,-0.003574318223435733
2020-07-31,0.09956366687609475,-0.007899468637465872,0.007871163382610024
2020-08-03,0.02488532928139722,0.007197690462627909,0.006927876047950068
2020-08-04,0.006656210741130155,0.011221164359676952,0.0038553908784951796
2020-08-05,0.0036179237052535195,0.014181996291160156,0.006191897116331881
2020-08-06,0.03429449847545754,-0.0013213475870146058,0.006662004943937729
2020-08-07,-0.022998241350823803,0.019490879128132237,0.0007177582550860995
2020-08-10,0.014430042116745371,0.005315519664997346,0.0029845997616633362
2020-08-11,-0.030191008637040634,0.007991749691059948,-0.00828897288338985
2020-08-12,0.03269391540045152,0.0050566639112448256,0.013845709154686305
2020-08-13,0.01754299389506394,-0.0177879002983978,-0.0018092003820641821
2020-08-14,-0.0008916597770421225,-0.0020176527691244863,2.971123240247843e-05
2020-08-17,-0.0026142153591514248,-0.02384311427868296,0.0031715604184699695
2020-08-18,0.008298312758867018,-0.008704695465431754,0.0021581203680502157
2020-08-19,0.0012538249232541354,0.008458750014342022,-0.004172416865522662
2020-08-20,0.02194698904180028,-0.005779627490816609,0.003108535211048179
2020-08-21,0.050248555080367116,0.002869044082156674,0.003541391315904486
2020-08-24,0.011889235259715102,0.023965973908081382,0.010081643429099311
2020-08-25,-0.008237538981523249,-0.00648391543228422,0.00349346125414981
2020-08-26,0.013507277464239766,0.005905048850679896,0.009975653313847276
2020-08-27,-0.012026251260210686,0.014040382961967501,0.0021843037451411366
2020-08-28,-0.0016211134131145428,-0.011678552920933042,0.006438793817298065
2020-08-31,0.033349836546881007,-0.007731379805865173,-0.003629318458473359
2020-09-01,0.03905974749100974,0.0028759302644165785,0.009374609226673753
2020-09-02,-0.020936007400342523,0.022046551920139074,0.014360354230867092
2020-09-03,-0.08344786284136271,-0.011877607238111527,-0.0350202487199518
2020-09-04,0.0006616653026883,0.016153374052941726,-0.008198410505533478
2020-09-08,-0.06966647706542169,-0.040932666758010876,-0.02770337425215762
2020-09-09,0.039111706005160445,-0.0012849762606409795,0.019555207211551726
2020-09-10,-0.03319063239331257,-0.010988657505554767,-0.017516335623641976
2020-09-11,-0.013215632480458895,0.004539323637853391,0.0005090194282456399
2020-09-14,0.0295588513331631,0.002088242373154733,0.013085626622340663
2020-09-15,0.0015589430960803174,-0.01672801227669388,0.005039297599077478
2020-09-16,-0.029957874680797095,0.013444688458884498,-0.0039767643194153005
2020-09-17,-0.0160923963893934,-0.02958410579895408,-0.008833841811495336
2020-09-18,-0.03223424294318814,0.0001538504875799324,-0.011579560127057794
2020-09-21,0.02987521349138587,-0.004423136579718071,-0.011192081941367463
2020-09-22,0.015593419909347001,-0.012343969138830369,0.010133006004895093
2020-09-23,-0.042851113309623524,-0.0291226994197365,-0.023464040332988947
2020-09-24,0.010216416114873962,0.04717218942080021,0.0026618930778580996
2020-09-25,0.036829580213479,-0.000820707521557389,0.016037537342057453
2020-09-28,0.023588455762376618,0.020913477680297846,0.01647321496760264
2020-09-29,-0.007596586436682987,-0.011519382801934841,-0.005461074508340449
2020-09-30,0.014963131379045884,0.021018400361186587,0.007553488753498309
2020-10-01,0.008426692435735251,-0.012114644004757924,0.006399279749124639
2020-10-02,-0.032812853848219775,0.006776232950170483,-0.009539742971230194
2020-10-05,0.0303267137407347,0.009459936074518872,0.017577836656795187
2020-10-06,-0.02908855923238073,-0.003524452024817013,-0.014318223420591124
2020-10-07,0.01682493894963215,0.012404675618584042,0.017256930284990615
2020-10-08,-0.0009563136382872295,0.021284691467271855,0.008823896952874744
2020-10-09,0.017246078505237822,-0.002117737789735959,0.008890132669177604
2020-10-12,0.06158479739556866,0.031212120454046623,0.015959612056137724
2020-10-13,-0.02688552395056368,-0.015579154197696557,-0.006547241679900932
2020-10-14,0.0007428935583449479,0.0019904534958858633,-0.006303479092608162
2020-10-15,-0.003968622011939322,-0.01252906368638898,-0.001236565020815753
2020-10-16,-0.014099528274263253,-0.011523629395158613,-0.0006043627840815064
2020-10-19,-0.025873541589429234,-0.002524693152480105,-0.015320302258051763
2020-10-20,0.013105359547423213,0.011311926659998292,0.003997698610697526
2020-10-21,-0.005461077475308165,-0.024919628345762578,-0.0018948124346286732
2020-10-22,-0.009629462137469257,0.012196435098118118,0.005470383161825579
2020-10-23,-0.006152810204919659,-0.0017542251710540922,0.0033893104569255156
2020-10-26,8.696599840045173e-05,-0.019203805229799663,-0.018652865991289902
2020-10-27,0.013382429848010736,-0.027520515472502925,-0.003453136833743501
2020-10-28,-0.047418998018222115,-0.030667693945172478,-0.03477660259187343
2020-10-29,0.036380499908884756,0.0008954046710115109,0.010112063247772298
2020-10-30,-0.05764807556945253,-0.004749717107966971,-0.010479517739242765
2020-11-02,-0.0008271442855946711,0.006117804003877624,0.01114586185762889
2020-11-03,0.015236842397690024,0.039837113126546225,0.01750207680884464
2020-11-04,0.04002485576437045,-0.00030303874902167037,0.02210293678442941
2020-11-05,0.034878345985531495,0.025398633879502426,0.01931508434576329
2020-11-06,-0.001136835000641685,-0.008411421836047834,-0.00022817841388900258
2020-11-09,-0.020170033676418817,0.06571486668874568,0.012487187529933103
2020-11-10,-0.0030133072804603817,0.011748293440716323,-0.0014676270018120147
2020-11-11,0.029901068062408907,0.002663649275995105,0.0074010900979205
2020-11-12,-0.002346265663315423,-0.016367854414366233,-0.009748138516794675
2020-11-13,0.00041948577191923186,0.021080356838022535,0.013749601030280795
2020-11-16,0.008682511612802835,0.014950932066961313,0.012405099639438403
2020-11-17,-0.007593066031215276,0.010155859140156745,-0.005392809068206402
2020-11-18,-0.011456696684333542,-0.0015591849594818932,-0.012107618280984235
2020-11-19,0.00515486931951977,0.0012029500149436153,0.004201336098730813
2020-11-20,-0.01101783177773045,-0.00544721911056382,-0.006871669185647076
2020-11-23,-0.030194151218559,0.02423904791858012,0.0059765082966477074
2020-11-24,0.011527673540284576,0.03718835259128036,0.015985472294912866
2020-11-25,0.007439350434189624,-0.004050342561551595,-0.0015431830267104406
2020-11-27,0.00481505202460658,-0.004831182389795108,0.002781172230001382
2020-11-30,0.020879990318842797,-0.02068806519304837,-0.004436949537301164
2020-12-01,0.03036160021611983,0.011919892941831123,0.010878002468236222
2020-12-02,0.002929145254289852,0.023716749326282486,0.0021016871357241937
2020-12-03,-0.001138004034080746,-0.009215484058447264,-0.00027269693657632735
2020-12-04,-0.005628402602380324,0.017304072793669134,0.00858066868656574
2020-12-07,0.012195300342580984,-0.004727877398338995,-0.002057094709194978
2020-12-08,0.005078050928535066,0.001634182973254983,0.0029220130151372376
2020-12-09,-0.021125071580631198,0.016526601078545755,-0.0090094875254024
2020-12-10,0.011917383134297797,0.006485922340156832,-0.0003269217672400578
2020-12-11,-0.006757655442907969,-0.018208994944552557,-0.0011730464374224954
2020-12-14,-0.005159727691389891,-0.009209478761306764,-0.004487474096886088
2020-12-15,0.04887593652293182,0.019325317979791864,0.013428714145167983
2020-12-16,-0.0005474213126460423,0.005512052555009206,0.0015682156817828723
2020-12-17,0.006939291807423131,0.002703863653743795,0.005576497973054331
2020-12-18,-0.01597798920312162,-0.009454053676821629,-0.004000766929295034
2020-12-21,0.012319412795477165,0.059523416061008604,-0.003582083692020678
2020-12-22,0.02806704610802415,-0.027177535080745434,-0.0016869885405591332
2020-12-23,-0.007000527840067221,0.02511288006587884,0.0008983049995995331
2020-12-24,0.007682613639571493,-0.0011314996932829282,0.0038829711630222565
2020-12-28,0.03514101831957983,0.013301268582055131,0.008553752413114207
2020-12-29,-0.013404618235813941,-0.0061050344797250735,-0.0019093949089261976
2020-12-30,-0.008562524019288312,0.005565629158336439,0.0014258719125102813
2020-12-31,-0.007733045429415625,0.016285943807976436,0.0050679176787203255
2021-01-04,-0.025029572856709387,0.00487995564296049,-0.013707454290685228
2021-01-05,0.012287744575158285,0.02213069020488703,0.00686376043726501
2021-01-06,-0.034241161155085006,0.05255641332532619,0.005960380346880264
2021-01-07,0.03355389558065895,0.021137488291888884,0.01474869633918807
2021-01-08,0.00859436959144703,-0.00539774403935518,0.0056813479254540595
2021-01-11,-0.02352345962509253,0.012844714521427693,-0.006763975699790493
2021-01-12,-0.0013964161617253466,0.02812047131624776,0.00021156930088626137
2021-01-13,0.016096732593622976,0.002412703142550926,0.002689308668259411
2021-01-14,-0.015242945974567945,0.016143066725255166,-0.003508151667998322
2021-01-15,-0.013825849913729066,-0.022534333465169663,-0.007319257518026868
2021-01-19,0.005412571250166535,-0.022883808178364076,0.007821163769508166
2021-01-20,0.03232784593992836,-0.0127592372574856,0.013743788866355255
2021-01-21,0.03600229926509356,-0.0037941877633743274,0.0009111963359035664
2021-01-22,0.015946025590097033,6.888488741129072e-05,-0.0035455633588167947
2021-01-25,0.027307210292506143,-0.02218686121394102,0.003936041912942734
2021-01-26,0.001678106857332949,-0.004532470709362062,-0.0015620591702326448
2021-01-27,-0.007713420983445074,-0.030376117738275837,-0.024744318625731242
2021-01-28,-0.03561209149330096,0.006164198882537623,0.008563410522160449
2021-01-29,-0.03813863702246976,-0.01409817576703963,-0.020222437279070925
2021-02-01,0.01638545028725498,0.013042803574380112,0.01650830603854883
2021-02-02,0.00631676485653517,0.0435892816701219,0.014041352696882593
2021-02-03,-0.007809024149643762,0.005490564344868291,0.0007857907808976895
2021-02-04,0.025431358053096174,0.017860755750960695,0.01130163062187575
2021-02-05,-0.0031024109304088345,-0.0008513775039016342,0.003928143091685435
2021-02-08,0.0010963306912398492,0.022404409834268897,0.007196017517093675
2021-02-09,-0.0065957401949603735,0.0010322666172889203,-0.0006659437228178781
2021-02-10,-0.004568879154428957,0.012633881528704979,-0.0004359238919814999
2021-02-11,-0.001921878314086193,-0.0064623307414133505,0.001613862763334387
2021-02-12,0.0017744309855548504,0.01314418032107786,0.004927643224243409
2021-02-16,-0.016235301399875432,0.018244727466047956,-0.0008663924051552062
2021-02-17,-0.017801526969328914,0.0024974642938080673,0.00022952554741040976
2021-02-18,-0.008673650103180705,-0.009122435157038963,-0.004265204518141264
2021-02-19,0.0012324968588951104,0.018288946040255768,-0.0017674259404748638
2021-02-22,-0.03025203269194123,0.0039527390443155185,-0.0077215875321144335
2021-02-23,-0.0011116388034483372,0.0073575087152552045,0.0012136873942308608
2021-02-24,-0.004060510732454216,0.0351809995994979,0.010959254370830116
2021-02-25,-0.035401881971766753,-0.008748486953012764,-0.02439118384320386
2021-02-26,0.002229075290739155,-0.025586959070653902,-0.005166014396329969
2021-03-01,0.05245119296190387,0.036075829557075244,0.023951243922248667
2021-03-02,-0.021114771971053898,0.0030870412833643576,-0.007833844432776892
2021-03-03,-0.02476081184992262,0.01049038175528055,-0.01333401420802754
2021-03-04,-0.015938118899426392,-0.015488761533570218,-0.012452024294165894
2021-03-05,0.010681288942496705,-0.005848006658246758,0.018229399392037996
2021-03-08,-0.04256684086903898,0.02061889676599114,-0.004991230529531913
2021-03-09,0.03984518526761768,-0.010830582896870328,0.014176670094394933
2021-03-10,-0.009208936362527707,0.03399003084219576,0.0062050439780692865
2021-03-11,0.016368048471745604,0.0002341036278896822,0.010088193875761962
2021-03-12,-0.007654749516148155,0.01942404394636964,0.0013459596437217307
2021-03-15,0.02416257764589377,-0.007944107253204625,0.005945749211914748
2021-03-16,0.012662407211621145,-0.01262079093366945,-0.0012619314682442765
2021-03-17,-0.00647152442210217,0.009437124808549479,0.0034038400095143598
2021-03-18,-0.0344933534413274,0.00880299798734724,-0.014656388669823205
2021-03-19,-0.004490222970244715,-0.010979541698797444,-0.0018521339639085814
2021-03-22,0.0279416968290194,-0.014249893997567051,0.00795327687486542
2021-03-23,-0.006912619406932598,-0.022531158258521006,-0.007902055701955664
2021-03-24,-0.02019593051236117,-0.00944858459239189,-0.005096261786379818
2021-03-25,0.004154769094866571,0.005764499054037977,0.005609674256713195
2021-03-26,0.005128246463946113,-0.009605755738994519,0.015986577817406353
2021-03-29,0.0014839706101157485,-0.005083036898003657,-0.0005052679628841297
2021-03-30,-0.012350402306747858,0.01909588039228757,-0.0026563969327483322
2021-03-31,0.0185917622225746,-0.015204672685932478,0.004044980696437014
2021-04-01,0.00693442154761416,0.001955275112016627,0.010741454651578615
2021-04-05,0.02330368091166056,-0.012592865754096095,0.014250825821027595
2021-04-06,0.0024592904862525697,0.0108210009923146,-0.000590439700376921
2021-04-07,0.013301472568794017,-0.001560640879628931,0.0011563603640893474
2021-04-08,0.019051250727376005,0.013958230592445005,0.004735454391309592
2021-04-09,0.0200490048276029,-0.00099699324726986,0.007243882706118282
2021-04-12,-0.013321241716695843,0.0031086149072498057,0.0003645487380741795
2021-04-13,0.024015917505715908,-0.012615413162265584,0.002959541716734983
2021-04-14,-0.01801429992234467,0.0231374228946343,-0.0034208216529370405
2021-04-15,0.01853498509981141,0.009496832307114551,0.010684932793399764
2021-04-16,-0.0025311015312222624,0.011044851040831,0.0033367938545022526
2021-04-19,0.005055463887039166,0.0022762156342052203,-0.004925228175392689
2021-04-20,-0.012912765512778215,-0.03321920736487169,-0.00734842157767825
2021-04-21,0.0029258024696448225,0.010162492093453157,0.009417642271137918
2021-04-22,-0.011754687443871915,-0.01327093924935931,-0.0091752608542643
2021-04-23,0.01787776852693829,0.02536687178151016,0.010784311280107066
2021-04-26,0.002973747012292373,0.012213261233845045,0.002085321599912524
2021-04-27,-0.002452402056575847,0.009012537001361192,-0.00021542938941854561
2021-04-28,-0.006045453503568635,0.0042605105061102174,-0.0002874422030848145
2021-04-29,-0.0007488598498362224,0.013864602011341601,0.006352449453536609
2021-04-30,-0.015249088310946556,-0.012888097183449132,-0.006592322510349244
2021-05-03,0.008181642812869813,0.004895297994454019,0.0021545955954611665
2021-05-04,-0.03602667136149653,-0.0009141881986314191,-0.006188534307927148
2021-05-05,0.0019535983859192965,0.021994893189140927,0.0003130209406777521
2021-05-06,0.012721267772061043,0.023080528550236974,0.007953562533672515
2021-05-07,0.005313206531408333,0.013354251606912618,0.007251925017402631
2021-05-10,-0.026143389605565562,-0.005976540706254525,-0.009951661012389682
2021-05-11,-0.00743780070806898,-0.024047090445078616,-0.008965231081467925
2021-05-12,-0.025254688484362325,-0.015455890685312012,-0.021473970693895957
2021-05-13,0.017761026824873023,0.012366999882004955,0.011940779893456776
2021-05-14,0.01965026979344534,0.027380220340537526,0.015238865401986748
2021-05-17,-0.009301662027049707,0.0013005457671290473,-0.0025476396788179875
2021-05-18,-0.011309454799279669,-0.012782741261331543,-0.008653000660177367
2021-05-19,-0.0012822324140332752,-0.01709719520570378,-0.002625406479587014
2021-05-20,0.020794138672972806,0.0038988485253547045,0.010700514117795728
2021-05-21,-0.014876861284136237,0.017850579187405805,-0.0008192275626447675
2021-05-24,0.01322593056643926,0.005527536721645022,0.0101426783093382
2021-05-25,-0.0015744623745471444,-0.010316933333212408,-0.0022210347797271893
2021-05-26,-0.0003942037662529353,0.007897137774185548,0.0019824092087277144
2021-05-27,-0.012453840876623814,0.010747825542587408,0.0005251667525100964
2021-05-28,-0.005362622653548116,0.005120224549734459,0.0017870163335389014
2021-06-01,-0.00265166944088468,0.0276241564089444,-0.0008813611044684262
2021-06-02,0.006256606616075781,0.0026116010165279143,0.0015714107158614464
2021-06-03,-0.012228676168985103,0.01367617150993312,-0.0037183730274246763
2021-06-04,0.018843437020171855,0.006998330464767568,0.009104495209526584
2021-06-07,7.945447234938275e-05,-0.008440153899521784,-0.0009706782433556679
2021-06-08,0.00664982414343859,-0.008953733052015939,0.00021312427425329228
2021-06-09,0.0030725366135318003,-0.005003273269463093,-0.001493135430747674
2021-06-10,-0.008055832069493086,-0.02336521047325524,0.004637698458682805
2021-06-11,0.009784615356714705,0.010931077328831697,0.0016510008753787642
2021-06-14,0.02428074749956609,-0.01366254721490554,0.00223674973441271
2021-06-15,-0.0064582998010760655,-0.004353822258686046,-0.0018359818169729264
2021-06-16,0.00392625441508526,-0.0008079984893199989,-0.005598955279959295
2021-06-17,0.012521946814966036,-0.0259400958072127,-0.00033190408928607154
2021-06-18,-0.010142998186124635,-0.035677496861608884,-0.013582205004707387
2021-06-21,0.014005265362080254,0.02466285995547128,0.014214559601300735
2021-06-22,0.012618505130877445,-2.8010059833958322e-05,0.005331843402611982
2021-06-23,-0.0020919601929887998,0.009796951133408761,-0.0012059136395098826
2021-06-24,-0.0021713216379203116,0.021102577710618863,0.005898180015754302
2021-06-25,-0.0022511914774015567,5.412887528501024e-05,0.0035458708087872607
2021-06-28,0.012467517047459947,-0.00016267446907521882,0.002013913800882754
2021-06-29,0.011435050784349072,0.010548633221368089,0.0005380593080927182
2021-06-30,0.0046102376786809835,0.01837448825019607,0.0008410252609082749
2021-07-01,0.0022607383523445585,-0.012034103002835528,0.0055213696099419545
2021-07-02,0.019407127162840206,-0.002215779465682831,0.0076146466389225695
2021-07-06,0.014611272648604146,-0.011558935857626348,-0.001823223663093416
2021-07-07,0.017795879288307004,-0.005938673169414949,0.003527697174298315
2021-07-08,-0.009242144313233159,-0.024030651121135987,-0.008181123247368341
2021-07-09,0.012970084834349178,0.03509341530595457,0.010618072046863547
2021-07-12,-0.004212068760218762,0.0232374609846654,0.0035754112472223105
2021-07-13,0.007858128055082687,-0.011950329053068054,-0.0034146831485909472
2021-07-14,0.02381452823939425,-0.004211129116174537,0.0014910503429744998
2021-07-15,-0.004502189848324502,-0.002808485050428537,-0.0034212693270617546
2021-07-16,-0.014175976337096823,-0.02316691215956683,-0.007874617494143163
2021-07-19,-0.027283070716608557,-0.028020650364326202,-0.014877950720786045
2021-07-20,0.025642432004367183,0.0279110234267531,0.014228696522466357
2021-07-21,-0.005144817617426183,0.023678168894744334,0.008063821215520395
2021-07-22,0.009582242176770828,-0.002117236721156166,0.002091732432686676
2021-07-23,0.011917890444360433,0.003588928668337649,0.01023553077177909
2021-07-26,0.002890380083598455,0.004933638432182121,0.0024519415633333084
2021-07-27,-0.015012604150444961,-0.002823978708209435,-0.0045680172446524465
2021-07-28,-0.012270869475251092,-0.0016285884217259689,-0.0004101215495418818
2021-07-29,0.004542055196660633,0.008832256983364546,0.004138719722416323
2021-07-30,0.0015094454350094702,-0.0070969894813050355,-0.00486824853954286
2021-08-02,-0.002333760206897567,0.008790712687741158,-0.0021002249047328016
2021-08-03,0.012565073278794183,0.005721479634183718,0.008102518314183276
2021-08-04,-0.0027860356770361867,-0.006594349562996023,-0.004931146114941319
2021-08-05,0.0007480664429497621,0.016899627874303453,0.0063130257996434486
2021-08-06,-0.004778499228943565,0.03475223326864754,0.001651045771271258
2021-08-09,-0.0003421050103182907,0.004988966959115333,-0.0008138827804806643
2021-08-10,-0.003359867814431494,0.020028959216773497,0.0012430360371615884
2021-08-11,0.001784225510714689,0.014406566541038843,0.002481961279190316
2021-08-12,0.020560681162401815,0.002678214827815567,0.002992457765733774
2021-08-13,0.0014091097823000767,-0.010220594913237308,0.0018182643378507261
2021-08-16,0.013457040173049413,-0.005932914121919986,0.0023518207565711106
2021-08-17,-0.006172996162166944,-0.008311884028867542,-0.006576894063065828
2021-08-18,-0.025831915402256236,-0.015352889187711974,-0.011005351585262873
2021-08-19,0.0023203242648743316,-0.013201034434267324,0.0015470932800273982
2021-08-20,0.010105781950501398,0.005826997390886094,0.007925666368951105
2021-08-23,0.010204842119975414,0.013997131548037636,0.00875812270200688
2021-08-24,-0.0006016632132343852,0.017555469177244057,0.0015861522575106835
2021-08-25,-0.008456881692936576,0.011099229588601258,0.0020960528434548244
2021-08-26,-0.005542302714700624,-0.001719790187103076,-0.005920545562653088
2021-08-27,0.00715894637651031,0.01749837832091533,0.008901411175872552
2021-08-30,0.02996376401364042,-0.014616924299301913,0.004387521991756528
2021-08-31,-0.008460721084228526,0.004629493312066487,-0.001482399454628372
2021-09-01,0.004468961549680291,0.0003628576569541508,0.0005312603149709387
2021-09-02,0.007447034921661699,0.002028404029495346,0.003071851426935334
2021-09-03,0.004221664920900008,-0.007725756586160401,-0.00024276351029874134
2021-09-07,0.015370254192847618,-0.0024097467237957785,-0.003581783995385889
2021-09-08,-0.010134714989874767,-0.013050308195136555,-0.001219136024944495
2021-09-09,-0.006727383353474641,-0.0010376887127518393,-0.004289263882739384
2021-09-10,-0.033661997850834284,-0.0027225642442048337,-0.007915859730210742
2021-09-13,0.0038854553615821643,0.014223796146683567,0.0025559524920125832
2021-09-14,-0.009607800668210062,-0.013703360406592742,-0.005411358790262018
2021-09-15,0.006124964455547391,-0.004319760697335105,0.008318013070858202
2021-09-16,-0.001611660226265883,-0.013197652992699491,-0.0015863984155994192
2021-09-17,-0.018518700213970358,-0.013246598814576578,-0.00978881364809215
2021-09-20,-0.02159216520079706,-0.03464510967803606,-0.016814847038707587
2021-09-21,0.003421848412675401,-0.006074792778715952,-0.0009451439864871494
2021-09-22,0.016731428942625075,0.02529993608699794,0.00970759541785903
2021-09-23,0.006696812176307067,0.016441463471949747,0.012077064734813991
2021-09-24,0.0006129858037772187,-0.0025807636258695916,0.0016458609192494707
2021-09-27,-0.010605957623824389,0.022665524850080106,-0.0028652163904927096
2021-09-28,-0.024089204165892487,-0.026125611360759873,-0.020357563499775928
2021-09-29,0.0064620699116342325,-0.011906357007920743,0.0016815794204744015
2021-09-30,-0.009355562106958275,-0.01798417220665357,-0.01229758570474388
2021-10-01,0.008094623241930533,0.0051978421413890466,0.01181425346354919
2021-10-04,-0.024913739105689805,-0.01551472471202063,-0.012980050000268013
2021-10-05,0.014059242926591544,0.030688386214414255,0.010351282008808605
2021-10-06,0.00628726596426269,0.005789428363882682,0.0041472934855909796
2021-10-07,0.009043557276533895,0.006600858203916707,0.008608758998300553
2021-10-08,-0.0027256769906700206,0.005590884452996423,-0.0018256774355064275
2021-10-11,-0.0006299072892215711,-0.01945962791948707,-0.007265688972612782
2021-10-12,-0.009144671788645841,0.0033429740075092956,-0.002464874702140364
2021-10-13,-0.0042489719067467365,-0.0005693448166326443,0.0035911201079815965
2021-10-14,0.020024007055639278,0.012578961116481225,0.01668069905151906
2021-10-15,0.007484202447873745,0.0373065564619472,0.007587024227422055
2021-10-18,0.011737009498125932,0.01859120115569078,0.002956217517912642
2021-10-19,0.014967573500599676,-0.003705217023781155,0.007685296820711316
2021-10-20,0.0033556374465379744,-0.010413886818115546,0.0039198627108554115
2021-10-21,0.0014726488250477305,-0.0007360348646770921,0.0026049706443324774
2021-10-22,-0.005298807179061258,0.01637682040456258,-0.0010367637046963083
2021-10-25,-0.0003362369814760909,0.001037418626870191,0.005348449709709072
2021-10-26,0.004564337120696866,0.006872001692660158,0.0008997576460540654
2021-10-27,-0.0031526488787621695,-0.015979139604611555,-0.00444007865404914
2021-10-28,0.024684457703916432,0.009276069361690656,0.009602418379489372
2021-10-29,-0.01832259910510966,-0.0035500992809383795,0.002027277844586048
2021-11-01,-0.00562318243512813,0.008072073091087142,0.001718715482478759
2021-11-02,0.007090943545888487,0.01701282705922342,0.004034917282804585
2021-11-03,0.00975096947147723,-0.01413752419099853,0.006086519599877216
2021-11-04,-0.003504835328375345,-0.02380345274268743,0.004701532272771796
2021-11-05,0.0035759232108257613,-0.0024288192152863383,0.0034637507978645494
2021-11-08,-0.005568178722517357,0.003090437468311713,0.0008533948165873433
2021-11-09,0.0024564272875956957,-0.007349223831583355,-0.0033109868925412685
2021-11-10,-0.019348916152607094,-0.015488863488272447,-0.008077337918116182
2021-11-11,-0.0003379170978630438,0.008035349420886672,0.0003235155506076592
2021-11-12,0.014234977076420952,0.006367243770448154,0.0075184157976867
2021-11-15,6.669965579319847e-05,-0.0002469216266530761,0.0003423659189647493
2021-11-16,0.006644291201838102,-0.0042578252941986115,0.003950029681121956
2021-11-17,0.01635575042408494,-0.029046682383226764,-0.002432315121887184
2021-11-18,0.02813644427529574,-0.0004600044285483093,0.003390713000907445
2021-11-19,0.016833536356268063,-0.010221492547975723,-0.0017899149764996963
2021-11-22,0.002923053660920133,0.022386255534077807,-0.0028190037216292638
2021-11-23,0.0024191827688147924,0.025372113506434178,0.001325199977370392
2021-11-24,0.0032781532197908507,-0.017752831546726865,0.0026661512570129563
2021-11-26,-0.032190789873192974,-0.024855917686121262,-0.022555556363729964
2021-11-29,0.021637459902134556,-0.00734617566989074,0.012191925052512249
2021-11-30,0.03108975815179473,-0.014462280761724865,-0.019649401232451978
2021-12-01,-0.003211790013554497,-0.006644984069930057,-0.011169287612848237
2021-12-02,-0.006148513630172031,0.02895441913788469,0.015200256206954546
2021-12-03,-0.011793630994293126,-0.012489400850984185,-0.008739511209315877
2021-12-06,0.021274786447035184,0.01702044003210341,0.011773641436586836
2021-12-07,0.03483239516836154,0.0273891310103022,0.020473842890873922
2021-12-08,0.02252741114696442,-0.006997331863021624,0.0026445664689111743
2021-12-09,-0.00297434556841225,-0.00209121158189077,-0.00677451383687023
2021-12-10,0.027627887167284024,-0.013789812492636765,0.009369514662925049
2021-12-13,-0.020890877378210822,-0.01655296333764816,-0.00889789821517929
2021-12-14,-0.008055548872234499,0.010808342086221036,-0.006903678392593275
2021-12-15,0.028110412310418255,0.002799638338893276,0.015504084953946565
2021-12-16,-0.04005552386521484,0.018951697865166275,-0.008857573575791897
2021-12-17,-0.0065231311224002,-0.039970796322894075,-0.010700003239762683
2021-12-20,-0.008154903904283875,-0.02705180041191922,-0.01069033243828455
2021-12-21,0.01890682416715658,0.02316794710834053,0.017603043417911027
2021-12-22,0.01520242407647091,0.0052710956702733455,0.009949095749560051
2021-12-23,0.0036377202572966407,0.0070631348753386475,0.00620277791996846
2021-12-27,0.02271458200803899,0.007761256743853464,0.014053119996073464
2021-12-28,-0.005783878416538541,-0.0011087361260745518,-0.0008176690660952288
2021-12-29,0.0005019116830466013,-0.0036444106513750046,0.0012785242258742339
2021-12-30,-0.006600024254969535,-0.0017625109836128243,-0.0027683221644678193
2021-12-31,-0.0035416734670870925,-0.007733642982273741,-0.0025235165404015342
2022-01-03,0.024696934528896784,0.032861719570497945,0.005773189560663127
2022-01-04,-0.012772950286743053,0.03027069383668524,-0.00033484300464330444
2022-01-05,-0.026960101009562504,-0.021957928653027155,-0.019388949858646424
2022-01-06,-0.01683437417372327,-0.0042739441070844125,-0.0009398430518042176
2022-01-07,0.0009880679858832672,0.001460217003011055,-0.003961385060083911
2022-01-10,0.00011630176886534217,0.004167446004995012,-0.0012451293466737806
2022-01-11,0.01664426636602317,0.009673425193835072,0.009067071134689913
2022-01-12,0.002566983829679562,-0.03211973064286367,0.002699870432015807
2022-01-13,-0.0192112501957029,0.001254767916976987,-0.013874281178119315
2022-01-14,0.0050974399190470586,-0.025554005132058712,0.0004087862574626679
2022-01-18,-0.01907474529706644,-0.07221570169867801,-0.017868447185264293
2022-01-19,-0.021249049290595057,-0.02017978794010984,-0.010437590378743599
2022-01-20,-0.010401001221511642,0.002243351724778711,-0.011129834372129185
2022-01-21,-0.012847271430932613,-0.012109663690575787,-0.019825836152680437
2022-01-24,-0.004876039856588425,-0.0015131704810491594,0.004237659887779831
2022-01-25,-0.011450071569313507,-0.005372748366374583,-0.012284050486545172
2022-01-26,-0.000563497852254388,0.0033027098820320564,-0.0025120369750247316
2022-01-27,-0.0029474344359289553,-0.004826542969529283,-0.004950120007483726
2022-01-28,0.06745070197709284,0.017383280438798034,0.024531966462189466
2022-01-31,0.02579045313178501,0.021862608510703888,0.017850881274122835
2022-02-01,-0.0009732164353733574,0.02610247006557646,0.006734224742591227
2022-02-02,0.007019431026770436,-0.0027505054241595953,0.009667149129133086
2022-02-03,-0.01686109580991595,-0.011580052926867444,-0.02378552139455316
2022-02-04,-0.0016808103863905435,0.02400740566647927,0.004691008501155882
2022-02-07,-0.004243394666097206,0.0014951114035662682,-0.003214277518219901
2022-02-08,0.01829829524700634,0.005282692811928841,0.008194146834078287
2022-02-09,0.00825961260399445,0.011898548820008311,0.014529987897068412
2022-02-10,-0.0238818618392478,-0.010629728233804316,-0.01812910361218769
2022-02-11,-0.0204255375101429,-0.020473977541310813,-0.01991563370014735
2022-02-14,0.001422184907299878,-0.00779785105260884,-0.0032747295036945645
2022-02-15,0.02288853052873776,0.010219008444378749,0.01599840527900324
2022-02-16,-0.001389890173641708,-0.010746458756671611,0.0011201958229437833
2022-02-17,-0.021498640355096226,-0.03099906896982127,-0.021593027595885383
2022-02-18,-0.009399958060633623,-0.008689408092004055,-0.006496088679329478
2022-02-22,-0.017972756549800177,-0.0051281212792469765,-0.010789617554466413
2022-02-23,-0.02620450304652706,-0.008986758251223203,-0.017897721826911246
2022-02-24,0.016542520296434767,-0.00293524265284084,0.014937025814569111
2022-02-25,0.012882150280127961,0.028771945150101806,0.021824028462907073
2022-02-28,0.0016364132347844811,-0.02554369132885236,-0.002561899566486189
2022-03-01,-0.011695950912493433,-0.033231919585520575,-0.015347304584574182
2022-03-02,0.020379078382984906,0.024618170254133417,0.018229156517261022
2022-03-03,-0.0019832168515041848,-0.00883840218024528,-0.004991161237665205
2022-03-04,-0.018579743841589294,-0.011310515898120814,-0.008157824747117591
2022-03-07,-0.024003440617162385,-0.023882560963622464,-0.029922371961603512
2022-03-08,-0.011744703770956473,-0.0016169482498013946,-0.007610459232520711
2022-03-09,0.034398990712031646,0.03731989816946457,0.026457579025032485
2022-03-10,-0.027562676904586716,-0.011123303183247129,-0.004525885571250112
2022-03-11,-0.02419907858851806,-0.00882935646318052,-0.012796555688874096
2022-03-14,-0.026921560704209757,-0.0061966978052271264,-0.007335037422057371
2022-03-15,0.029245317018078466,0.012780357391649658,0.02175212174133808
2022-03-16,0.028602707953580577,0.034634566808120895,0.021931695503727956
2022-03-17,0.006433240164300689,0.007338714889882609,0.012433394870221687
2022-03-18,0.020703151604794984,0.006128162821988402,0.010893175529286935
2022-03-21,0.008501587213294902,-0.01864536218597843,-0.0002921572105916907
2022-03-22,0.020586637744990113,0.011759700286446077,0.011633379664460085
2022-03-23,0.00820043006478113,-0.02181024633272744,-0.012961966935783057
2022-03-24,0.022424461367465898,0.0018460807587962562,0.01496178705453173
2022-03-25,0.0037271005670523848,0.003740376634531281,0.004871670570944363
2022-03-28,0.005023828135452702,-0.006510425029942881,0.007087815854738318
2022-03-29,0.01895382157588384,0.012919614139061751,0.012294905798510303
2022-03-30,-0.0066718295783973185,-0.012054683256966894,-0.00619382819944357
2022-03-31,-0.017935889433738347,-0.01649479134339094,-0.015511112113314608
2022-04-01,-0.0017193588329507377,0.00036353279852588616,0.00283020651871295
2022-04-04,0.023417176976168057,-0.00610554432765439,0.008530152565413354
2022-04-05,-0.01912382034437548,-0.013033649230708214,-0.012711835768033019
2022-04-06,-0.018622874632608356,-0.024055280364617224,-0.010049702249412491
2022-04-07,0.0018022895172821844,-0.006693991297756357,0.005026416204209355
2022-04-08,-0.01198032599110822,0.022784605202225788,-0.0026776012572767875
2022-04-11,-0.02584699334472226,-0.0019621308332743908,-0.017240070115478037
2022-04-12,0.011457449678460402,-0.0030600407278698932,-0.0037122223159104604
2022-04-13,0.016210345325477705,0.006825216891226873,0.011388460992742827
2022-04-14,-0.030447016374689224,-0.0010253561509149247,-0.01252984228086802
2022-04-18,-0.0013317434659396426,0.025295954234019494,0.0004112186317759537
2022-04-19,0.014016410061967608,0.018233449842298646,0.016013626328930337
2022-04-20,-0.0010161549182421184,0.015095969193487267,-0.0007417683031619555
2022-04-21,-0.004855382033145931,-0.020019693891912417,-0.015066570441391822
2022-04-22,-0.028215420358639314,-0.04443646652070534,-0.027822620363949262
2022-04-25,0.0067145602183601456,0.005146456805327735,0.00578093353263528
2022-04-26,-0.03804267466409567,-0.026162229387042175,-0.029388593362879748
2022-04-27,-0.0014677172303835303,0.00035156298776773445,0.0028078359229620387
2022-04-28,0.04416559321026469,0.01640179510219093,0.02494581458643595
2022-04-29,-0.037291622182964015,-0.04142269278629971,-0.037655756022568536
2022-05-02,0.001964338311221292,0.016009159183996428,0.0060012951021368955
2022-05-03,0.009576968753288796,0.013566554860672589,0.004573515655188629
2022-05-04,0.04018960045273962,0.029590059046721965,0.029998333577636198
2022-05-05,-0.057328549740344625,-0.034655986589399904,-0.03618974674648901
2022-05-06,0.004716061533075108,-0.0003516349037266888,-0.005986595278522624
2022-05-09,-0.03375250556022034,-0.013090210356186275,-0.032541118983596164
2022-05-10,0.015983594531239435,-0.012476641727646377,0.002307857270197467
2022-05-11,-0.05323340423097542,-0.011572616164749123,-0.016013728955270912
2022-05-12,-0.02726252769545856,-0.007122007345389078,-0.0010445152967135745
2022-05-13,0.031417785573454426,0.025001439986691642,0.023626523349023074
2022-05-16,-0.010729675468782772,-0.011631686816567751,-0.004065698178980917
2022-05-17,0.025104856077652477,0.030923861014078523,0.020361423828237534
2022-05-18,-0.05807294727983501,-0.020139672283895297,-0.04114631505870592
2022-05-19,-0.024950433674773932,0.0047812288407513065,-0.006143653940762094
2022-05-20,0.0017458230908731366,-0.00455281212845709,0.0004365950733942834
2022-05-23,0.03933557798104102,0.03147435265054248,0.018537193093501766
2022-05-24,-0.01940308305354439,-0.00843668412797743,-0.007663124020266678
2022-05-25,0.0011392311948836028,0.003021386108562323,0.008796169259466411
2022-05-26,0.022934744550510044,0.027345832238712793,0.019784298504316632
2022-05-27,0.03994769389781324,0.015179482422493366,0.024252562063460787
2022-05-31,-0.005360710597114675,0.000826162982216837,-0.005626679430306447
2022-06-01,-0.0008735915723248818,-0.015415518030593624,-0.008121355629754471
2022-06-02,0.016671522900152624,0.0074290951512503405,0.018864454628352286
2022-06-03,-0.03931859863668282,-0.017327326981983047,-0.016547702770884718
2022-06-06,0.0052141482867230264,0.005725782401728564,0.0030400048198959985
2022-06-07,0.01743292744980711,0.0031151864150540717,0.009546719124530513
2022-06-08,-0.005055951884077042,-0.02147214031252968,-0.010931890021011697
2022-06-09,-0.03661794930645394,-0.03380505864584935,-0.024070183702166112
2022-06-10,-0.0393946810864925,-0.05819930438434896,-0.029424310223472562
2022-06-13,-0.039037181506369666,-0.012974809311584647,-0.03870778463832209
2022-06-14,0.006650481454329277,-0.002756878390196146,-0.0030176719695814776
2022-06-15,0.019911960195747622,0.02630206091706174,0.014155600693760767
2022-06-16,-0.04045900548952417,-0.017703145785960727,-0.033656126759513
2022-06-17,0.011467381798324983,-0.018379984346819197,0.002153383234728764
2022-06-21,0.03223545491402991,0.01778321503178181,0.024861784866800688
2022-06-22,-0.00383440590064088,-0.0009484039761367647,-0.0018145748175894556
2022-06-23,0.021344251702898793,0.005712030271092485,0.009754929323102833
2022-06-24,0.024221304242324458,0.05632125884671638,0.03129891212738116
2022-06-27,0.0,-0.0065282337133143065,-0.003826917726001972
2022-06-28,-0.03024220464579511,-0.004298249814666237,-0.020644680730440547
2022-06-29,0.01293968341704131,0.01257582783175784,-0.0008146402842525844
2022-06-30,-0.01819217752843978,-0.020857170607835925,-0.008157510319924153
2022-07-01,0.01603502056571283,0.007412968925420407,0.010521164378087393
2022-07-05,0.018753692579410036,-0.0068069738920227656,0.001886774069881677
2022-07-06,0.00956127040119096,-0.011642266553248879,0.00337143890280403
2022-07-07,0.02371610459964966,0.016341569361232863,0.014866074515004431
2022-07-08,0.004703650084190328,-0.007158869633901213,-0.0008226792316553747
2022-07-11,-0.01486824596870403,-0.011159380077163383,-0.011489429633664604
2022-07-12,0.006810487476691226,-0.0022192141101841224,-0.008888433461170358
2022-07-13,-0.002539674203614536,-0.008169302170585355,-0.005265370020057117
2022-07-14,0.020275667721234753,-0.02994594680944146,-0.002431525605196681
2022-07-15,0.01138499228636764,0.04268553165964746,0.018924913744541978
2022-07-18,-0.020859263221014283,0.024836472452271552,-0.008291287111032296
2022-07-19,0.026370966399032546,0.05423452240173141,0.02666059891248204
2022-07-20,0.013419849582408463,0.010633606506519873,0.006352975960731705
2022-07-21,0.014981110116656048,0.015710331072176644,0.010131815207921427
2022-07-22,-0.008143753341915212,-0.008024894938839261,-0.009321435290568409
2022-07-25,-0.007425695886437524,0.0005862003515272974,0.0012141363955299942
2022-07-26,-0.00886554335067968,-0.01733444235386033,-0.011901782511558157
2022-07-27,0.03366171848238632,0.018629655790001736,0.025635115009218754
2022-07-28,0.003565299686891819,0.013982993053503284,0.012464391000742842
2022-07-29,0.032266822536048984,0.012921046884666795,0.014473550367725739
2022-08-01,-0.006172448709082232,-0.0039373146333090735,-0.0029656354571767772
2022-08-02,-0.00933079948928419,-0.012728199741365177,-0.006619110734239622
2022-08-03,0.037534453223352374,0.016005302806191234,0.015538157335456805
2022-08-04,-0.0019282645095699985,-0.0039093919468098075,-0.0006758847719171307
2022-08-05,-0.001389911866298071,0.00840136540918426,-0.0016916353603420714
2022-08-08,-0.0029073374283582307,2.997110194589977e-05,-0.001161543335284354
2022-08-09,0.00030343279434486204,0.005780028698164928,-0.003978967155415961
2022-08-10,0.02585735672844627,0.032988840529687036,0.02078641677681292
2022-08-11,-0.004441363672990517,0.010778002627699776,0.0
2022-08-12,0.02119926978157261,0.0060665486302480245,0.01678730028009096
2022-08-15,0.006313576525084627,0.005720987923284997,0.004112340195880818
2022-08-16,-0.0009243856401105638,-0.002476034982170817,0.0019569458790376993
2022-08-17,0.008746240646082664,-0.003471109873463212,-0.007123637135105444
2022-08-18,-0.0022941279013510975,0.0022025911673302485,0.002902437702481087
2022-08-19,-0.015217344477964528,-0.014919263996690416,-0.013529279555298646
2022-08-22,-0.023298667560575748,-0.019807339477349695,-0.021042253554049165
2022-08-23,-0.0020309631963373116,-0.006562984239640653,-0.002422155619645816
2022-08-24,0.0017923603982648254,0.005160237948917751,0.0031962009887606013
2022-08-25,0.01481255478638377,0.013218648139789504,0.01401867650598276
2022-08-26,-0.03842842267237339,-0.02955309860511971,-0.0344353805101023
2022-08-29,-0.013784581072156932,-0.007399289168888996,-0.006634053081559028
2022-08-30,-0.015423844021220675,-0.0008688922613260001,-0.011038483713245052
2022-08-31,-0.01069209388908782,0.004639938245957165,-0.007638057227787165
2022-09-01,0.004695904725819063,0.0024918434252623614,0.0031328034265116966
2022-09-02,-0.013704774254721221,-0.006075440377700927,-0.01060037972903719
2022-09-06,-0.008249014152393219,-0.015168034398766503,-0.0037803447836811887
2022-09-07,0.00921132866317205,0.012388562346251786,0.017805595852562934
2022-09-08,-0.009664268002700253,0.014476289684714202,0.006514871270703629
2022-09-09,0.018664609983816634,0.01397547030390648,0.015415962491549919
2022-09-12,0.03778471150550107,0.007265311827124319,0.01069028565048303
2022-09-13,-0.06047127778652156,-0.042303172817908734,-0.04445622068496082
2022-09-14,0.009509790368416378,-0.0034469326567464344,0.003808632204382077
2022-09-15,-0.019111395894610392,0.013234790228700844,-0.011418112998925301
2022-09-16,-0.011020424408692326,-0.016448447193218762,-0.007658349169516307
2022-09-19,0.024773691513998858,0.007482429298120422,0.007725026360421139
2022-09-20,0.015543518194089391,-0.0165667171784835,-0.011544878222063754
2022-09-21,-0.020475791650597732,-0.007919928199776495,-0.01759773026329604
2022-09-22,-0.006395551339991647,-0.024589393535850847,-0.008435431423804946
2022-09-23,-0.015239153827091283,-0.035620078422839596,-0.016896617049385065
2022-09-26,0.0022575247349947486,-0.024641149298358644,-0.009941903735624102
2022-09-27,0.006544808829850464,-0.011058377445762178,-0.0025560537174884675
2022-09-28,-0.012732241024259195,0.031784310336124784,0.01948534016705777
2022-09-29,-0.05036645654760041,-0.015681600066392277,-0.0211102584166069
2022-09-30,-0.030499823352475565,-0.010387453509352,-0.015584352519351497
2022-10-03,0.030289361682916578,0.02060178295054853,0.02605863144917134
2022-10-04,0.02530006837295781,0.051214629292160314,0.030516368553345607
2022-10-05,0.0020511061813974518,-0.018818469510964515,-0.002330913114079439
2022-10-06,-0.006647573566157994,-0.014112073620458698,-0.010369478450531901
2022-10-07,-0.03740970933611073,-0.011853244346280555,-0.028290255918554084
2022-10-10,0.0023528881541610537,-0.0017950086061036704,-0.007664695368553546
2022-10-11,-0.010307648470809573,-0.021287325182706245,-0.0063533033553459005
2022-10-12,-0.0046158661230243075,0.003732046652588286,-0.0033036644311474953
2022-10-13,0.033060349801951446,0.039050001986902616,0.02604860179931786
2022-10-14,-0.03277095933085415,-0.02332670011985946,-0.023052130664145052
2022-10-17,0.028706441545086787,0.02215366354928884,0.025372324426087018
2022-10-18,0.009365281109215542,0.023012586450116248,0.011680996531286856
2022-10-19,0.0007652586785536612,-0.00668151787882644,-0.0071115974665077976
2022-10-20,-0.0032724446815920317,-0.00305195242467805,-0.008420782875398401
2022-10-21,0.02669923764601625,0.0449510853207276,0.02401084829553025
2022-10-24,0.014694408793451134,0.01101274823684099,0.01216235172083757
2022-10-25,0.019152796653964594,0.011193435609964324,0.015842419236267682
2022-10-26,-0.01982218696158519,0.009849196153390086,-0.00756271219422838
2022-10-27,-0.030939089291600778,0.004428548029178049,-0.005354462655189949
2022-10-28,0.07283437596220925,0.013667535512867809,0.02351233011225655
2022-10-31,-0.015530240450961002,0.007838814677928954,-0.007249731053738472
2022-11-01,-0.017698554386505146,0.011744546163656477,-0.004385424386178449
2022-11-02,-0.038018462481769606,0.0034654035086914494,-0.02541633778154361
2022-11-03,-0.04333007115881258,-0.0026337865903795087,-0.010350144736075371
2022-11-04,-0.0019495373924270532,0.025582338659001808,0.014290514189864215
2022-11-07,0.003894722968572156,0.012908541645587543,0.009519811192518542
2022-11-08,0.004166315524256448,0.004018603671850246,0.005381072025254641
2022-11-09,-0.033753051694078814,-0.005564554512547075,-0.0208173180263535
2022-11-10,0.08523644565401281,0.04406957677270519,0.053497471739928866
2022-11-11,0.019085174042551386,0.017971040920756184,0.009631941845989795
2022-11-14,-0.009530702203669182,-0.007322197783182018,-0.00854317590200907
2022-11-15,0.011799504579415391,0.001358995998550463,0.00849280910134756
2022-11-16,-0.008366025618606884,-0.0014375447520255235,-0.007657755491579025
2022-11-17,0.01288773133856666,-0.006691844468472753,-0.0030648446037128984
2022-11-18,0.003774704659854418,-0.001528396530829004,0.004530240539992133
2022-11-21,-0.021918515515867935,0.002660027188372301,-0.003642700236357179
2022-11-22,0.014554763009629402,0.00958029902603825,0.013367211476500093
2022-11-23,0.0059085639056139115,0.006180640844938137,0.006282017741119623
2022-11-25,-0.019787739308620437,0.00673433996460358,-0.00022406947713684682
2022-11-28,-0.026615491591681483,-0.016856517271175434,-0.01608529559883432
2022-11-29,-0.02137519001649274,0.0035244184460647377,-0.001719401091731534
2022-11-30,0.04745033190409807,0.012875362272153528,0.03101474498878415
2022-12-01,0.0018894247872629677,-0.006078064608509523,-0.0007361655095874592
2022-12-02,-0.0033769987334571656,-0.008451345136887629,-0.0011541566468941927
2022-12-05,-0.008014954379119444,-0.024039870208480755,-0.018153201415326083
2022-12-06,-0.02569753075410519,-0.02350162405674256,-0.014519619957380688
2022-12-07,-0.013880653261306787,-0.008272873627936099,-0.0017024752167152332
2022-12-08,0.012059885963651549,-0.005125561495534426,0.007803177201301193
2022-12-09,-0.003441033555528168,0.0029557929524008037,-0.007498223204998537
2022-12-12,0.016257170449571305,0.011186230081068239,0.014314534328649781
2022-12-13,0.006759532467889506,0.015057776311900967,0.007541136369461419
2022-12-14,-0.015657736189073884,-0.022797286092144986,-0.006414056751526715
2022-12-15,-0.047987503674474144,-0.02971174107430672,-0.024765713351160627
2022-12-16,-0.014685938081326363,-0.009997362575848616,-0.011876527223843766
2022-12-19,-0.01603780779807345,-0.005036605019620448,-0.008515755094521425
2022-12-20,-0.0005287308583565942,-0.00034821276814207277,0.0013675175062011636
2022-12-21,0.023530361023871887,0.016325127950185262,0.014841631620252127
2022-12-22,-0.024059606295060144,-0.01316580029465865,-0.014368714897605668
2022-12-23,-0.0028023540893697364,-0.00020285031080816216,0.005735644178085997
2022-12-27,-0.013975579229753286,-0.010298352792718369,-0.003951225017407902
2022-12-28,-0.031165675410649823,-0.0032218447322429084,-0.012505701527879106
2022-12-29,0.02793075310220116,0.007481937171160955,0.017840182985304563
2022-12-30,0.0024659584662963013,-0.0001454519957037181,-0.002637811999289784
2023-01-03,-0.03812244690744327,0.008236545187784489,-0.004218397840641097
2023-01-04,0.010261452298602152,0.004265848187579222,0.007690302745329191
2023-01-05,-0.010661356289745799,-0.011396526178528028,-0.011479000453576492
2023-01-06,0.036133433515968226,0.012488660958716515,0.022673044434285274
2023-01-09,0.0040805495250925885,0.014035636324838698,-0.0005669644176875206
2023-01-10,0.004446374901443608,0.01227547390618227,0.006988390682805459
2023-01-11,0.02089271240122043,0.01972820827452152,0.012568360501308776
2023-01-12,-0.0005995472411986637,0.014869101537105637,0.003634373434998589
2023-01-13,0.010068315870393982,0.010914938723464954,0.003871926878508987
2023-01-17,0.008718205544107661,-0.06655121583688002,-0.0018334266431863366
2023-01-18,-0.00538461659668256,-0.0023747295982860703,-0.015914021332496253
2023-01-19,0.0004437089018874854,0.004743927522150152,-0.007306517571820109
2023-01-20,0.019038552206295283,-0.02573082748106978,0.018457719361661535
2023-01-23,0.02322840511126779,0.021130067754615574,0.011927163034251302
2023-01-24,0.010012662973259024,-0.0023225863890852213,-0.0010738969686956753
2023-01-25,-0.004711922246210698,0.00372522834775862,0.00037467576612654695
2023-01-26,0.01469506881054912,0.015157932650437436,0.01093028366611188
2023-01-27,0.013591327246716788,-0.0035843498376627644,0.0022952383448683693
2023-01-30,-0.02028211603491301,0.01057427214725283,-0.012626125477974037
2023-01-31,0.008980366368536743,0.02309044727594328,0.014596119419148621
2023-02-01,0.007869580412621771,-0.00027321461856396066,0.010571887055446589
2023-02-02,0.0363922197742797,0.010228870750054877,0.014452043600398588
2023-02-03,0.024106867917405267,0.0012983314495755636,-0.010686015860116272
2023-02-06,-0.018091158138892137,0.002295040236805215,-0.006130200954182879
2023-02-07,0.019061627274267263,0.009661898902806894,0.012993901903625827
2023-02-08,-0.01781008753580774,0.0018678587339563595,-0.010995027058667324
2023-02-09,-0.006935692252849279,-0.019136760225205232,-0.008707076656973694
2023-02-10,0.002452965450978425,0.008900680033788454,0.0023311037827837442
2023-02-13,0.018632499769951093,0.00735272497295972,0.01167056770594534
2023-02-14,-0.004234001868927594,-0.006006977200852784,-0.0004601021538862762
2023-02-15,0.013807665396229534,0.006862279741658617,0.003242028586846389
2023-02-16,-0.01048438815027648,-0.01112118116410963,-0.01386454702188133
2023-02-17,-0.007575282138551554,-0.004602645542597585,-0.0025014208221150374
2023-02-21,-0.027041881803613787,-0.02023041425032306,-0.020264897986376304
2023-02-22,0.00289167232994583,-0.0006369178049382326,-0.001379027432963507
2023-02-23,0.003285183590442056,0.00731596358897118,0.0053052907817936045
2023-02-24,-0.018169486856873508,0.0008522198613512695,-0.010739762728943215
2023-02-27,0.00821361171169691,0.004606673334863704,0.003400154811608609
2023-02-28,-0.003453479533404445,-0.03871185685952125,-0.0037029510404368326
2023-03-01,-0.01434849068811147,-0.008398410159107791,-0.0038432411932019447
2023-03-02,0.0041206653383882635,0.00825504130693073,0.007747106554948305
2023-03-03,0.03448847264069848,0.022629515281154897,0.01591042956171073
2023-03-06,0.018369413895548626,-0.00011212466361122229,0.0006926595691891127
2023-03-07,-0.014602452091664364,-0.03120584928190055,-0.015447572715028576
2023-03-08,0.00834234746943494,0.009232568003029419,0.0016308923772679642
2023-03-09,-0.015027106172679959,-0.020828781666909123,-0.018622278095376244
2023-03-10,-0.013975851652548476,-0.043066514248159375,-0.014534405075532723
2023-03-13,0.013178758857940025,-0.03781687866822049,-0.0014261589149543123
2023-03-14,0.01399083563296256,0.020827076973018784,0.016394754476540978
2023-03-15,0.0026180482309157258,-0.031405253885594654,-0.006273950132004616
2023-03-16,0.018521415190452816,0.009246099210108332,0.017393058748417824
2023-03-17,-0.0054688325944600895,-0.03734484799333222,-0.01176166011884236
2023-03-20,0.015365060547469249,0.019541780027332298,0.009569752277366735
2023-03-21,0.011873378034553538,0.024729457256205706,0.013045044494102258
2023-03-22,-0.009144962623815424,-0.011443097760972038,-0.01719338785521199
2023-03-23,0.006945179241468132,0.0037548727916690413,0.002699762702054824
2023-03-24,0.008271273155054486,-0.007267899933449875,0.006540555127810384
2023-03-27,-0.012369076426853701,0.018888415155211717,0.0018681739597566302
2023-03-28,-0.003988855888923943,-0.0002826641751365307,-0.002247210899503376
2023-03-29,0.019597883625898732,0.007134402179249821,0.014430189524635819
2023-03-30,0.009840872239136348,0.0013086067540821903,0.005838260504994933
2023-03-31,0.015523300365042257,0.018419183175308208,0.013996231083264471
2023-04-03,0.0076721640453787905,-0.001805310961205594,0.0038031635322666995
2023-04-04,-0.0032548858167467205,-0.011922839042725373,-0.0055634798020660434
2023-04-05,-0.011354532336245076,-0.0034772911338103274,-0.0026218824288659634
2023-04-06,0.0054806497404681,0.002702140397840408,0.0038934204682453933
2023-04-10,-0.01610114922702483,0.007908968825192859,0.0010258324818076198
2023-04-11,-0.007620144761836779,0.0073888252627733655,0.0002685354056395498
2023-04-12,-0.00436249810819485,0.008728551134047271,-0.004084164559706187
2023-04-13,0.03353475514192072,0.005707147650720695,0.013195102334519053
2023-04-14,-0.0021159718554201283,0.014318983817775324,-0.0024457806482568825
2023-04-17,0.00012078687789045622,0.008158423059289422,0.003581828958188111
2023-04-18,0.007476630878045616,-0.01713239484176674,0.0006522101585603762
2023-04-19,0.006944318409546412,0.008884869359670906,-0.0001691928530035394
2023-04-20,-0.005863563361021866,0.005387802835744528,-0.005471951764255493
2023-04-21,-0.009829005361303062,0.008671938920997494,0.0007765789020235912
2023-04-24,0.0018766471073775035,0.006709102721970709,0.0010426176658848217
2023-04-25,-0.009480241630600773,-0.01311014002239146,-0.016001172781137763
2023-04-26,-6.121384984662138e-05,-0.008638672351967061,-0.004244448081668431
2023-04-27,0.027999438797764946,0.014863969519676752,0.01971234409961259
2023-04-28,0.0075128605162986676,0.00537195362575601,0.008499024109975543
2023-05-01,-0.0005306733419173749,-0.008391658710757024,-0.001010084138838505
2023-05-02,-0.006210585604005547,-0.021367819102362542,-0.011303069075227866
2023-05-03,-0.006488281452087298,-0.014259390519947231,-0.006887720553694235
2023-05-04,-0.009962918680677248,-0.02274271187302322,-0.007108053444989478
2023-05-05,0.04585919771879969,0.01777050325191387,0.01834317986596827
2023-05-08,-0.00040347982471943537,-0.0015607410535393071,0.00026649325887019316
2023-05-09,-0.010021105263361613,-0.00534340178635624,-0.004394833675819178
2023-05-10,0.01036700609202588,-0.006858865722662126,0.004661409960250039
2023-05-11,0.0010939694525321751,-0.005689733190245126,-0.0017453965984641942
2023-05-12,-0.005432091589957937,-0.003811220459472776,-0.0013112813124834285
2023-05-15,-0.002901762707268023,0.008011573460240446,0.0034442844248177913
2023-05-16,0.0,-0.003919800383997945,-0.006705152085656851
2023-05-17,0.0035967482542850816,0.028788861680553328,0.012065927310866241
2023-05-18,0.013573686797400935,-0.0018190032559458828,0.009587091409884658
2023-05-19,0.000628256894135192,-0.010461584280361301,-0.001456213874997681
2023-05-22,-0.005495977205959737,-0.0037784791956654118,0.0004061801862468218
2023-05-23,-0.01527091157859544,-0.004163535144385649,-0.011286524653922532
2023-05-24,0.0016306270540898207,-0.011688511787536816,-0.007271062279427391
2023-05-25,0.006670118906588795,0.012646249457281947,0.008622510630518896
2023-05-26,0.014006131612073548,0.024791931804209168,0.012867748773363132
2023-05-30,0.010603199750588004,-0.0035604556318487787,0.0003806883724185237
2023-05-31,-0.0002820042921570048,-0.013584203149113355,-0.005560619667796968
2023-06-01,0.01589538595761246,-0.02342781989128487,0.009456264522061598
2023-06-02,0.004764131873570485,0.022655456371305525,0.014357648027288375
2023-06-05,-0.007600043963404814,-0.005701308932689959,-0.0019182711653801825
2023-06-06,-0.002062309432528426,0.015386950777971212,0.002175094966609371
2023-06-07,-0.0077864459044480324,0.027018521344887303,-0.0034637169732307923
2023-06-08,0.015346595724275483,-0.0008343828350840486,0.006030556510558578
2023-06-09,0.0021574403374671784,0.0016381931506083151,0.001792431703286272
2023-06-12,0.015517897250812209,0.010273743043433266,0.009031043938740518
2023-06-13,-0.002615230156577452,0.00882733073256216,0.0065713214020925
2023-06-14,0.0034854278362234,-0.011984027047542884,0.001190226227433519
2023-06-15,0.011136397393462744,0.003892844172082549,0.012321285568985546
2023-06-16,-0.005877167231089616,-0.004217868703506613,-0.003411996116555355
2023-06-20,0.0004866877448831992,-0.022690454674557395,-0.005201581687920595
2023-06-21,-0.005691413752899287,-0.01723172347823669,-0.005136935900144293
2023-06-22,0.016389938700114442,-0.017033053227139293,0.003603282908712355
2023-06-23,-0.0017124821195050898,-0.015356002615370491,-0.007588865379381531
2023-06-26,-0.007581682025568346,-0.007495104346339687,-0.0040941112354796
2023-06-27,0.014946712932723462,0.003483667118018451,0.010903792443585907
2023-06-28,0.006307943858730066,0.000669777941630271,0.0005041106762901999
2023-06-29,0.0017950203250131102,0.029621168172368217,0.003933604134877978
2023-06-30,0.022839408778856613,-0.0017038091122416289,0.011731755504897528
2023-07-03,-0.007814991293429614,0.012539719800563046,0.0011497809102013654
2023-07-05,-0.00588866724622629,-0.020289532303414553,-0.0014882749950045203
2023-07-06,0.0025055021089881216,-0.022274030699590705,-0.007861465319692935
2023-07-07,-0.0059085201016547805,0.006909110336269255,-0.0025279285137442473
2023-07-10,-0.010915322367341074,0.004115973722762052,0.002527928513744244
2023-07-11,-0.0028141622034142185,0.01383886263774991,0.00634834895583935
2023-07-12,0.00894560567946119,0.01705620361926019,0.008013702273391704
2023-07-13,0.004049248045143944,0.006961160807253595,0.007905602839790625
2023-07-14,0.0007869679175120198,-0.007604687957497006,-0.0006230801632776656
2023-07-17,0.01715771416660261,0.0030918747919015284,0.003466131615157293
2023-07-18,-0.0013413509906857737,0.03031197638148346,0.007403106532470574
2023-07-19,0.007046888579990644,0.009678194509991961,0.002221316774634571
2023-07-20,-0.010148791347027043,0.02982549566068089,-0.006656460635188468
2023-07-21,-0.0061806635772705615,0.0031301487782384235,0.0
2023-07-24,0.0042111689660319146,0.019609779632030682,0.004457252447121948
2023-07-25,0.004503299179716271,-0.011854942614135052,0.002726485660270715
2023-07-26,0.00453481996568183,0.008030689602046469,0.00015356015477984558
2023-07-27,-0.006602781339957136,-0.008566493252069818,-0.006652055119189782
2023-07-28,0.013417647605554618,-0.0036172131275987555,0.009742720115195594
2023-07-31,0.003160965536823438,0.007446001906775882,0.0019021928182662547
2023-08-01,-0.004285053035806306,0.005185385538967765,-0.0028656814218183933
2023-08-02,-0.015611170979495107,-0.01867974250388858,-0.014008394563812164
2023-08-03,-0.007348711026856902,0.005850121934789964,-0.0028700551585849423
2023-08-04,-0.04921127440127187,0.00016990332855284243,-0.004533145697107829
2023-08-07,-0.017404359988450236,0.006602988619481175,0.008690901071956988
2023-08-08,0.005297704616689896,-0.020744599287581256,-0.004358209219964037
2023-08-09,-0.008994707801278038,-0.016123272399226254,-0.00670768741416622
2023-08-10,-0.0012354359019452474,-0.006704824825662554,0.00035895341167333666
2023-08-11,0.00033753091546849686,0.0009690619268184243,-0.0005834713626631616
2023-08-14,0.009349457682016856,-0.00881403462988347,0.0055049281684394925
2023-08-15,-0.011263582941526618,-0.016509189392685086,-0.011717282820911333
2023-08-16,-0.004971555146228015,-0.009375119187189742,-0.007365071071439004
2023-08-17,-0.014661989600625976,-0.004842932176291159,-0.007649124740191912
2023-08-18,0.002812006942066079,-0.007939544376661332,0.0004811852420443351
2023-08-21,0.007707036708067711,-0.008871790978137433,0.006485084564370436
2023-08-22,0.00787384036315373,-0.010205299046004713,-0.0027121615717214274
2023-08-23,0.0217114757181196,0.011043263124701554,0.011076099572576334
2023-08-24,-0.026519073924446263,-0.007379917034027532,-0.013956079159340372
2023-08-25,0.012563953787303583,0.0005937456859257532,0.0070252095558225895
2023-08-28,0.008807346788494427,0.018015543832523354,0.006321425548027932
2023-08-29,0.021575728438787942,0.01998498417597916,0.014351213756152791
2023-08-30,0.01899082664551939,-0.003706004692391703,0.0041102706207931635
2023-08-31,0.0011718084777926309,-0.0026513246829618685,-0.0014644325334433306
2023-09-01,0.008427736833786737,-0.0009463228260914387,0.0018633619529105376
2023-09-05,0.0012658641709361043,-0.011210984829177392,-0.004331281343698908
2023-09-06,-0.03644965670739864,-0.008125522071554404,-0.006745070296734137
2023-09-07,-0.029685639377777587,0.0025813854793284565,-0.0030750255212845658
2023-09-08,0.003485636845588564,0.010996336325114842,0.0015051355362370896
2023-09-11,0.006600571066622645,-0.002676181847851083,0.0065550439805438145
2023-09-12,-0.01720772537589044,0.019068670781168983,-0.005500742755693538
2023-09-13,-0.011925623188073393,0.0122545429662695,0.0011654298161378788
2023-09-14,0.008744044308627805,0.02822639023654664,0.008585375391377659
2023-09-15,-0.0041625536544144266,-0.005908917158528295,-0.012121486624409667
2023-09-18,0.016771974861071286,0.002274679405923126,0.0005862600447152587
2023-09-19,0.006161886257428395,-0.004173812114427391,-0.0020760534207039704
2023-09-20,-0.020194761682344204,-0.015296762840799304,-0.009235639173307242
2023-09-21,-0.008929154699292863,-0.01937295751257058,-0.01666662191946523
2023-09-22,0.004932351263808599,-0.007141260641444425,-0.0022510332047369643
2023-09-25,0.007353077927005088,0.0028928062688886066,0.0041963922866513174
2023-09-26,-0.023676554816714736,-0.015383249218296388,-0.014800385110568064
2023-09-27,-0.008937116038311788,-0.005791610982831465,0.000399123504602041
2023-09-28,0.0015243474513273133,0.010044255218245441,0.0057806573502168015
2023-09-29,0.0030418319083463045,-0.0050249018419157,-0.002429745573645929
2023-10-02,0.01472663608805018,-0.015792962618799554,-0.0003978619202801384
2023-10-03,-0.007800104756212113,-0.03964549516348113,-0.01347642323497577
2023-10-04,0.007281944841184304,0.008068889797483854,0.007255600813779586
2023-10-05,0.0071722341550183874,0.006137809126758594,-0.000376783508953052
2023-10-06,0.014642764433193877,0.0063566431169953565,0.011802700340589216
2023-10-09,0.008415684009536361,0.00041588352964769856,0.006381937285934638
2023-10-10,-0.003357831516593659,0.006885749758183579,0.005191340682790605
2023-10-11,0.007872933789124905,-0.005575002613198202,0.004087817269830258
2023-10-12,0.005048443072796558,-0.010178789149430018,-0.006115116985250018
2023-10-13,-0.010346068916991786,-0.0017765003280988617,-0.004993248181426314
2023-10-16,-0.0007270233468968041,0.016322464804773357,0.010466457258344433
2023-10-17,-0.008823675032496068,-0.016128716519973448,-4.589736221284086e-05
2023-10-18,-0.007422380468769411,-0.024211001435890108,-0.013414667551959036
2023-10-19,-0.0021632583922641985,-0.0092156390886622,-0.008825279650424974
2023-10-20,-0.014813525594690985,0.0028700798599385984,-0.012364099918453409
2023-10-23,0.0006939658090919577,-0.002769927529997873,-0.0017346582469769383
2023-10-24,0.0025401616967437534,-0.00013364671725699304,0.007510963380208979
2023-10-25,-0.01358351150598355,-0.008121596925425533,-0.014456106430082646
2023-10-26,-0.02491322298031217,0.0007747319110179755,-0.012046811451573889
2023-10-27,0.00793755890288033,-0.0241278640321999,-0.004543195726293098
2023-10-30,0.01223016289386445,0.03697478929844683,0.011884967323069975
2023-10-31,0.002814913405473406,0.00919852846591506,0.006260604847404083
2023-11-01,0.018565151698617645,0.011624782910580797,0.010608301276138975
2023-11-02,0.02048211770406725,0.021259592596554428,0.018982943566816474
2023-11-03,-0.0051945376934395895,0.04322585929064469,0.009082232231473506
2023-11-06,0.014499573935897648,-0.01138852595347008,0.0022977751787044013
2023-11-07,0.014347238894929728,0.00012344363858065026,0.0028420032974011368
2023-11-08,0.005867741536606465,0.001881202502263333,0.0007319991623168338
2023-11-09,-0.0026281255189506665,-0.011714867676911163,-0.007829253726329626
2023-11-10,0.022954713608919222,0.014637609303709968,0.015484213499362522
2023-11-13,-0.008620662407160671,0.0042918227355961715,-0.0009534922256032309
2023-11-14,0.014184589123655968,0.03548889394410293,0.019214833171582624
2023-11-15,0.0030364067986238833,-0.003312123545929499,0.0021147779932692576
2023-11-16,0.009001256663768038,-0.002758393903987545,0.0012225550591210474
2023-11-17,-0.00010534425230150193,0.007457281086420017,0.0012429096500397733
2023-11-20,0.009235568706387712,0.0007661340558633609,0.0076680806239757225
2023-11-21,-0.004239925296436117,-0.013285616565494382,-0.00218166347700192
2023-11-22,0.003508263061768465,0.010896583903238494,0.0038533301298545397
2023-11-24,-0.007028877377408184,0.001504715766536683,0.0006151406057212905
2023-11-27,-0.0009479309217670666,-0.004254913421928194,-0.001802523089838174
2023-11-28,0.003208882963539521,-0.000177769311521087,0.0009895138999863268
2023-11-29,-0.00542430398977527,0.015878145081388777,-0.0007035413977862663
2023-11-30,0.003057908173401496,0.0037548729943352325,0.00392962640191761
2023-12-01,0.0067683698799520815,0.019972527521255425,0.005898502429520598
2023-12-04,-0.009509744707589234,0.002751387295548436,-0.005263241339572857
2023-12-05,0.02084444019229178,-0.022109212584538865,-0.00019707581990836929
2023-12-06,-0.0057032817518687905,0.0006433901592487086,-0.004038051775825004
2023-12-07,0.010088386737657733,0.007719361712671954,0.007601600480172337
2023-12-08,0.007385061938063006,0.017859536605740477,0.004289894801223125
2023-12-11,-0.01301139365583608,0.002647279000739826,0.003881986234075163
2023-12-12,0.007888652708400168,0.00241335554501188,0.004556882411789613
2023-12-13,0.016553714425045208,0.02829633642385834,0.013695845688702479
2023-12-14,0.0007574129816430953,0.05560256298577498,0.0032041594910104253
2023-12-15,-0.0027293757401388214,-0.007748811926578902,-0.0016476850003907006
2023-12-18,-0.008539661603928241,-0.010860238145564709,0.005609259039105016
2023-12-19,0.005345789216108279,0.015945650156469857,0.006062399349302928
2023-12-20,-0.010771712271880816,-0.012974397938268599,-0.013953970302580356
2023-12-21,-0.0007703275485152556,0.008046543704631579,0.00943700711834041
2023-12-22,-0.0055628771392838075,0.00021026304439115495,0.002007779646973184
2023-12-26,-0.0028449230648524434,0.002518789929031822,0.004213578778072539
2023-12-27,0.0005177666846788285,0.00749259162993528,0.001806468446889951
2023-12-28,0.0022238492115208516,0.005007312292341879,0.0003777068817898988
2023-12-29,-0.0054389097536537935,-0.0016578144509772697,-0.00289931698212656
2024-01-02,-0.03644266553092754,0.0065370517219020706,-0.005611903112529149
2024-01-03,-0.007515829845061042,-0.016907484337955945,-0.008200277163193805
2024-01-04,-0.01278157433314057,0.003033525410278346,-0.003226341414821637
2024-01-05,-0.00402114908426021,0.009072383761916132,0.0013687315930584936
2024-01-08,0.023887535258459623,0.006242650799813984,0.014175043275426418
2024-01-09,-0.002265980812716087,-0.013254085515822347,-0.0015181473394466772
2024-01-10,0.005655312078301989,-0.004649397479951544,0.005639400501745696
2024-01-11,-0.003227594594237291,-0.005802691563830679,-0.0004407041664688813
2024-01-12,0.0017763830359414203,-0.005280540211278506,0.0006925421630162915
2024-01-16,-0.012393554174829855,0.007122136036463605,-0.003678062446697538
2024-01-17,-0.005186929790691885,-0.008632318030727497,-0.005574135530266645
2024-01-18,0.032051458790256095,-0.0007160924365385667,0.008853436184748544
2024-01-19,0.015413550103358407,0.01393770064258837,0.01238908696787536
2024-01-22,0.01208993210815802,0.009789735088589208,0.0021122198524993778
2024-01-23,0.006631286055701204,-0.013538225795330941,0.0029121688152380612
2024-01-24,-0.0034899924855061326,-0.003604466572963008,0.0010926656439609458
2024-01-25,-0.0016981930074198583,0.008660275993294036,0.00542397530375283
2024-01-26,-0.009053474723504458,-0.012912738183535463,-0.0012711418452490799
2024-01-29,-0.0035924543908787978,0.007305152238990652,0.007888179160842054
2024-01-30,-0.019433498185128937,0.016444819417161114,-0.00077372736725572
2024-01-31,-0.019547312861585123,-0.007419997670617106,-0.01645191827906883
2024-02-01,0.013252437946630039,-0.00041680611958029795,0.013003269341093398
2024-02-02,-0.0054199009563588385,0.010392608148709053,0.010472333454108524
2024-02-05,0.009798445438079662,-0.012557263284151701,-0.0036478412221722643
2024-02-06,0.008594836634395388,0.005130125637242455,0.0028991749556893155
2024-02-07,0.0005808972499259666,0.004328425060249507,0.008305716169802907
2024-02-08,-0.0057713588248158535,-0.004198347637351104,0.0004415898720386008
2024-02-09,0.004085679387411676,-0.0020278663429887708,0.005762699653310173
2024-02-12,-0.009042714796935058,0.02157368622710628,-0.00043892637658370597
2024-02-13,-0.011338442159473924,-0.03601695610930087,-0.01386884345983175
2024-02-14,-0.004821308717307259,-0.0018762460478529263,0.009046623071212699
2024-02-15,-0.0015761536244183964,0.01933365452631803,0.006876036438323735
2024-02-16,-0.008465895085245178,-0.0025459839478671913,-0.004992352347355053
2024-02-20,-0.004122537516637839,0.00020806325665038484,-0.005520655080640787
2024-02-21,0.0041774001763518484,0.009705109801950367,0.0009054726804274735
2024-02-22,0.011181173297822321,0.005650267322281523,0.020484308254773743
2024-02-23,-0.010084720589780398,0.0014842365695569564,0.0006891725839419338
2024-02-26,-0.007479236315505266,-0.002124675174828623,-0.003669054767412773
2024-02-27,0.008081612918693911,0.0015109480494085083,0.001855900669406498
2024-02-28,-0.006647458621441598,0.013107529199290818,-0.0013223908657851993
2024-02-29,-0.003700089402067958,-0.010559701591227209,0.0035883976229513503
2024-03-01,-0.006048443297809157,-0.0024448710018849743,0.009344657409217512
2024-03-04,-0.025708990703186736,0.010636386877526433,-0.001073158343540296
2024-03-05,-0.028853246907197122,-0.003422002208960411,-0.010044345482853647
2024-03-06,-0.005895624501278824,-0.003433915975944806,0.005054457917425101
2024-03-07,-0.0007096960314824941,-0.0029304768576502516,0.009877385855895536
2024-03-08,0.010184615972638245,-0.003714167198009768,-0.006020172339595572
2024-03-11,0.011762009411753507,-0.0021469529395946275,-0.0008602326071707223
2024-03-12,0.002774917635319985,0.005217337784308353,0.010699961630186435
2024-03-13,-0.012196612519718679,0.0105831617247517,-0.0015686983485979527
2024-03-14,0.010867979121401507,-0.009476066695622723,-0.0019788393007271667
2024-03-15,-0.0021990937983136713,-0.0036091680841877647,-0.006890206964314915
2024-03-18,0.0063523672328850474,-0.007361513238185242,0.0059255028769239285
2024-03-19,0.013493454073346551,0.0110993776082865,0.00554164431085564
2024-03-20,0.014602129266653649,0.019895347233683483,0.009206889693541706
2024-03-21,-0.041715685362750714,0.04256481055503008,0.0032991030303497065
2024-03-22,0.005296322964956032,-0.016794337377687527,-0.0018976128867784603
2024-03-25,-0.008335100353999966,-0.004631931717992384,-0.0027663560985105523
2024-03-26,-0.006694872198337345,0.003057469704860333,-0.0018488001270951736
2024-03-27,0.02099083532016415,0.02208442302004444,0.00836862873718915
2024-03-28,-0.01061535891291246,0.0058588235739949045,-0.0001910572454117152
2024-04-01,-0.00849179602793668,-0.010057917229586998,-0.0017413268435363676
2024-04-02,-0.00702352248801736,-0.008158776955040248,-0.00637837445963566
2024-04-03,0.004786154475498896,0.009343059691245959,0.0010978116533724594
2024-04-04,-0.004904187486995423,-0.018897187794109347,-0.012281136228992398
2024-04-05,0.0044915755115328155,0.004469975747307051,0.010392605455336488
2024-04-08,-0.006685799951462834,0.006034656872962899,0.0005590974303234866
2024-04-09,0.007216230870413107,0.00041394848006424506,0.0011563049929698165
2024-04-10,-0.01120159739366765,-0.024524568098547476,-0.010063633605811436
2024-04-11,0.042360627571430186,-0.008218135885135711,0.007518527841692619
2024-04-12,0.008589901734452616,-0.02030650212043687,-0.013899237453002474
2024-04-15,-0.022106064074457143,0.02882392874119197,-0.012607182378261774
2024-04-16,-0.019353467049006437,-0.010078614575510493,-0.001825514887426496
2024-04-17,-0.008180683865628159,0.017608536258670888,-0.00593581994261948
2024-04-18,-0.0057306968524378655,-0.0019826020752859983,-0.0020598257848203124
2024-04-19,-0.012287948757913695,0.0022054857160530602,-0.008766649711717166
2024-04-22,0.005078130617336811,0.03251025950695356,0.009166988154221102
2024-04-23,0.006371429357759277,0.015808359396359307,0.011796656438735847
2024-04-24,0.012622078018644702,-0.0022666711501929115,-0.00047470309862256247
2024-04-25,0.0051342001822563,-0.00709321469321433,-0.003806070262086521
2024-04-26,-0.003478948069947538,0.017744389882359567,0.009429233931113598
2024-04-29,0.024505338475845476,0.00754903130966791,0.003535232694823003
2024-04-30,-0.018439779681449553,-0.009562526442562303,-0.015968040441022735
2024-05-01,-0.006065558794395906,0.0005624037432772506,-0.003252496424820001
2024-05-02,0.02179282045096395,0.013077302309104798,0.009310040243416553
2024-05-03,0.05809546975773862,0.012885604902068453,0.012319139389336669
2024-05-06,-0.009148558304602324,0.012451184233839178,0.01027383846219407
2024-05-07,0.003790003544512616,0.0002930894094701543,0.0011027544933754111
2024-05-08,0.0018623881425134268,0.007072608626483412,9.665891352540534e-05
2024-05-09,0.00996451365600707,0.019080749979595593,0.005745329341181782
2024-05-10,-0.006913959334616352,-0.001823642866409711,0.0012872796271389574
2024-05-13,0.017491464654464522,-0.00257615003768548,0.0001342984613232099
2024-05-14,0.006154429740651709,0.010767208743955587,0.004577788742872836
2024-05-15,0.012143894640985729,0.01648379606043179,0.012307082464969813
2024-05-16,0.0006323289122184468,-0.003374015533139594,-0.0020598776260747683
2024-05-17,0.00015799950768482,0.006865138761867736,0.001436629677022117
2024-05-20,0.006143234152241488,-0.010272239540177345,0.0011512725967927717
2024-05-21,0.006833810449374253,0.01600707108325147,0.0024497005106247525
2024-05-22,-0.007566890230336493,-0.017217489887254186,-0.0028834314926820576
2024-05-23,-0.0212831001703171,-0.009190463939507877,-0.007331086342223366
2024-05-24,0.01645219886405186,0.006591755404976789,0.0065947205261706054
2024-05-28,5.257645490654772e-05,-0.0029751495544946757,0.0006985074451602905
2024-05-29,0.0015777081438873267,-0.0057579466555833965,-0.007027024977703906
2024-05-30,0.005241282933386673,-0.009263356399305814,-0.006656036997886437
2024-05-31,0.005006228601190287,0.013873971185444827,0.009067103433459234
2024-06-03,0.009216157869756535,-0.0033790374823500064,0.0008150269552614069
2024-06-04,0.0016477588981279854,0.0007030780533796386,0.00111714667793236
2024-06-05,0.007790656924307259,0.013915421958391025,0.011815105810351504
2024-06-06,-0.007121866432429875,-0.007784483798101295,-1.8757654735676046e-05
2024-06-07,0.012315996061885858,-0.006987950017360099,-0.00121636413431283
2024-06-10,-0.019333686871833674,-0.0029940703228888087,0.0030848903048878037
2024-06-11,0.07013144593051472,-0.020673105304798524,0.0024053268171719757
2024-06-12,0.028177714484368885,0.009922136671995926,0.008179797867266192
2024-06-13,0.005476087324272172,-0.005251097904551327,0.002011253887221127
2024-06-14,-0.008201949442050015,0.000246270429142726,0.0006082006776034688
2024-06-17,0.01948046831688746,0.008297736086475325,0.007927552869230097
2024-06-18,-0.011045282119043577,0.015976313508559624,0.0025373834067190845
2024-06-20,-0.021747656739927523,0.0013545456965361148,-0.0027203695567135935
2024-06-21,-0.010499247171168374,-0.017330859205095656,-0.0013413925912036523
2024-06-24,0.0031275946812380786,0.02611215965927649,-0.0032559195472098785
2024-06-25,0.004458337799162011,-0.010245088930588718,0.0038431292335530526
2024-06-26,0.019795998917311906,-0.0033287995543747288,0.0012476074628173534
2024-06-27,0.00397806698612721,-0.021956481462166576,0.001575220343235545
2024-06-28,-0.016387732090786505,0.01416065611142425,-0.003942942738950842
2024-07-01,0.028689016060040026,0.02476161889052254,0.002056138280089328
2024-07-02,0.016109552342613274,0.004196835122712133,0.006707004633731091
2024-07-03,0.005794254495032921,0.00494908643973003,0.004452819797731044
2024-07-05,0.021389825217201487,-0.00679782765115565,0.005749808520088039
2024-07-08,0.006517733480224935,0.0001506748592247227,0.0011533189084609971
2024-07-09,0.0037676729255901515,0.01708562547044803,0.0009718122925821138
2024-07-10,0.018629057654290487,0.01273510075149602,0.009846867656185707
2024-07-11,-0.023494670793531035,0.0007096548127536769,-0.008659954032840105
2024-07-12,0.012966410534460718,0.0013552871032348908,0.006287704229287266
2024-07-15,0.016604645461826724,0.0254101277377953,0.0027462899528490525
2024-07-16,0.001790288653562023,0.021683899298575844,0.005912600934859084
2024-07-17,-0.02562143727793435,-0.0016713040039624519,-0.014120238991082943
2024-07-18,-0.020748485229607348,-0.03231801229272411,-0.007714659334328298
2024-07-19,0.0005796878797820815,-0.0026361352102184745,-0.006662901998393267
2024-07-22,-0.0015615859024863106,0.004341820423623296,0.01025740947852732
2024-07-23,0.004677461041060529,0.010437129159925892,-0.0015698509825340628
2024-07-24,-0.029175889416350353,-0.011135530213952612,-0.02292338939844813
2024-07-25,-0.004816203673164572,0.010241161188958217,-0.005223930049926091
2024-07-26,0.0021588009106125604,0.014777244465736552,0.011137417389716396
2024-07-29,0.0012837803839983878,-0.01272530163038755,0.0005876292850229215
2024-07-30,0.002562697388283347,0.02594326251528747,-0.0050793189091304725
2024-07-31,0.01487953617458846,0.006622587231723521,0.016123923324570313
2024-08-01,-0.01689251587949714,-0.017658826689455013,-0.014262091705938056
2024-08-02,0.006845779612201207,-0.06075459468765325,-0.018793990173105585
2024-08-05,-0.04936563244440699,-0.0249997429376888,-0.029556205846059915
2024-08-06,-0.009796050640925261,0.02410701291643134,0.0091773062769515
2024-08-07,0.012420695339315344,0.005915772874469598,-0.006706422410218426
2024-08-08,0.0164965329755943,0.026618775114766183,0.02285402492287135
2024-08-09,0.013642438711788682,0.00920050679544019,0.004399998921796559
2024-08-12,0.007104697004127898,-0.00975647806946178,0.0005253843187516568
2024-08-13,0.017046976914585166,0.013177426587039586,0.016311846846681518
2024-08-14,0.0020314570037612873,0.0136481006126796,0.003149699160198637
2024-08-15,0.013439987166361685,0.000641206698333718,0.01699515559574511
2024-08-16,0.005901007436040393,0.010445988281746954,0.0022393711633094254
2024-08-19,-0.0007081443319717159,0.0008325542210389542,0.00951600999874844
2024-08-20,0.0027410752680535042,-0.01465068281032215,-0.0016272721970093005
2024-08-21,-0.0004857937667509405,-0.0017710384166819922,0.0034304565851966708
2024-08-22,-0.008294054163206246,0.002595081804074097,-0.007879475998180634
2024-08-23,0.010235611546731548,0.023174929212884315,0.010569334395826984
2024-08-26,0.0014977013129365655,-0.0030473664064045243,-0.002386653904955314
2024-08-27,0.0037345363947242772,-0.0012018126894541433,0.0013721290323900149
2024-08-28,-0.006776371617467972,-0.00777771110988186,-0.005822325225619437
2024-08-29,0.01446507824791516,0.01336078497370344,8.974883648669582e-05
2024-08-30,-0.0034438972173904962,0.006192504461893599,0.009500685861501327
2024-09-03,-0.0275821282780787,-0.045692513424488934,-0.020793954319046706
2024-09-04,-0.008656119086619325,0.0065024372981967145,-0.0020487023558654394
2024-09-05,0.00690396022963689,-0.005641170783300009,-0.002435029734663075
2024-09-06,-0.007039846460769918,-0.01709620660876482,-0.01697321001404407
2024-09-09,0.00040767290094273435,0.018509485496794188,0.011133808154481558
2024-09-10,-0.003628047529207902,-0.04487507450185373,0.004346228115252966
2024-09-11,0.011518566410296529,0.008611258481711154,0.010206584728654246
2024-09-12,0.0004938135357212315,0.006114961263451098,0.00838807055506428
2024-09-13,-0.0012127431965711709,0.010345879750805137,0.005209080645751669
2024-09-16,-0.028168310661716094,0.012798876231985322,0.0014759484557786984
2024-09-17,0.002170368808943591,0.00047402152914167653,0.00040831713367755785
2024-09-18,0.017829811688005414,-0.0016701869356610056,-0.002970009839913629
2024-09-19,0.036395241425390926,0.0389563928664596,0.016920308323790854
2024-09-20,-0.002931691358743229,-0.010775747160403044,-0.0017302082635660982
2024-09-23,-0.007610107560787042,-0.0020484725823419654,0.0024957878697962413
2024-09-24,0.003966259687109894,0.0012255947659027889,0.002857183171964836
2024-09-25,-0.0044077920185332,-0.013910959103657984,-0.002207900852033653
2024-09-26,0.0050672747834295635,0.01169975412790015,0.003956852267685718
2024-09-27,0.0011860010870499743,0.003194576170517126,-0.001451233944932296
2024-09-30,0.02261423247225702,-0.006843691312282997,0.003999189915884862
2024-10-01,-0.029574583292652574,-0.010027560506956003,-0.008998864597382177
2024-10-02,0.002516506304718503,0.0037059015790023397,0.00042198467364129805
2024-10-03,-0.004906582090558664,-0.012043981482989088,-0.0018299608421714036
2024-10-04,0.004994907172197257,0.018466664111506603,0.009046274758810917
2024-10-07,-0.02278861556233194,-0.0010912148128148667,-0.00908148860476716
2024-10-08,0.018236746214728466,0.003934685633856516,0.009413218435385928
2024-10-09,0.016560565824221957,0.01719037251248243,0.0069024971379386905
2024-10-10,-0.0021808340912120774,-0.0028941749962951313,-0.0017514618712944753
2024-10-11,-0.006526526683299842,0.024667243741527862,0.005970375496356955
2024-10-14,0.016345680407718235,0.012415499969072447,0.008145085556476151
2024-10-15,0.010964290164964917,-0.0007079731128680532,-0.007800157812194383
2024-10-16,-0.008891427324049874,0.01421728132269366,0.0043371030688183695
2024-10-17,0.001595207849787587,-0.0016242188126092594,8.567981671695644e-05
2024-10-18,0.012201807667000455,-0.0009456547917873559,0.003839276280246982
2024-10-21,0.006278149585819692,-0.02045365071603473,-0.00164341658761867
2024-10-22,-0.002625229368123095,0.0009650652265150499,-0.0005314275230935315
2024-10-23,-0.02186021659325295,-0.002124471549778547,-0.009179583097250156
2024-10-24,-0.0008237592892142319,0.014015631615644586,0.002160467339208106
2024-10-25,0.003636615706932397,-0.022949621359964808,-0.00034514181514100725
2024-10-28,0.008562606538802668,0.021194154993898283,0.0030865536443159293
2024-10-29,0.0011562054870414215,0.0013360003284155245,0.0016168571532542886
2024-10-30,-0.015395885446496008,0.00022883237630386962,-0.003029794704276891
2024-10-31,-0.018377259001906225,-0.012685094430552216,-0.019797777440130348
2024-11-01,-0.013368646192611527,0.0030082269758533453,0.004211816182462626
2024-11-04,-0.004045708472273717,-0.015288979098600863,-0.002156433963351231
2024-11-05,0.006465272749537412,0.029835628676975798,0.012019292924155881
2024-11-06,-0.003272276440207543,0.12308236238385245,0.024561477968850064
2024-11-07,0.021146926054968325,-0.023444442450897607,0.007702322786009814
2024-11-08,-0.0011889038318105918,0.012105001832290938,0.004322461365743317
2024-11-11,-0.012101517158939552,0.021954526720972343,0.0009523279933443879
2024-11-12,0.0,-0.016319112765765705,-0.0031111710419115435
2024-11-13,0.0039612314210889605,0.002746813459649044,0.0004856507515451121
2024-11-14,0.013676562343713955,-0.009485937068922038,-0.006450655031499594
2024-11-15,-0.014209726692821893,0.008340987838564975,-0.012891588688075899
2024-11-18,0.013333061706218017,-0.009394873645016358,0.004089144509270652
2024-11-19,0.0011395214139796,-0.01130522417870917,0.003648703674754749
2024-11-20,0.0031490337274675513,0.0009454221721820141,0.000338875834369798
2024-11-21,-0.0020982312097700866,0.024075031316731593,0.005353784082684051
2024-11-22,0.005890135969549004,0.011127303706320072,0.0030946012319610686
2024-11-25,0.012966503684692939,0.0004147235474118675,0.0033864694529850566
2024-11-26,0.009360398114540657,0.004087407045190887,0.00520779653910303
2024-11-27,-0.0005530991664026441,-0.00011545287963576656,-0.0030347924275508256
2024-11-29,0.010163923233815294,0.00517292367744374,0.006192939154619641
2024-12-02,0.009477418125383955,-0.006394672579369653,0.0017909296393853397
2024-12-03,0.012691009298981702,0.0006148565700917288,0.00046373469223459206
2024-12-04,0.0014825075801124887,-0.005613035794673464,0.006190207904060442
2024-12-05,0.0001235326588589325,-0.00319528961023272,-0.0016469926928679725
2024-12-06,-0.000823312487509616,0.004814118740668676,0.0018939000361718997
2024-12-09,0.015972827198526406,-0.0093148840523948,-0.00516297833458787
2024-12-10,0.004125321184888936,-0.015418206496749737,-0.003113937328071786
2024-12-11,-0.005179501014866014,0.012788992294550033,0.007700908748182434
2024-12-12,0.005946060380318725,-0.0016045369510276947,-0.0051660638706777645
2024-12-13,0.0006852734550317814,-0.010415615041868933,-0.00019843175072074116
2024-12-16,0.011659546023243034,0.0014509159620801869,0.004260862955717601
2024-12-17,0.009672534549162535,-0.020069530553249715,-0.004128605106322894
2024-12-18,-0.02165450734388758,-0.043440491462353806,-0.030256507563296415
2024-12-19,0.006990182973477677,0.006773772611387465,-0.00030709365322565676
2024-12-20,0.018641115109464066,0.02162409576260913,0.011939347640928428
2024-12-23,0.0030602323076659747,0.008233304832805837,0.0059704551547163365
2024-12-24,0.011412643345853641,0.020822865724640448,0.01105357244675989
2024-12-26,0.003170542160109815,-0.0026802895903232154,6.658958451532165e-05
2024-12-27,-0.013330479033296904,-0.008726444036630433,-0.010582277363987026
2024-12-30,-0.01335213781759899,-0.004575098914699347,-0.011477092614339582
