Date,EWMA_vol_ann_pct
2010-01-05,4.196387403115068
2010-01-06,4.077740731851179
2010-01-07,4.279455835316265
2010-01-08,4.345511909731754
2010-01-11,4.247919556258416
2010-01-12,5.498781931564469
2010-01-13,6.254500763871243
2010-01-14,6.154233816794089
2010-01-15,7.407150983275425
2010-01-19,8.65388887041892
2010-01-20,9.28390321645486
2010-01-21,11.748364130633444
2010-01-22,14.37306947844514
2010-01-25,14.076400991558613
2010-01-26,13.7449046357437
2010-01-27,13.453311166999187
2010-01-28,13.793511333033933
2010-01-29,14.032166762729759
2010-02-01,14.869162359169932
2010-02-02,15.156204245814786
2010-02-03,14.822334393934252
2010-02-04,18.84507771564435
2010-02-05,18.288611792968055
2010-02-08,17.95389889159478
2010-02-09,18.070932113794964
2010-02-10,17.536992545658904
2010-02-11,17.47811275527008
2010-02-12,16.9487514922724
2010-02-16,17.51794128150897
2010-02-17,17.083478903660804
2010-02-18,16.719971253949552
2010-02-19,16.230614554801093
2010-02-22,15.736320453725327
2010-02-23,15.979662881619278
2010-02-24,15.896659754395387
2010-02-25,15.421382236950345
2010-02-26,14.953606657026047
2010-03-01,15.044349048737482
2010-03-02,14.625654106882587
2010-03-03,14.18433190665407
2010-03-04,13.80235897361196
2010-03-05,14.475140961428448
2010-03-08,14.034334160558327
2010-03-09,13.622123762165641
2010-03-10,13.3197895475413
2010-03-11,13.015237830310832
2010-03-12,12.618786180889717
2010-03-15,12.234784014466326
2010-03-16,12.25675254527633
2010-03-17,12.103495279668824
2010-03-18,11.73646491157893
2010-03-19,11.54876603916113
2010-03-22,11.387282074673768
2010-03-23,11.371783552021784
2010-03-24,11.186569005480703
2010-03-25,10.864231430715776
2010-03-26,10.535850049860585
2010-03-29,10.50703599473786
2010-03-30,10.190399116326288
2010-03-31,9.968701270389364
2010-04-01,10.021680516135342
2010-04-05,10.21604193652752
2010-04-06,9.947066631451523
2010-04-07,9.897998430292901
2010-04-08,9.690233620406339
2010-04-09,9.733695391372057
2010-04-12,9.457350115608698
2010-04-13,9.173896509548605
2010-04-14,9.918086623162052
2010-04-15,9.621280981955724
2010-04-16,11.221187071182102
2010-04-19,10.977289522810231
2010-04-20,11.190328149288478
2010-04-21,10.872519975863748
2010-04-22,10.604760190002597
2010-04-23,10.588426037267766
2010-04-26,10.370746757108055
2010-04-27,13.700991187462522
2010-04-28,13.605600094984032
2010-04-29,14.034260065451134
2010-04-30,15.145726701491489
2010-05-03,15.514706699542606
2010-05-04,17.659985009110848
2010-05-05,17.278870349885096
2010-05-06,21.287424380989872
2010-05-07,21.44587712879821
2010-05-10,26.705452133830793
2010-05-11,25.915519095590284
2010-05-12,25.699908096111013
2010-05-13,25.387268024051675
2010-05-14,25.61866091843661
2010-05-17,24.839056646627494
2010-05-18,24.664200012535638
2010-05-19,24.01568932130707
2010-05-20,27.67954255167905
2010-05-21,27.421717945328755
2010-05-24,27.05641953809712
2010-05-25,26.235176544737154
2010-05-26,25.54440252455963
2010-05-27,27.884015403308137
2010-05-28,27.476960668458776
2010-06-01,27.444644956280513
2010-06-02,28.42402059746158
2010-06-03,27.590521489890858
2010-06-04,30.149789097410647
2010-06-07,29.634522088124744
2010-06-08,29.028948672559302
2010-06-09,28.221697339153888
2010-06-10,29.566817154395448
2010-06-11,28.727902342823842
2010-06-14,27.859260285594832
2010-06-15,28.39007114328931
2010-06-16,27.525545320933343
2010-06-17,26.694315761892828
2010-06-18,25.88452846851565
2010-06-21,25.12074633231941
2010-06-22,25.201617145696503
2010-06-23,24.463745658289984
2010-06-24,24.59232178662539
2010-06-25,23.898486759699082
2010-06-28,23.202932375908595
2010-06-29,25.58894664349322
2010-06-30,25.085492870249443
2010-07-01,24.38322934603542
2010-07-02,23.73571048737612
2010-07-06,23.1524742976102
2010-07-07,25.480855146418463
2010-07-08,24.99955344832126
2010-07-09,24.409918369577465
2010-07-12,23.667636252331263
2010-07-13,23.673938887046813
2010-07-14,22.952762791467205
2010-07-15,22.25378345535712
2010-07-16,24.15338014604595
2010-07-19,23.529279461940398
2010-07-20,23.212165818961253
2010-07-21,23.072849931019125
2010-07-22,23.96049565374521
2010-07-23,23.472319422981574
2010-07-26,23.11118450151864
2010-07-27,22.407151670697694
2010-07-28,21.869976664323854
2010-07-29,21.288616801644896
2010-07-30,20.64020063353569
2010-08-02,21.81396797645109
2010-08-03,21.23164181835621
2010-08-04,20.747161474871078
2010-08-05,20.119364280352755
2010-08-06,19.57099913281261
2010-08-09,19.087402583621486
2010-08-10,18.625249062296966
2010-08-11,21.044067617088288
2010-08-12,20.542609629806744
2010-08-13,19.94980182180879
2010-08-16,19.34288399034238
2010-08-17,19.345342839138695
2010-08-18,18.769398481542527
2010-08-19,19.435049260366473
2010-08-20,18.88529894594844
2010-08-23,18.370134781542134
2010-08-24,18.735776395124105
2010-08-25,18.227489295062682
2010-08-26,17.8646072023623
2010-08-27,18.32267199538525
2010-08-30,18.650942381844665
2010-08-31,18.08275954126018
2010-09-01,20.945353079465786
2010-09-02,20.62463987217116
2010-09-03,20.61477648867756
2010-09-07,20.467104786462798
2010-09-08,20.02932696503963
2010-09-09,19.501661177933357
2010-09-10,19.008702220060687
2010-09-13,18.92484340270622
2010-09-14,18.34990345419999
2010-09-15,17.852463350176727
2010-09-16,17.308913584255244
2010-09-17,16.782242825253377
2010-09-20,17.307890365002997
2010-09-21,16.79892637131781
2010-09-22,16.39936744754795
2010-09-23,16.21213328658177
2010-09-24,17.60864681323707
2010-09-27,17.173998030997126
2010-09-28,16.70615932837
2010-09-29,16.21144292399311
2010-09-30,15.760076949003524
2010-10-01,15.366856988367909
2010-10-04,15.183864532764101
2010-10-05,16.636892163084134
2010-10-06,16.130100414313993
2010-10-07,15.64575575982515
2010-10-08,15.324248484701872
2010-10-11,14.86193767088914
2010-10-12,14.458916141254633
2010-10-13,14.338447352377285
2010-10-14,13.984468690467066
2010-10-15,13.581648213837141
2010-10-18,13.305911902779885
2010-10-19,13.882850127841879
2010-10-20,13.980383538468436
2010-10-21,13.581534712580135
2010-10-22,13.187640185848496
2010-10-25,12.837346648117872
2010-10-26,12.446442050401362
2010-10-27,12.118688351669366
2010-10-28,11.749687656778312
2010-10-29,11.395577013799567
2010-11-01,11.049202228679974
2010-11-02,11.144213390254883
2010-11-03,10.916632641292203
2010-11-04,12.924333672427657
2010-11-05,12.615398611281018
2010-11-08,12.252813192619
2010-11-09,12.20593751608353
2010-11-10,11.936960608675873
2010-11-11,11.666001748688387
2010-11-12,12.221870059332621
2010-11-15,11.862304916528053
2010-11-16,13.021197342187863
2010-11-17,12.626063411544774
2010-11-18,13.495578667606106
2010-11-19,13.127970384979493
2010-11-22,12.732144854179914
2010-11-23,13.584392165410158
2010-11-24,14.352163732995082
2010-11-26,14.641631959583371
2010-11-29,14.24426002858031
2010-11-30,13.983281645186182
2010-12-01,15.835533659382708
2010-12-02,16.131004872256902
2010-12-03,15.674505943144338
2010-12-06,15.202566304537113
2010-12-07,14.741100007258654
2010-12-08,14.362587696270959
2010-12-09,14.006795335923991
2010-12-10,13.766151430891908
2010-12-13,13.349117146431086
2010-12-14,12.947000776404034
2010-12-15,12.678439400342404
2010-12-16,12.49635171133354
2010-12-17,12.122810460670735
2010-12-20,11.790821592214511
2010-12-21,11.692810940333624
2010-12-22,11.40073006859807
2010-12-23,11.067437490190624
2010-12-27,10.731394349655075
2010-12-28,10.419352160211401
2010-12-29,10.1057613191891
2010-12-30,9.817376083850837
2010-12-31,9.51875135139022
2011-01-03,10.058075998984298
2011-01-04,9.754021690325617
2011-01-05,9.669326113091152
2011-01-06,9.405700653113634
2011-01-07,9.151100511800916
2011-01-10,8.885821872615256
2011-01-11,8.724247782156619
2011-01-12,9.15147773349776
2011-01-13,8.895419874360694
2011-01-14,9.069739079678962
2011-01-18,8.818246320139998
2011-01-19,9.369006637623691
2011-01-20,9.098215221141839
2011-01-21,8.86477823585119
2011-01-24,8.873034919130623
2011-01-25,8.605311491260977
2011-01-26,8.477307405861085
2011-01-27,8.274763468884897
2011-01-28,10.549547585547081
2011-01-31,10.634596256142459
2011-02-01,12.018612085246096
2011-02-02,11.676220989510965
2011-02-03,11.353375528449128
2011-02-04,11.062192473043437
2011-02-07,10.995615781726872
2011-02-08,10.805591995748793
2011-02-09,10.513385393217408
2011-02-10,10.194164268894605
2011-02-11,10.15103596146617
2011-02-14,9.885970057188954
2011-02-15,9.662868933001555
2011-02-16,9.683036950351417
2011-02-17,9.459469463252015
2011-02-18,9.207031828326883
2011-02-22,11.90931338322041
2011-02-23,11.792615620813883
2011-02-24,11.436488472674093
2011-02-25,11.834267525890219
2011-02-28,11.722499789803575
2011-03-01,13.111643238458512
2011-03-02,12.739324577586283
2011-03-03,14.023193423673003
2011-03-04,13.906952429567884
2011-03-07,13.827196262552594
2011-03-08,13.827366535070833
2011-03-09,13.41773038650966
2011-03-10,14.899311425583361
2011-03-11,14.692666141043158
2011-03-14,14.438416554025265
2011-03-15,14.698215025745315
2011-03-16,15.995955256452874
2011-03-17,16.329660158596084
2011-03-18,15.89500575939594
2011-03-21,16.53035345584012
2011-03-22,16.0836126630382
2011-03-23,15.633176437454061
2011-03-24,15.602264312994594
2011-03-25,15.17341196389394
2011-03-28,14.741740834079211
2011-03-29,14.527883860990071
2011-03-30,14.336911602541752
2011-03-31,13.910151174783584
2011-04-01,13.58559179660826
2011-04-04,13.175634078932873
2011-04-05,12.774384583070377
2011-04-06,12.445555484622457
2011-04-07,12.106997843078062
2011-04-08,11.814856643837635
2011-04-11,11.514780203435004
2011-04-12,11.538824926999109
2011-04-13,11.18734480034533
2011-04-14,10.850559888982799
2011-04-15,10.614902391758283
2011-04-18,11.186021540012629
2011-04-19,11.071629215201598
2011-04-20,11.95592632588564
2011-04-21,11.759847521734127
2011-04-25,11.408863893798355
2011-04-26,11.552160366190293
2011-04-27,11.482531848640196
2011-04-28,11.203706096975898
2011-04-29,10.900706901507103
2011-05-02,10.585590821629948
2011-05-03,10.358335370459807
2011-05-04,10.37058943709125
2011-05-05,10.657771102381902
2011-05-06,10.474176281137023
2011-05-09,10.265803931362317
2011-05-10,10.487522021808687
2011-05-11,10.968832180266256
2011-05-12,10.793821392412816
2011-05-13,10.887999246815452
2011-05-16,10.842248488384502
2011-05-17,10.512112682521673
2011-05-18,10.762953478721386
2011-05-19,10.475989108724793
2011-05-20,10.619849123383686
2011-05-23,11.251786375689344
2011-05-24,10.913819232366672
2011-05-25,10.660212756392614
2011-05-26,10.488895078338365
2011-05-27,10.277664425985815
2011-05-31,10.747750577731937
2011-06-01,13.66063905048797
2011-06-02,13.250919582317858
2011-06-03,13.422180981505575
2011-06-06,13.654870175333011
2011-06-07,13.241080088744619
2011-06-08,12.941002392032965
2011-06-09,12.890310357891527
2011-06-10,13.633054838504885
2011-06-13,13.221248626347334
2011-06-14,13.723752368599914
2011-06-15,15.02447127218006
2011-06-16,14.591913738722939
2011-06-17,14.194753856306475
2011-06-20,13.904638410592646
2011-06-21,14.48272633820033
2011-06-22,14.236829562066378
2011-06-23,13.848466608774846
2011-06-24,14.174084436228023
2011-06-27,14.168635541616172
2011-06-28,14.633363566175376
2011-06-29,14.56989589572987
2011-06-30,14.602748912847746
2011-07-01,15.263538640121272
2011-07-05,14.801996569227324
2011-07-06,14.358588859211133
2011-07-07,14.48820803962203
2011-07-08,14.316898188858382
2011-07-11,15.588784542071792
2011-07-12,15.207324420257596
2011-07-13,14.801237261459171
2011-07-14,14.600888222396385
2011-07-15,14.33388999759675
2011-07-18,14.261351462253971
2011-07-19,15.178326143730256
2011-07-20,14.717801130939364
2011-07-21,15.241719980033297
2011-07-22,14.779687493455121
2011-07-25,14.493284927203637
2011-07-26,14.126939409928394
2011-07-27,15.884254867806435
2011-07-28,15.441977996354439
2011-07-29,15.207200362674927
2011-08-01,14.836763769032318
2011-08-02,17.55523256619551
2011-08-03,17.149652708894923
2011-08-04,24.98908671524344
2011-08-05,24.23481728461601
2011-08-08,35.181599151435776
2011-08-09,38.41646295576829
2011-08-10,41.18199545220748
2011-08-11,43.42426621360163
2011-08-12,42.182168857176976
2011-08-15,41.70013509265604
2011-08-16,40.56707796030448
2011-08-17,39.33210121294143
2011-08-18,41.80820553820687
2011-08-19,41.03708557702419
2011-08-22,39.7881437022786
2011-08-23,40.57883600091585
2011-08-24,39.71675627122828
2011-08-25,38.967344347108366
2011-08-26,38.19460752833131
2011-08-29,38.634917781026246
2011-08-30,37.47193502224822
2011-08-31,36.37116678077602
2011-09-01,35.49998334567853
2011-09-02,35.85971062147905
2011-09-06,34.88373291172715
2011-09-07,35.50858996382978
2011-09-08,34.665652068602114
2011-09-09,35.16050864746078
2011-09-12,34.18149269552661
2011-09-13,33.329771833258384
2011-09-14,32.75368199160927
2011-09-15,32.4453605446376
2011-09-16,31.540520079410246
2011-09-19,30.826248005884842
2011-09-20,29.890585013832176
2011-09-21,31.225337310187783
2011-09-22,32.85984185816071
2011-09-23,31.94431654643191
2011-09-26,32.291241349508496
2011-09-27,31.604791929344888
2011-09-28,31.67459303513236
2011-09-29,30.861851328209017
2011-09-30,31.498262133715755
2011-10-03,32.5367528647077
2011-10-04,32.65315871086131
2011-10-05,32.45222892713133
2011-10-06,32.22673523820994
2011-10-07,31.35399652765028
2011-10-10,32.98082415952546
2011-10-11,31.978473096519977
2011-10-12,31.189717974209398
2011-10-13,30.249444046750266
2011-10-14,30.0593425552158
2011-10-17,30.092006413260524
2011-10-18,30.130587995572245
2011-10-19,29.576869359239538
2011-10-20,28.726049296702676
2011-10-21,28.795285759005402
2011-10-24,28.317361855284545
2011-10-25,28.496607141515568
2011-10-26,27.906633204566685
2011-10-27,30.15525625703767
2011-10-28,29.236746847756823
2011-10-31,29.891908980391946
2011-11-01,30.997990721137903
2011-11-02,30.705115966691714
2011-11-03,30.58705014880556
2011-11-04,29.75049129394781
2011-11-07,28.944642057613486
2011-11-08,28.497386259193412
2011-11-09,31.260625738868477
2011-11-10,30.526714487809016
2011-11-11,30.472049733438656
2011-11-14,29.77472743460788
2011-11-15,28.931232692998005
2011-11-16,28.730720547513222
2011-11-17,28.54212976455615
2011-11-18,27.67572161291628
2011-11-21,27.852146829431746
2011-11-22,27.0469969514557
2011-11-23,27.621042601172785
2011-11-25,26.789667586251
2011-11-28,28.24731846519313
2011-11-29,27.40899001654988
2011-11-30,30.855373007687238
2011-12-01,29.915458899808904
2011-12-02,29.006135788843228
2011-12-05,28.436230980755422
2011-12-06,27.57022431981945
2011-12-07,26.769340143827332
2011-12-08,27.349381421669456
2011-12-09,27.309106645513147
2011-12-12,27.08754705806287
2011-12-13,26.514590598554257
2011-12-14,26.04155969414586
2011-12-15,25.287177343641098
2011-12-16,24.52359289893142
2011-12-19,24.141091473506947
2011-12-20,26.118940384495154
2011-12-21,25.33442370512633
2011-12-22,24.800883856725164
2011-12-23,24.293183742044533
2011-12-27,23.55512266115686
2011-12-28,23.408081345433903
2011-12-29,23.044367538695244
2011-12-30,22.424369389259972
2012-01-03,22.593753710210205
2012-01-04,21.91392947475539
2012-01-05,21.271490921605814
2012-01-06,20.647877418605766
2012-01-09,20.04104929919322
2012-01-10,19.718372601174693
2012-01-11,19.11883154645118
2012-01-12,18.559809726791705
2012-01-13,18.10709123769118
2012-01-17,17.61997514815072
2012-01-18,17.61007695847793
2012-01-19,17.195811174360685
2012-01-20,16.734598775516154
2012-01-23,16.25578673978021
2012-01-24,15.766802881196382
2012-01-25,15.626082227436244
2012-01-26,15.281470756254468
2012-01-27,14.816991549878294
2012-01-30,14.427014690059412
2012-01-31,13.988293040961977
2012-02-01,13.97952996665176
2012-02-02,13.56764290871057
2012-02-03,14.224610913777337
2012-02-06,13.793728596267691
2012-02-07,13.409535159079134
2012-02-08,13.051979913782496
2012-02-09,12.663797233289314
2012-02-10,12.612038915798784
2012-02-13,12.563191670372396
2012-02-14,12.190266171252977
2012-02-15,11.957647163088572
2012-02-16,12.358903741507971
2012-02-17,12.026386161227894
2012-02-21,11.661265329735706
2012-02-22,11.375529948700827
2012-02-23,11.160962464963674
2012-02-24,10.854505630265972
2012-02-27,10.544054262750567
2012-02-28,10.285370249252225
2012-02-29,10.088648262162508
2012-03-01,9.985624965894083
2012-03-02,9.753978852674283
2012-03-05,9.589425661217923
2012-03-06,10.920619425662455
2012-03-07,10.927539911889554
2012-03-08,11.272292073027925
2012-03-09,11.031498378078238
2012-03-12,10.695471819267109
2012-03-13,12.481451725185499
2012-03-14,12.108387657294742
2012-03-15,11.952209050776576
2012-03-16,11.600582167604765
2012-03-19,11.349619251880998
2012-03-20,11.06211333937588
2012-03-21,10.744027163425512
2012-03-22,10.789415377658097
2012-03-23,10.535734227505587
2012-03-26,11.563505508486084
2012-03-27,11.276370667405681
2012-03-28,11.102366651981589
2012-03-29,10.784661722818797
2012-03-30,10.57855150162793
2012-04-02,10.640658822342717
2012-04-03,10.438821231927289
2012-04-04,10.836563836418057
2012-04-05,10.508243464242351
2012-04-09,11.094340380047484
2012-04-10,12.610468620964909
2012-04-11,12.621767662862293
2012-04-12,13.237350094148931
2012-04-13,13.650583693110486
2012-04-16,13.23719343641896
2012-04-17,14.049777043210874
2012-04-18,13.68520680936551
2012-04-19,13.502677148268006
2012-04-20,13.107400887955983
2012-04-23,13.125423788127888
2012-04-24,12.81081732454204
2012-04-25,13.499287018287303
2012-04-26,13.36373576907687
2012-04-27,12.972291488676024
2012-04-30,12.659599756885436
2012-05-01,12.508527544833337
2012-05-02,12.183009144159266
2012-05-03,12.181140734260982
2012-05-04,13.401493808358337
2012-05-07,12.996328401854418
2012-05-08,12.696987371564983
2012-05-09,12.525690789293668
2012-05-10,12.170513072371573
2012-05-11,11.85798548596746
2012-05-14,12.283383535843532
2012-05-15,12.11780536410166
2012-05-16,11.842789546201008
2012-05-17,12.868311653127021
2012-05-18,12.91622207548735
2012-05-21,14.167986115186034
2012-05-22,13.75305120228886
2012-05-23,13.33566543275343
2012-05-24,12.951937067972102
2012-05-25,12.620792768858507
2012-05-29,13.101281044405223
2012-05-30,13.915738705272975
2012-05-31,13.518986620738099
2012-06-01,16.434961712113914
2012-06-04,15.935326671786425
2012-06-05,15.7258674451494
2012-06-06,17.524666283378867
2012-06-07,16.992428246221994
2012-06-08,16.76016010629101
2012-06-11,16.99231382968626
2012-06-12,17.063179835297408
2012-06-13,16.73038961566629
2012-06-14,16.730879269560578
2012-06-15,16.696784049820153
2012-06-18,16.205631556654374
2012-06-19,16.151674246322955
2012-06-20,15.672333759730805
2012-06-21,17.571533661123844
2012-06-22,17.29545589578838
2012-06-25,17.90793689840693
2012-06-26,17.471496643581386
2012-06-27,17.29509984155539
2012-06-28,16.804994297960178
2012-06-29,18.89761302750978
2012-07-02,18.359204811929487
2012-07-03,17.982366566898065
2012-07-05,17.52300261464327
2012-07-06,17.390192911883833
2012-07-09,16.86748351799414
2012-07-10,16.704477161175785
2012-07-11,16.1956949265406
2012-07-12,15.815465334947787
2012-07-13,16.642722450650894
2012-07-16,16.161798551302432
2012-07-17,15.893827326341862
2012-07-18,15.674545405690814
2012-07-19,15.231064152486887
2012-07-20,15.193316417325553
2012-07-23,15.2514236046879
2012-07-24,15.16226764702159
2012-07-25,14.700620991443577
2012-07-26,15.608516106291725
2012-07-27,16.716798083536307
2012-07-30,16.207537070010968
2012-07-31,15.949086445639269
2012-08-01,15.466924587347325
2012-08-02,15.235828658236422
2012-08-03,16.6289059365733
2012-08-06,16.139873528599015
2012-08-07,15.76857846745711
2012-08-08,15.295447161068592
2012-08-09,14.833202534665805
2012-08-10,14.395357718695582
2012-08-13,13.958155585667884
2012-08-14,13.533046226608525
2012-08-15,13.128212054315425
2012-08-16,13.045312991735916
2012-08-17,12.658579111065729
2012-08-20,12.272978260555892
2012-08-21,11.957225350646006
2012-08-22,11.594127567753864
2012-08-23,11.685726585147698
2012-08-24,11.569346141737267
2012-08-27,11.217201225272037
2012-08-28,10.88228739104754
2012-08-29,10.555098164514936
2012-08-30,10.613083050263109
2012-08-31,10.454755776473077
2012-09-04,10.142591250263555
2012-09-05,9.839170869100743
2012-09-06,12.330665741422736
2012-09-07,12.050216077421217
2012-09-10,11.891341563650645
2012-09-11,11.57977471202602
2012-09-12,11.301434509680867
2012-09-13,12.435117511878076
2012-09-14,12.178407673504662
2012-09-17,11.881246742990959
2012-09-18,11.523688522381393
2012-09-19,11.17464242576312
2012-09-20,10.834250279608971
2012-09-21,10.505452253346656
2012-09-24,10.20231666106987
2012-09-25,10.730732519500343
2012-09-26,10.63222457355974
2012-09-27,10.934222847223552
2012-09-28,10.753769686450221
2012-10-01,10.476440846098264
2012-10-02,10.165305952367634
2012-10-03,9.982199774614964
2012-10-04,10.06870069763071
2012-10-05,9.762004087793704
2012-10-08,9.557995930553528
2012-10-09,10.040119184603341
2012-10-10,10.047316040528777
2012-10-11,9.743649443372778
2012-10-12,9.532719615018037
2012-10-15,9.7887933168144
2012-10-16,10.268413840986067
2012-10-17,10.109864721816662
2012-10-18,9.853970592567581
2012-10-19,11.574761989787516
2012-10-22,11.222279767205222
2012-10-23,12.16167125102119
2012-10-24,11.842512808195998
2012-10-25,11.537113627263924
2012-10-26,11.187808319318847
2012-10-31,10.846982607639362
2012-11-01,11.26946517620992
2012-11-02,11.464793304612577
2012-11-05,11.143965712435396
2012-11-06,11.221605484868057
2012-11-07,14.065219885369379
2012-11-08,14.425229879904578
2012-11-09,13.989862144753062
2012-11-12,13.567204308333153
2012-11-13,13.223234059732983
2012-11-14,13.86688413875508
2012-11-15,13.46055688763475
2012-11-16,13.19027857477584
2012-11-19,14.97486597903546
2012-11-20,14.519641239102512
2012-11-21,14.096001535762973
2012-11-23,14.644721957442094
2012-11-26,14.222604143942913
2012-11-27,13.932181693240796
2012-11-28,13.863061448696365
2012-11-29,13.562084914542726
2012-11-30,13.149184693615243
2012-12-03,12.892317602279688
2012-12-04,12.511664428524158
2012-12-05,12.149978106922825
2012-12-06,11.853217397424432
2012-12-07,11.55210657120365
2012-12-10,11.201383006315536
2012-12-11,11.176038245769899
2012-12-12,10.837231755038951
2012-12-13,10.77588380657851
2012-12-14,10.547392213531586
2012-12-17,11.1898663877392
2012-12-18,11.671318394799906
2012-12-19,11.68135050520956
2012-12-20,11.543000250194563
2012-12-21,11.739557815833694
2012-12-24,11.445018879133542
2012-12-26,11.217273604656823
2012-12-27,10.888047507079945
2012-12-28,11.370691652317841
2012-12-31,12.825050484828587
2013-01-02,15.857274359473008
2013-01-03,15.399343024157863
2013-01-04,15.027136222361372
2013-01-07,14.608159463235152
2013-01-08,14.207375536946978
2013-01-09,13.809890720670648
2013-01-10,13.738669526835185
2013-01-11,13.320160802460343
2013-01-14,12.917080958701325
2013-01-15,12.526364970831446
2013-01-16,12.14487658621269
2013-01-17,12.038177631207708
2013-01-18,11.70353801984576
2013-01-22,11.538176720556317
2013-01-23,11.204136325887706
2013-01-24,10.863312228628569
2013-01-25,10.755617251309593
2013-01-28,10.438374190332382
2013-01-29,10.23473878380019
2013-01-30,10.03955610939731
2013-01-31,9.780910026933515
2013-02-01,10.28412683549242
2013-02-04,10.896716663469054
2013-02-05,11.26398205083679
2013-02-06,10.924501833102193
2013-02-07,10.604204193415924
2013-02-08,10.50514817882178
2013-02-11,10.185408685599429
2013-02-12,9.89583416650924
2013-02-13,9.600122151694697
2013-02-14,9.31452838744587
2013-02-15,9.042463768650396
2013-02-19,9.235203189635277
2013-02-20,10.19564769600496
2013-02-21,10.165493114690605
2013-02-22,10.556413128652755
2013-02-25,12.670849015105023
2013-02-26,12.568023990104116
2013-02-27,13.12166919849756
2013-02-28,12.745132357744613
2013-03-01,12.423005348681993
2013-03-04,12.2203104737826
2013-03-05,12.3451568231234
2013-03-06,11.980753100417338
2013-03-07,11.63709462991872
2013-03-08,11.403262359975406
2013-03-11,11.15356177490376
2013-03-12,10.848973592401606
2013-03-13,10.53279353371136
2013-03-14,10.418588644276591
2013-03-15,10.114264550487713
2013-03-18,10.039451142374036
2013-03-19,9.775532059055237
2013-03-20,9.856691606615012
2013-03-21,10.122019917952446
2013-03-22,10.295096721488283
2013-03-25,10.113353009606229
2013-03-26,10.283416336436357
2013-03-27,9.970142047913711
2013-03-28,9.739777798254764
2013-04-01,9.56808592597839
2013-04-02,9.47198700097516
2013-04-03,10.001969081021041
2013-04-04,9.824341567234885
2013-04-05,9.684512969996213
2013-04-08,9.748824037034709
2013-04-09,9.54661713657399
2013-04-10,10.396059608767882
2013-04-11,10.159352304048475
2013-04-12,9.89593490557699
2013-04-15,13.235221470787373
2013-04-16,14.040348896910482
2013-04-17,14.766910113023812
2013-04-18,14.5233458019531
2013-04-19,14.477555891323027
2013-04-22,14.141711966254174
2013-04-23,14.279179685598587
2013-04-24,13.84636560878093
2013-04-25,13.516436671041102
2013-04-26,13.122693630666998
2013-04-29,12.985064689887402
2013-04-30,12.623531646755728
2013-05-01,12.708967182848205
2013-05-02,12.83543992637816
2013-05-03,13.048270002609538
2013-05-06,12.689168536340295
2013-05-07,12.458727440734139
2013-05-08,12.207527462235248
2013-05-09,11.886334177336831
2013-05-10,11.593272009065057
2013-05-13,11.244343131561466
2013-05-14,11.611622837057393
2013-05-15,11.450060172026093
2013-05-16,11.251090859626455
2013-05-17,11.533238976976191
2013-05-20,11.181914524839987
2013-05-21,10.855651610720141
2013-05-22,10.91577684228321
2013-05-23,10.643044930300908
2013-05-24,10.324058507456371
2013-05-28,10.275247915296594
2013-05-29,10.279316662299113
2013-05-30,10.068669696268778
2013-05-31,11.26456950841417
2013-06-03,11.12813770562172
2013-06-04,10.950608107415121
2013-06-05,11.949137649645158
2013-06-06,12.10359395843664
2013-06-07,12.722581317704359
2013-06-10,12.335000237635342
2013-06-11,12.620610293888737
2013-06-12,12.655743523553998
2013-06-13,13.601710861154142
2013-06-14,13.412408001049613
2013-06-17,13.343340292712549
2013-06-18,13.29424653921922
2013-06-19,13.978460488764966
2013-06-20,16.699111936784856
2013-06-21,16.23827001595769
2013-06-24,16.501865207393017
2013-06-25,16.42608161819794
2013-06-26,16.38000927173146
2013-06-27,16.043242842554587
2013-06-28,15.636222358382296
2013-07-01,15.329160829693791
2013-07-02,14.866575367522694
2013-07-03,14.41466980457621
2013-07-05,14.585174456118946
2013-07-08,14.312779342517015
2013-07-09,14.154212536860861
2013-07-10,13.7237456062044
2013-07-11,14.307832324790942
2013-07-12,13.87290928203222
2013-07-15,13.531768393374138
2013-07-16,13.20046753530783
2013-07-17,12.837083236729391
2013-07-18,12.625978897696728
2013-07-19,12.260786556836617
2013-07-22,11.91140628554037
2013-07-23,11.578103672368686
2013-07-24,11.315831982890808
2013-07-25,11.01171723359905
2013-07-26,10.684284699826653
2013-07-29,10.427798122134227
2013-07-30,10.110125382774783
2013-07-31,9.8060349501695
2013-08-01,10.505109899164273
2013-08-02,10.206455267723955
2013-08-05,9.911876652747024
2013-08-06,9.862073892197163
2013-08-07,9.644555461724009
2013-08-08,9.458297822658155
2013-08-09,9.238733731093399
2013-08-12,8.969075525950817
2013-08-13,8.771286120065508
2013-08-14,8.736046920530741
2013-08-15,10.086311969383006
2013-08-16,9.863435637309832
2013-08-19,9.882703368821714
2013-08-20,9.769544649642901
2013-08-21,9.771925557355914
2013-08-22,10.10988332903561
2013-08-23,9.888939014213566
2013-08-26,9.696635772819548
2013-08-27,11.319810021554462
2013-08-28,11.06118218718706
2013-08-29,10.74189888470043
2013-08-30,10.487458280245725
2013-09-03,10.318212446779363
2013-09-04,10.504347640478239
2013-09-05,10.196238361721232
2013-09-06,9.887394801775686
2013-09-09,10.27758719675575
2013-09-10,10.368356730315964
2013-09-11,10.126103127856375
2013-09-12,9.871973394007384
2013-09-13,9.611014168518647
2013-09-16,9.58464333749785
2013-09-17,9.452554227766784
2013-09-18,10.198643689472457
2013-09-19,9.90943800348729
2013-09-20,9.987396599781611
2013-09-23,9.849656660984307
2013-09-24,9.593473336471606
2013-09-25,9.369065463546178
2013-09-26,9.205422520745131
2013-09-27,9.103010594064681
2013-09-30,9.06687886161402
2013-10-01,9.30999756039599
2013-10-02,9.033866500701842
2013-10-03,9.470431074625246
2013-10-04,9.639708918160759
2013-10-07,9.937208875321286
2013-10-08,10.657074239770807
2013-10-09,10.33625957097142
2013-10-10,13.00825224062405
2013-10-11,12.856824190575002
2013-10-14,12.561139368618107
2013-10-15,12.503158956988866
2013-10-16,13.26776612395267
2013-10-17,13.121728189911927
2013-10-18,12.988459156190292
2013-10-21,12.592798098376564
2013-10-22,12.413952252975383
2013-10-23,12.17963885245247
2013-10-24,11.878823887040557
2013-10-25,11.652467928726082
2013-10-28,11.31439448955291
2013-10-29,11.163052323786472
2013-10-30,10.994833812199799
2013-10-31,10.716938900034583
2013-11-01,10.431810086563813
2013-11-04,10.205807540826937
2013-11-05,9.97146390586196
2013-11-06,9.868443630689873
2013-11-07,10.771392627760314
2013-11-08,11.671140747902259
2013-11-11,11.31578174169873
2013-11-12,10.999480188508372
2013-11-13,11.108007045452059
2013-11-14,10.942100135165957
2013-11-15,10.742239272038336
2013-11-18,10.503786501729033
2013-11-19,10.21888429301397
2013-11-20,9.982191344466774
2013-11-21,10.170076943655305
2013-11-22,10.049337836389666
2013-11-25,9.75089116876774
2013-11-26,9.45445392868562
2013-11-27,9.215083105828096
2013-11-29,8.938074011397497
2013-12-02,8.724531538795805
2013-12-03,8.624690970371388
2013-12-04,8.362060250089721
2013-12-05,8.286276883261843
2013-12-06,9.122544101094155
2013-12-09,8.899566954264449
2013-12-10,8.740641562509065
2013-12-11,9.544708891735974
2013-12-12,9.342813993466727
2013-12-13,9.058300225868692
2013-12-16,9.108591067870451
2013-12-17,8.917585221549155
2013-12-18,10.866584811795958
2013-12-19,10.545141858503113
2013-12-20,10.46971593127516
2013-12-23,10.360066508019123
2013-12-24,10.080446840415256
2013-12-26,9.97030913488792
2013-12-27,9.666596667644393
2013-12-30,9.37232722972244
2013-12-31,9.27041886080823
2014-01-02,9.736846272714397
2014-01-03,9.440437641164939
2014-01-06,9.222147980249973
2014-01-07,9.252736727735577
2014-01-08,8.971262712799156
2014-01-09,8.701670785771805
2014-01-10,8.502593407968314
2014-01-13,9.75107591837298
2014-01-14,10.35099490779233
2014-01-15,10.250996917833604
2014-01-16,9.951575587704248
2014-01-17,9.788158927753658
2014-01-21,9.558420914862015
2014-01-22,9.270693491692862
2014-01-23,9.540585780721413
2014-01-24,12.485559465638966
2014-01-27,12.256135141727338
2014-01-28,12.104961416188782
2014-01-29,12.321661099277058
2014-01-30,12.630379057174565
2014-01-31,12.45693179743912
2014-02-03,14.973518336570313
2014-02-04,14.768922434132145
2014-02-05,14.327313545005785
2014-02-06,14.795463065135328
2014-02-07,15.123475456309265
2014-02-10,14.680107260125737
2014-02-11,14.848841668439192
2014-02-12,14.397768426129295
2014-02-13,14.102043475470275
2014-02-14,13.838916506416824
2014-02-18,13.425371140488615
2014-02-19,13.270303332612396
2014-02-20,13.067850516439433
2014-02-21,12.677519977119477
2014-02-24,12.478113268530027
2014-02-25,12.098874682183242
2014-02-26,11.730312871462278
2014-02-27,11.553597156597025
2014-02-28,11.244616407974126
2014-03-03,11.242083267619684
2014-03-04,12.176066878961798
2014-03-05,11.810393043604423
2014-03-06,11.485088191479981
2014-03-07,11.136433341314685
2014-03-10,10.79914723099596
2014-03-11,10.645979824649087
2014-03-12,10.322183453068158
2014-03-13,10.92618655453914
2014-03-14,10.649605833473922
2014-03-17,10.902512072859203
2014-03-18,10.926189053355683
2014-03-19,10.795167758447935
2014-03-20,10.708416849985296
2014-03-21,10.49160508197569
2014-03-24,10.29879598502065
2014-03-25,10.15335831279646
2014-03-26,10.236408704877016
2014-03-27,9.958437992408436
2014-03-28,9.842605488069124
2014-03-31,10.056538774838922
2014-04-01,10.083193257787237
2014-04-02,9.861936096159733
2014-04-03,9.575356418326763
2014-04-04,10.37166898374825
2014-04-07,10.944882046884828
2014-04-08,10.731413826600816
2014-04-09,11.204568856715502
2014-04-10,13.643850247559685
2014-04-11,13.688212534732228
2014-04-14,13.617492778770693
2014-04-15,13.469696750959223
2014-04-16,13.673871251240922
2014-04-17,13.26841547420378
2014-04-21,12.935223784871564
2014-04-22,12.66451807427022
2014-04-23,12.312516873974223
2014-04-24,11.963374282999292
2014-04-25,12.032568690447718
2014-04-28,11.73064219327291
2014-04-29,11.515771846343219
2014-04-30,11.224842482947698
2014-05-01,10.882966969761279
2014-05-02,10.56616485239857
2014-05-05,10.271232765016727
2014-05-06,10.522553934278683
2014-05-07,10.454422384223149
2014-05-08,10.144395850043992
2014-05-09,9.852423691801828
2014-05-12,10.26835921953377
2014-05-13,9.961634133375368
2014-05-14,9.833161275311921
2014-05-15,10.131500255525488
2014-05-16,9.914686668335642
2014-05-19,9.717558238025026
2014-05-20,9.737245614032657
2014-05-21,9.988327693387584
2014-05-22,9.730006252309137
2014-05-23,9.560999693285952
2014-05-27,9.57110451481383
2014-05-28,9.283889987985333
2014-05-29,9.221916694267906
2014-05-30,8.962887534327027
2014-06-02,8.701158167012402
2014-06-03,8.438494132037649
2014-06-04,8.219067644263431
2014-06-05,8.360034345804001
2014-06-06,8.314978327415885
2014-06-09,8.071477187290329
2014-06-10,7.8256887508455675
2014-06-11,7.707186110869718
2014-06-12,7.96677020089684
2014-06-13,7.81421396842367
2014-06-16,7.58293470829411
2014-06-17,7.430728220061932
2014-06-18,7.745208667570217
2014-06-19,7.521886906492231
2014-06-20,7.335252367057161
2014-06-23,7.112787326649174
2014-06-24,7.285355649816487
2014-06-25,7.277762095176173
2014-06-26,7.061533584009698
2014-06-27,6.887945559871311
2014-06-30,6.6810634435001415
2014-07-01,6.977586189010018
2014-07-02,6.776522094772839
2014-07-03,6.841413573635907
2014-07-07,6.770199796601016
2014-07-08,7.0269396901114165
2014-07-09,7.031511591149724
2014-07-10,6.989462069742316
2014-07-11,6.797575638581168
2014-07-14,6.873813101808249
2014-07-15,6.7041271333105685
2014-07-16,6.656734572137784
2014-07-17,7.836533565803667
2014-07-18,8.564896431237331
2014-07-21,8.33585902538638
2014-07-22,8.25690377827937
2014-07-23,8.051650631893805
2014-07-24,7.806389932951243
2014-07-25,7.785441800241465
2014-07-28,7.549907849253172
2014-07-29,7.5090501009935515
2014-07-30,7.280535506926597
2014-07-31,10.48710575378868
2014-08-01,10.237023731269668
2014-08-04,10.311961836975334
2014-08-05,10.691639065636982
2014-08-06,10.366640496234433
2014-08-07,10.270187781341
2014-08-08,10.915795253029332
2014-08-11,10.642896935892548
2014-08-12,10.332897696162743
2014-08-13,10.355827914179821
2014-08-14,10.206067673635951
2014-08-15,9.89546805735789
2014-08-18,10.127808995287497
2014-08-19,10.025719258190609
2014-08-20,9.775496465516966
2014-08-21,9.545086127449036
2014-08-22,9.27404451316981
2014-08-25,9.20407242072193
2014-08-26,8.927251363451996
2014-08-27,8.65668672438325
2014-08-28,8.395685942932115
2014-08-29,8.214685050714968
2014-09-02,7.966787484315814
2014-09-03,7.727031399119576
2014-09-04,7.512749800211801
2014-09-05,7.48976505288354
2014-09-08,7.33103963275559
2014-09-09,7.524548371800447
2014-09-10,7.440046797538427
2014-09-11,7.2272061737972555
2014-09-12,7.367974718992847
2014-09-15,7.149526753928094
2014-09-16,7.521789248631336
2014-09-17,7.311400661430446
2014-09-18,7.3838810323573965
2014-09-19,7.167517073895621
2014-09-22,7.574873837755944
2014-09-23,7.675887398143448
2014-09-24,8.0359603891802
2014-09-25,10.035569168447411
2014-09-26,10.204923813216482
2014-09-29,9.919341652026874
2014-09-30,9.671627804111365
2014-10-01,10.773870730726488
2014-10-02,10.445827199331495
2014-10-03,10.986156113505938
2014-10-06,10.66120499470705
2014-10-07,11.976357041535604
2014-10-08,13.426868546157191
2014-10-09,15.17044444701868
2014-10-10,15.370765379489711
2014-10-13,16.234730596886706
2014-10-14,15.751633179815084
2014-10-15,15.498263290974002
2014-10-16,15.029829853251501
2014-10-17,15.270434097693672
2014-10-20,15.274594682048157
2014-10-21,16.658305858763015
2014-10-22,16.38744370101743
2014-10-23,16.511603209750717
2014-10-24,16.283730765685664
2014-10-27,15.796726245517407
2014-10-28,15.944695491419175
2014-10-29,15.470149187526749
2014-10-30,15.203276451965905
2014-10-31,15.3889298862715
2014-11-03,14.921628834566409
2014-11-04,14.53002889399779
2014-11-05,14.29854449106028
2014-11-06,13.949719243695375
2014-11-07,13.529639691881865
2014-11-10,13.174256011862932
2014-11-11,12.778600126440729
2014-11-12,12.396401126064974
2014-11-13,12.026748663147458
2014-11-14,11.660753868805415
2014-11-17,11.308225335052661
2014-11-18,11.189945715962367
2014-11-19,10.86701938992508
2014-11-20,10.557978137405847
2014-11-21,10.444542274956625
2014-11-24,10.184818857184935
2014-11-25,9.878561965244439
2014-11-26,9.629048073236596
2014-11-28,9.372083699791466
2014-12-01,9.48262079330966
2014-12-02,9.529020971651567
2014-12-03,9.359571667186323
2014-12-04,9.084638815687216
2014-12-05,8.830827379771637
2014-12-08,8.949999458609307
2014-12-09,8.681350483847588
2014-12-10,10.504050116335069
2014-12-11,10.372186558458957
2014-12-12,11.885624399740054
2014-12-15,11.83116351431548
2014-12-16,11.89035306117319
2014-12-17,13.780172741145375
2014-12-18,16.392776993525516
2014-12-19,15.978890532477106
2014-12-22,15.59457416164928
2014-12-23,15.12858642409661
2014-12-24,14.667756793350254
2014-12-26,14.275913507546544
2014-12-29,13.850853184864414
2014-12-30,13.590875123119595
2014-12-31,13.73567397971431
2015-01-02,13.318854149199153
2015-01-05,14.729845023192928
2015-01-06,14.747612734328458
2015-01-07,15.087479614882934
2015-01-08,16.147859767977888
2015-01-09,15.965468834881868
2015-01-12,15.778240987353703
2015-01-13,15.336732599804664
2015-01-14,15.054811048956957
2015-01-15,15.028421807572116
2015-01-16,15.426220122761547
2015-01-20,14.979205072414606
2015-01-21,14.6542380830342
2015-01-22,15.323527573511637
2015-01-23,15.009729078799422
2015-01-26,14.580860805501963
2015-01-27,15.049991603130957
2015-01-28,15.430583096388586
2015-01-29,15.382367517448783
2015-01-30,15.704557891799773
2015-02-02,15.960586508110843
2015-02-03,16.450652797504368
2015-02-04,16.018350939434097
2015-02-05,16.014013664123162
2015-02-06,15.563461554259375
2015-02-09,15.189836152224945
2015-02-10,15.292713203445155
2015-02-11,14.828553247907106
2015-02-12,14.850644123465504
2015-02-13,14.48657705372883
2015-02-17,14.05854686667479
2015-02-18,13.630317361057806
2015-02-19,13.217996975876565
2015-02-20,13.024741586221555
2015-02-23,12.628076696845744
2015-02-24,12.292978137063997
2015-02-25,11.923070272755218
2015-02-26,11.568977127821885
2015-02-27,11.294740156577685
2015-03-02,11.220790102581432
2015-03-03,10.995869564063575
2015-03-04,10.786715899410835
2015-03-05,10.466751577849456
2015-03-06,11.546214002564204
2015-03-09,11.309416792611362
2015-03-10,12.67564916977377
2015-03-11,12.323270472575707
2015-03-12,12.918380500071965
2015-03-13,12.751163451604086
2015-03-16,13.396631306984558
2015-03-17,13.039986654268448
2015-03-18,13.46958385866196
2015-03-19,13.179686665664834
2015-03-20,13.227204980548587
2015-03-23,12.846662815619595
2015-03-24,12.646548289002277
2015-03-25,13.538451280537572
2015-03-26,13.158708954961968
2015-03-27,12.788796127896301
2015-03-30,13.265472577565998
2015-03-31,13.30655464319257
2015-04-01,12.974523794955712
2015-04-02,12.656539108350282
2015-04-06,12.545338241659534
2015-04-07,12.206725538419258
2015-04-08,11.907242126925995
2015-04-09,11.671375163994007
2015-04-10,11.512006250650986
2015-04-13,11.299648266719053
2015-04-14,10.980597658332051
2015-04-15,10.787477875718281
2015-04-16,10.45943582713256
2015-04-17,11.093962644850729
2015-04-20,11.322477649437754
2015-04-21,10.987329645793322
2015-04-22,10.82179937727203
2015-04-23,10.537539196057331
2015-04-24,10.256200656524918
2015-04-27,10.074875667066236
2015-04-28,9.845599718527774
2015-04-29,9.679346092291768
2015-04-30,10.168778084852487
2015-05-01,10.713552549118551
2015-05-04,10.445852980822217
2015-05-05,11.073739012336384
2015-05-06,10.855535589776645
2015-05-07,10.63807842036723
2015-05-08,11.499893509700334
2015-05-11,11.303682009246975
2015-05-12,11.021061152688622
2015-05-13,10.685571448460601
2015-05-14,11.117631126222678
2015-05-15,10.787171058218663
2015-05-18,10.527871466091499
2015-05-19,10.207950232915763
2015-05-20,9.900760127971507
2015-05-21,9.66552498236941
2015-05-22,9.417113836395345
2015-05-26,10.051320709624154
2015-05-27,10.414523613989225
2015-05-28,10.106796855065445
2015-05-29,10.094098941936974
2015-06-01,9.81850251257725
2015-06-02,9.527221832994895
2015-06-03,9.294113297980996
2015-06-04,9.595638285722956
2015-06-05,9.327185268698022
2015-06-08,9.355718592138855
2015-06-09,9.070878899947619
2015-06-10,9.941613230285528
2015-06-11,9.719641208515451
2015-06-12,9.885905831259032
2015-06-15,9.72915555845636
2015-06-16,9.666796373104077
2015-06-17,9.393337393761174
2015-06-18,9.9561219268769
2015-06-19,9.806630220195808
2015-06-22,9.713316805298183
2015-06-23,9.421429398702893
2015-06-24,9.564073201391858
2015-06-25,9.34799619052659
2015-06-26,9.06352260753103
2015-06-29,12.047029260473172
2015-06-30,11.708293676152518
2015-07-01,11.768473862234808
2015-07-02,11.415521488706482
2015-07-06,11.12310226380185
2015-07-07,11.056338696317372
2015-07-08,12.577442079218024
2015-07-09,12.214516428801806
2015-07-10,12.802968925336444
2015-07-13,13.126259734926037
2015-07-14,12.837207312210339
2015-07-15,12.446805103203197
2015-07-16,12.461385221199961
2015-07-17,12.086253707163964
2015-07-20,11.719786151584508
2015-07-21,11.466587883371547
2015-07-22,11.139178555574427
2015-07-23,11.020699621981809
2015-07-24,11.42824061474747
2015-07-27,11.30993450113294
2015-07-28,11.948774967239334
2015-07-29,11.88750482612789
2015-07-30,11.52573285936764
2015-07-31,11.190211252136372
2015-08-03,10.928576724930155
2015-08-04,10.622912587012376
2015-08-05,10.378451854855106
2015-08-06,10.557948467507577
2015-08-07,10.26354120541591
2015-08-10,11.078023997451515
2015-08-11,11.30408472510014
2015-08-12,10.969604531515296
2015-08-13,10.646442831724967
2015-08-14,10.418464570867535
2015-08-17,10.330764567314562
2015-08-18,10.07935705175361
2015-08-19,10.2480670239069
2015-08-20,12.88610844544595
2015-08-21,17.243563022058268
2015-08-24,23.64993106501582
2015-08-25,23.386905602025422
2015-08-26,26.995272164569084
2015-08-27,27.844059866560233
2015-08-28,26.99582470045082
2015-08-31,26.3628092398086
2015-09-01,28.144877504989445
2015-09-02,28.250016789927017
2015-09-03,27.390824472923605
2015-09-04,27.210598411083204
2015-09-08,28.091613249228757
2015-09-09,27.73430213047646
2015-09-10,26.97208199967439
2015-09-11,26.209768011563938
2015-09-14,25.45238760119694
2015-09-15,25.145259925486073
2015-09-16,24.609064591385827
2015-09-17,23.875412302652187
2015-09-18,24.018359969320635
2015-09-21,23.37275846969908
2015-09-22,23.223200159270295
2015-09-23,22.52432207381331
2015-09-24,21.883515969507172
2015-09-25,21.217094989781657
2015-09-28,22.821892254051626
2015-09-29,22.1278144907549
2015-09-30,22.6259474952373
2015-10-01,21.960058583441466
2015-10-02,22.057903879408297
2015-10-05,22.458808663315864
2015-10-06,21.81548534760011
2015-10-07,21.387435840557696
2015-10-08,21.028227375851433
2015-10-09,20.38894020719558
2015-10-12,19.771213828944546
2015-10-13,19.32589406373911
2015-10-14,18.83009154115729
2015-10-15,19.19386802395242
2015-10-16,18.69255325579078
2015-10-19,18.124112803832997
2015-10-20,17.5790196305435
2015-10-21,17.214408244310874
2015-10-22,17.916231030710115
2015-10-23,17.880220427289064
2015-10-26,17.361907121796406
2015-10-27,16.84978399080862
2015-10-28,16.91811832861487
2015-10-29,16.40424622269626
2015-10-30,15.992929388597274
2015-11-02,16.166097649428828
2015-11-03,15.71400446413714
2015-11-04,15.281027890572055
2015-11-05,14.820596628415519
2015-11-06,14.370542020517346
2015-11-09,14.401828707050718
2015-11-10,13.991812009208319
2015-11-11,13.651777957963187
2015-11-12,14.320283280278426
2015-11-13,14.561787763694129
2015-11-16,15.28935872449403
2015-11-17,14.826301326079196
2015-11-18,15.623614090577362
2015-11-19,15.151372175855235
2015-11-20,14.757750444735343
2015-11-23,14.315125344721242
2015-11-24,13.888785449921246
2015-11-25,13.465792159844614
2015-11-27,13.063168323457
2015-11-30,12.768095173562077
2015-12-01,12.917458511338175
2015-12-02,13.143721985876706
2015-12-03,13.872957587513412
2015-12-04,15.405208096825564
2015-12-07,15.121689128084089
2015-12-08,14.893567005346032
2015-12-09,14.755715211231927
2015-12-10,14.34125678168137
2015-12-11,15.850696749047513
2015-12-14,15.492255986404931
2015-12-15,15.559512547302996
2015-12-16,16.108326359808043
2015-12-17,16.72012312566621
2015-12-18,17.653439904001345
2015-12-21,17.411188205283302
2015-12-22,17.242334696163685
2015-12-23,17.388588168495637
2015-12-24,16.8710930730234
2015-12-28,16.38129947872253
2015-12-29,16.40989216605148
2015-12-30,16.148600734045772
2015-12-31,16.13734401096305
2016-01-04,16.57577046981043
2016-01-05,16.084234537732325
2016-01-06,16.35684340354807
2016-01-07,18.456976226437906
2016-01-08,18.40214836879383
2016-01-11,17.845695026490795
2016-01-12,17.581916548860793
2016-01-13,19.67304763589856
2016-01-14,20.097249692154044
2016-01-15,21.233564464039667
2016-01-19,20.593200262458016
2016-01-20,20.586093534507068
2016-01-21,20.076815881487665
2016-01-22,21.005942376815838
2016-01-25,21.209804204411913
2016-01-26,21.228015492405707
2016-01-27,21.016554874401262
2016-01-28,20.47621046833792
2016-01-29,21.95062521040852
2016-02-01,21.28238555883655
2016-02-02,21.81221660418844
2016-02-03,21.275074542294828
2016-02-04,20.63594521766065
2016-02-05,21.359498749230866
2016-02-08,21.368761173164586
2016-02-09,20.717793026007918
2016-02-10,20.08944547455206
2016-02-11,20.1319200406103
2016-02-12,21.06998987597183
2016-02-16,21.43982390990368
2016-02-17,21.720473527196848
2016-02-18,21.119159681366174
2016-02-19,20.476595686955246
2016-02-22,20.624692143977402
2016-02-23,20.598076488873293
2016-02-24,20.04931991983081
2016-02-25,19.994280134627903
2016-02-26,19.405864832713945
2016-02-29,19.06213125838549
2016-03-01,20.571600909038004
2016-03-02,20.02091889232428
2016-03-03,19.4705099228823
2016-03-04,18.919562054918405
2016-03-07,18.345820628400183
2016-03-08,18.29197995283963
2016-03-09,17.837933840968898
2016-03-10,17.29733040215913
2016-03-11,17.88836252776189
2016-03-14,17.35058201856154
2016-03-15,16.833966589722053
2016-03-16,16.474649988943565
2016-03-17,16.160961031858466
2016-03-18,15.742665613667315
2016-03-21,15.273033955336437
2016-03-22,14.809230325961032
2016-03-23,14.587095969213623
2016-03-24,14.143764817413427
2016-03-28,13.714811532327879
2016-03-29,13.770588118026428
2016-03-30,13.45917830062924
2016-03-31,13.083317852401965
2016-04-01,12.956516656722062
2016-04-04,12.62493649500514
2016-04-05,12.847658014250554
2016-04-06,13.152883120301716
2016-04-07,13.584189853101677
2016-04-08,13.21192597964544
2016-04-11,12.84198034114079
2016-04-12,12.961994871589527
2016-04-13,13.160750268616523
2016-04-14,12.759834572282596
2016-04-15,12.378598096832134
2016-04-18,12.306444896458437
2016-04-19,11.994220876259057
2016-04-20,11.634727884353966
2016-04-21,11.473576649784228
2016-04-22,11.124045283536265
2016-04-25,10.805975278918963
2016-04-26,10.492678918570185
2016-04-27,10.204396773392158
2016-04-28,10.509535946018802
2016-04-29,10.40452542989614
2016-05-02,10.546842395311774
2016-05-03,10.77566799789223
2016-05-04,10.671409471780763
2016-05-05,10.346593210214646
2016-05-06,10.131412370320447
2016-05-09,9.828021991605466
2016-05-10,10.671583345506749
2016-05-11,10.972998910265055
2016-05-12,10.639317560132847
2016-05-13,10.862172099907369
2016-05-16,11.201769371494787
2016-05-17,11.456290825366839
2016-05-18,11.107869027972052
2016-05-19,10.85371092803699
2016-05-20,10.804219741365316
2016-05-23,10.48848924660643
2016-05-24,11.335275903876067
2016-05-25,11.29992364896253
2016-05-26,10.956248739401689
2016-05-27,10.752682252216351
2016-05-31,10.451385727244215
2016-06-01,10.164205050715513
2016-06-02,9.925173088066257
2016-06-03,9.69286768148602
2016-06-06,9.602599956617402
2016-06-07,9.329807176615427
2016-06-08,9.13366574737652
2016-06-09,8.87133364440769
2016-06-10,9.364312776748138
2016-06-13,9.5650809171312
2016-06-14,9.305234749793287
2016-06-15,9.038054142929981
2016-06-16,8.838983763701853
2016-06-17,8.691638835347621
2016-06-20,8.788757521367806
2016-06-21,8.592013467762518
2016-06-22,8.354411443574005
2016-06-23,9.535234125660976
2016-06-24,16.961002561482534
2016-06-27,17.882885755262784
2016-06-28,18.679503938208256
2016-06-29,19.263731149507315
2016-06-30,19.406182475327988
2016-07-01,18.832668228838802
2016-07-05,18.4734718246084
2016-07-06,18.061003198773935
2016-07-07,17.5124516405086
2016-07-08,17.925281330775647
2016-07-11,17.433056773830863
2016-07-12,17.134616758245773
2016-07-13,16.61271577783512
2016-07-14,16.251478828909736
2016-07-15,15.765038405841292
2016-07-18,15.32035514318352
2016-07-19,14.85889771671673
2016-07-20,14.496514898908499
2016-07-21,14.131723786716163
2016-07-22,13.811275547458662
2016-07-25,13.43221950963714
2016-07-26,13.024256389439778
2016-07-27,12.63423316079892
2016-07-28,12.257559125431202
2016-07-29,11.900692780995763
2016-08-01,11.542655536973761
2016-08-02,11.466744386531673
2016-08-03,11.175184082833873
2016-08-04,10.842632809940467
2016-08-05,10.97910937959479
2016-08-08,10.647163994696843
2016-08-09,10.325409628154206
2016-08-10,10.057120518796042
2016-08-11,9.915546045485495
2016-08-12,9.6194193046287
2016-08-15,9.393358135714962
2016-08-16,9.326543625891134
2016-08-17,9.071899504239028
2016-08-18,8.838608472418281
2016-08-19,8.588213947401973
2016-08-22,8.326601347494588
2016-08-23,8.110736554130138
2016-08-24,8.112501984202366
2016-08-25,7.8699226737170775
2016-08-26,7.665298396463474
2016-08-29,7.673317430448645
2016-08-30,7.467170061485719
2016-08-31,7.323914074429822
2016-09-01,7.100821062366064
2016-09-02,7.103142451428478
2016-09-06,6.98602873790969
2016-09-07,6.77329981711069
2016-09-08,6.62681529822386
2016-09-09,11.4025660044383
2016-09-12,12.365300772259284
2016-09-13,13.244956241861294
2016-09-14,12.842289021355812
2016-09-15,13.037575456011744
2016-09-16,12.72980977806063
2016-09-19,12.342223479563042
2016-09-20,11.966243351636082
2016-09-21,12.38985144796645
2016-09-22,12.258232269812256
2016-09-23,12.075308191002387
2016-09-26,12.127272704687835
2016-09-27,12.001584471229169
2016-09-28,11.794151293887891
2016-09-29,11.968474689505394
2016-09-30,11.966404869271068
2016-10-03,11.639551851925058
2016-10-04,11.45860264790455
2016-10-05,11.241413859384014
2016-10-06,10.902307305149375
2016-10-07,10.654247499663573
2016-10-10,10.525338325917732
2016-10-11,11.338485749187681
2016-10-12,11.004882820169518
2016-10-13,10.745629219262952
2016-10-14,10.420207579314924
2016-10-17,10.192885089800397
2016-10-18,10.176132867429516
2016-10-19,9.920357396474227
2016-10-20,9.645553585119707
2016-10-21,9.353476358316849
2016-10-24,9.21743782230728
2016-10-25,9.031415130693098
2016-10-26,8.791081006028422
2016-10-27,8.586290489619158
2016-10-28,8.403913394390157
2016-10-31,8.147916871151498
2016-11-01,8.390451686792003
2016-11-02,8.46674664921635
2016-11-03,8.400397732064775
2016-11-04,8.155763672685962
2016-11-07,11.59730114692515
2016-11-08,11.378964951588934
2016-11-09,11.769811171490934
2016-11-10,11.452338532816992
2016-11-11,11.13966058151153
2016-11-14,10.804620891095999
2016-11-15,10.902701718267675
2016-11-16,10.595803550675473
2016-11-17,10.464715660809212
2016-11-18,10.183249307894208
2016-11-21,10.29731074381958
2016-11-22,10.012400207105912
2016-11-23,9.709685680573998
2016-11-25,9.523711778397608
2016-11-28,9.413152637791915
2016-11-29,9.157778205334516
2016-11-30,8.927790475171303
2016-12-01,8.7734270688535
2016-12-02,8.508382570843416
2016-12-05,8.571778977324772
2016-12-06,8.401128738030112
2016-12-07,9.585431670349422
2016-12-08,9.341951236224759
2016-12-09,9.355180910486283
2016-12-12,9.081174285994047
2016-12-13,9.17658650582706
2016-12-14,9.462749486833056
2016-12-15,9.31253381750527
2016-12-16,9.060869764303638
2016-12-19,8.825447334597639
2016-12-20,8.68659809379772
2016-12-21,8.491387811684344
2016-12-22,8.260110638347157
2016-12-23,8.028656902317868
2016-12-27,7.843486123874014
2016-12-28,8.26090406140099
2016-12-29,8.009712407266603
2016-12-30,7.895140634991245
2017-01-03,8.208197094124852
2017-01-04,8.285657393479005
2017-01-05,8.03918739072278
2017-01-06,7.917021060738892
2017-01-09,7.78275384527278
2017-01-10,7.545659810191668
2017-01-11,7.397625128938312
2017-01-12,7.238517741099332
2017-01-13,7.074400566837526
2017-01-17,6.994867063375389
2017-01-18,6.835883917735928
2017-01-19,6.782924220020655
2017-01-20,6.729116267931371
2017-01-23,6.602316651002593
2017-01-24,6.866671064323716
2017-01-25,7.453324672317476
2017-01-26,7.237700124239931
2017-01-27,7.043747151370964
2017-01-30,7.244896701726583
2017-01-31,7.0242723341029505
2017-02-01,6.812023837461796
2017-02-02,6.609466166089092
2017-02-03,6.942529407560638
2017-02-06,6.766890042108869
2017-02-07,6.560765190059863
2017-02-08,6.381246365717809
2017-02-09,6.600542636216835
2017-02-10,6.5801657007859875
2017-02-13,6.719767829639076
2017-02-14,6.696992995278851
2017-02-15,6.801337107690526
2017-02-16,6.602456280508136
2017-02-17,6.43056707803093
2017-02-21,6.648377468024512
2017-02-22,6.4550974105764265
2017-02-23,6.263983371883512
2017-02-24,6.093148513215317
2017-02-27,5.938658711759646
2017-02-28,5.852882502785768
2017-03-01,7.836874792565263
2017-03-02,7.985360013166732
2017-03-03,7.745958912026593
2017-03-06,7.599008335822415
2017-03-07,7.458757398046226
2017-03-08,7.267531388085908
2017-03-09,7.063335426574446
2017-03-10,6.981946707863148
2017-03-13,6.772094319418226
2017-03-14,6.7329238346233975
2017-03-15,7.33740167032189
2017-03-16,7.154956795274659
2017-03-17,6.970572711590109
2017-03-20,6.771680985887675
2017-03-21,8.267629273535215
2017-03-22,8.067695989697707
2017-03-23,7.832931709351314
2017-03-24,7.59956267918793
2017-03-27,7.378859188402265
2017-03-28,7.689496346414107
2017-03-29,7.464098339510962
2017-03-30,7.341545188298038
2017-03-31,7.175344885626633
2017-04-03,6.9896062483983625
2017-04-04,6.781201248186439
2017-04-05,6.675754974996684
2017-04-06,6.563787191232154
2017-04-07,6.376178425447335
2017-04-10,6.186266895360541
2017-04-11,6.015649611120072
2017-04-12,6.07720857682982
2017-04-13,6.413767554216624
2017-04-17,7.101575003678766
2017-04-18,6.982603388536332
2017-04-19,6.807602046403895
2017-04-20,7.314236479905177
2017-04-21,7.1992151058559095
2017-04-24,8.17361919063804
2017-04-25,8.239493693106352
2017-04-26,7.992230214692507
2017-04-27,7.7556142044931775
2017-04-28,7.567050488475484
2017-05-01,7.401508272222289
2017-05-02,7.177528985081619
2017-05-03,6.974903308925002
2017-05-04,6.777792926624829
2017-05-05,6.74659963360056
2017-05-08,6.541393409462599
2017-05-09,6.352163617703642
2017-05-10,6.198051568820965
2017-05-11,6.061609282802255
2017-05-12,5.9128231886906875
2017-05-15,6.119771127822814
2017-05-16,5.944021266191716
2017-05-17,9.037448107866018
2017-05-18,8.900496430657398
2017-05-19,8.990029319513278
2017-05-22,8.935857148492842
2017-05-23,8.706165371481394
2017-05-24,8.489422854844122
2017-05-25,8.437057624277694
2017-05-26,8.180427043211278
2017-05-30,7.938412223519559
2017-05-31,7.697182655470678
2017-06-01,8.07329592946038
2017-06-02,7.933273424209367
2017-06-05,7.696937702884614
2017-06-06,7.56560469218013
2017-06-07,7.370265425390064
2017-06-08,7.14829809162369
2017-06-09,6.955649295004264
2017-06-12,6.744224923403823
2017-06-13,6.808325050890067
2017-06-14,6.619324542347379
2017-06-15,6.461222337231019
2017-06-16,6.264963819209848
2017-06-19,6.876543198034716
2017-06-20,7.1674861132658085
2017-06-21,6.949798345812661
2017-06-22,6.7403812927754885
2017-06-23,6.551499374682042
2017-06-26,6.3570638768926475
2017-06-27,6.919575090027206
2017-06-28,7.550657577988193
2017-06-29,8.085443487770444
2017-06-30,7.872519486925472
2017-07-03,7.661066676267754
2017-07-05,7.481764755117291
2017-07-06,8.085683605584732
2017-07-07,8.232506073438929
2017-07-10,7.992608324050983
2017-07-11,7.754502614372058
2017-07-12,8.06218025589242
2017-07-13,7.843795375112656
2017-07-14,7.817121628013339
2017-07-17,7.579129548945926
2017-07-18,7.3511186936787976
2017-07-19,7.429990887680299
2017-07-20,7.205725463451899
2017-07-21,6.994794407698397
2017-07-24,6.782362760773128
2017-07-25,6.643175298905238
2017-07-26,6.440816550603612
2017-07-27,6.255067432534591
2017-07-28,6.081660711360903
2017-07-31,5.900514607896318
2017-08-01,5.785905002380778
2017-08-02,5.612813222488525
2017-08-03,5.493960597704114
2017-08-04,5.373412028453787
2017-08-07,5.259559171429479
2017-08-08,5.188555775293718
2017-08-09,5.030516168163272
2017-08-10,7.371796899674925
2017-08-11,7.170219314781928
2017-08-14,7.939753609209582
2017-08-15,7.698021861878066
2017-08-16,7.494217268585164
2017-08-17,9.493584626511792
2017-08-18,9.224447392380197
2017-08-21,8.948603257962267
2017-08-22,9.572680255572752
2017-08-23,9.385558892577185
2017-08-24,9.14476534963162
2017-08-25,8.912489541042065
2017-08-28,8.640993802677828
2017-08-29,8.389559476171254
2017-08-30,8.339011744409492
2017-08-31,8.414654053554447
2017-09-01,8.176797990927835
2017-09-05,8.408583690502299
2017-09-06,8.259427693636361
2017-09-07,8.007951199173414
2017-09-08,7.777439125377461
2017-09-11,8.595232044122772
2017-09-12,8.43548972234218
2017-09-13,8.180636408802108
2017-09-14,7.932396786727194
2017-09-15,7.708516832386704
2017-09-18,7.5192163006599655
2017-09-19,7.300524246807573
2017-09-20,7.079504929291382
2017-09-21,6.942669427749289
2017-09-22,6.731619700074634
2017-09-25,6.574889060620157
2017-09-26,6.378892376993998
2017-09-27,6.3665585012180195
2017-09-28,6.190189821041621
2017-09-29,6.154755164054766
2017-10-02,6.2001744704611195
2017-10-03,6.068493337124895
2017-10-04,5.901665390192705
2017-10-05,6.165766692758794
2017-10-06,5.994330629247227
2017-10-09,5.847126165410745
2017-10-10,5.76080838148817
2017-10-11,5.618576865881911
2017-10-12,5.478188800951251
2017-10-13,5.332324793039462
2017-10-16,5.19578226334489
2017-10-17,5.0449485270238
2017-10-18,4.906024836144496
2017-10-19,4.757756893320774
2017-10-20,5.02835506368678
2017-10-23,5.105233893337972
2017-10-24,4.99655416495854
2017-10-25,5.214527075407737
2017-10-26,5.0805728925748515
2017-10-27,5.855653243174336
2017-10-30,5.859766091568196
2017-10-31,5.713400481028681
2017-11-01,5.563115746618587
2017-11-02,5.395760183011133
2017-11-03,5.389500375710202
2017-11-06,5.2598068535581
2017-11-07,5.106739823275327
2017-11-08,4.99507710691914
2017-11-09,5.044904185736345
2017-11-10,4.892698286839426
2017-11-13,4.757389508581856
2017-11-14,4.700243609049377
2017-11-15,4.957222006015318
2017-11-16,5.825325939894775
2017-11-17,5.762644916153249
2017-11-20,5.626293065865891
2017-11-21,6.015523849979382
2017-11-22,5.842411946086403
2017-11-24,5.7350354767904
2017-11-27,5.563714976132231
2017-11-28,6.671015451620686
2017-11-29,6.472118460032019
2017-11-30,7.131810081419598
2017-12-01,6.961565906329163
2017-12-04,6.765885590873499
2017-12-05,6.707729155931361
2017-12-06,6.5038041348837154
2017-12-07,6.423405835903365
2017-12-08,6.576923963365446
2017-12-11,6.482981402385021
2017-12-12,6.322768487325931
2017-12-13,6.130307771528436
2017-12-14,6.153090639502521
2017-12-15,6.7814001195636076
2017-12-18,7.019258080049057
2017-12-19,6.967936893737059
2017-12-20,6.758743141310447
2017-12-21,6.601504344502166
2017-12-22,6.401202278472634
2017-12-26,6.223624943172306
2017-12-27,6.0369916466473885
2017-12-28,5.907382824024502
2017-12-29,5.912773837234515
2018-01-02,6.3681616462173505
2018-01-03,6.643135707566264
2018-01-04,6.645151036961011
2018-01-05,6.9410636398965
2018-01-08,6.767020952755097
2018-01-09,6.619494033230332
2018-01-10,6.4453886935849996
2018-01-11,6.858640879526345
2018-01-12,7.113520784536115
2018-01-16,7.024145672692788
2018-01-17,7.745016794140406
2018-01-18,7.537504037465231
2018-01-19,7.518012787092496
2018-01-22,7.940091924264148
2018-01-23,7.742238766298412
2018-01-24,7.507902828601698
2018-01-25,7.281047380450868
2018-01-26,8.358713541510337
2018-01-29,8.506831008526863
2018-01-30,9.170431732195684
2018-01-31,8.893160464939939
2018-02-01,8.633540228137985
2018-02-02,11.971486934708441
2018-02-05,20.265376614031023
2018-02-06,21.061873535130278
2018-02-07,20.529507013591683
2018-02-08,24.842762490813644
2018-02-09,24.773891054446732
2018-02-12,24.67898473552119
2018-02-13,23.94665582394462
2018-02-14,23.795161038442107
2018-02-15,23.591212401859053
2018-02-16,22.872812751119277
2018-02-20,22.31009487472387
2018-02-21,21.71718139183612
2018-02-22,21.061609266922503
2018-02-23,21.325758352331437
2018-02-26,21.15786909995019
2018-02-27,21.087160322720795
2018-02-28,20.824580046823677
2018-03-01,20.97815147499162
2018-03-02,20.437104641485416
2018-03-05,20.31208902903378
2018-03-06,19.71789541388865
2018-03-07,19.117740619996106
2018-03-08,18.630147828461386
2018-03-09,19.268191404333297
2018-03-12,18.68758549807493
2018-03-13,18.292861590044875
2018-03-14,17.8480399265322
2018-03-15,17.309513009810864
2018-03-16,16.787488483684147
2018-03-19,17.1163560356377
2018-03-20,16.608070782064406
2018-03-21,16.119442676876623
2018-03-22,18.47001629864997
2018-03-23,19.770168938605433
2018-03-26,21.853217622845307
2018-03-27,22.21309654738137
2018-03-28,21.567110377173716
2018-03-29,21.48500585175419
2018-04-02,22.49230106686214
2018-04-03,22.362320278240283
2018-04-04,22.07244759664621
2018-04-05,21.61722982496515
2018-04-06,22.717155939405426
2018-04-09,22.10791498293928
2018-04-10,22.294859631621406
2018-04-11,21.712074137494795
2018-04-12,21.290362331277525
2018-04-13,20.673347155480233
2018-04-16,20.294879650527847
2018-04-17,20.107001042237492
2018-04-18,19.496582885140658
2018-04-19,19.025994119177327
2018-04-20,18.74124251450937
2018-04-23,18.17040222610331
2018-04-24,18.388860042067034
2018-04-25,17.85448361120008
2018-04-26,17.75169750529798
2018-04-27,17.214776119902883
2018-04-30,16.95817740577601
2018-05-01,16.456049991419786
2018-05-02,16.168554278280713
2018-05-03,15.699450302879983
2018-05-04,16.021949088384172
2018-05-07,15.589282763440382
2018-05-08,15.114370408779504
2018-05-09,15.12374791854725
2018-05-10,15.103050856354155
2018-05-11,14.69079225275913
2018-05-14,14.244456001591853
2018-05-15,14.069521066296284
2018-05-16,13.738150865168247
2018-05-17,13.323683055306812
2018-05-18,12.954411893255656
2018-05-21,12.893032273887147
2018-05-22,12.547032344026851
2018-05-23,12.211608912412828
2018-05-24,11.866415604760693
2018-05-25,11.542242961770754
2018-05-29,12.060790540801648
2018-05-30,12.779145448464323
2018-05-31,12.618132081509106
2018-06-01,12.809982829605007
2018-06-04,12.555778598450038
2018-06-05,12.176559975376348
2018-06-06,12.24147835854257
2018-06-07,11.868628039084449
2018-06-08,11.564170956449452
2018-06-11,11.223786610468698
2018-06-12,10.893444560005305
2018-06-13,10.634447325621396
2018-06-14,10.356752806438287
2018-06-15,10.053509115071027
2018-06-18,9.780064778847288
2018-06-19,9.598981476744674
2018-06-20,9.330132616790932
2018-06-21,9.370603521553452
2018-06-22,9.11270025577664
2018-06-25,10.318033319498875
2018-06-26,10.040598134462892
2018-06-27,10.258070722029915
2018-06-28,10.189644001302609
2018-06-29,9.895041979523434
2018-07-02,9.629489374862873
2018-07-03,9.436933499568529
2018-07-05,9.679570783742882
2018-07-06,9.93976149547042
2018-07-09,10.24794536894078
2018-07-10,10.033435318166253
2018-07-11,10.137955124310658
2018-07-12,10.436840430583478
2018-07-13,10.123515353893847
2018-07-16,9.821273327163425
2018-07-17,9.650610921564947
2018-07-18,9.392230034955526
2018-07-19,9.223886546295311
2018-07-20,8.953932675321658
2018-07-23,8.711151299124678
2018-07-24,8.668365149766597
2018-07-25,9.028959859862502
2018-07-26,8.801957111299213
2018-07-27,8.934009052952911
2018-07-30,8.898001933262268
2018-07-31,8.836309279818524
2018-08-01,8.591761295184638
2018-08-02,8.59374390410103
2018-08-03,8.496188228218458
2018-08-06,8.35944088669141
2018-08-07,8.205521606640783
2018-08-08,7.9572277761543155
2018-08-09,7.7331121160457705
2018-08-10,7.9401153212320095
2018-08-13,7.83515654449975
2018-08-14,7.988920192281296
2018-08-15,8.27570405699601
2018-08-16,8.613785447565654
2018-08-17,8.462410513623707
2018-08-20,8.24662503452764
2018-08-21,8.047116609619996
2018-08-22,7.805386397342954
2018-08-23,7.585220506152746
2018-08-24,7.715382999662694
2018-08-27,8.081274973176845
2018-08-28,7.837336756377337
2018-08-29,7.879879712521988
2018-08-30,7.800950295109718
2018-08-31,7.563313773440239
2018-09-04,7.363475359730834
2018-09-05,7.215655931046296
2018-09-06,7.0933577395481535
2018-09-07,6.91874349728965
2018-09-10,6.741877784233735
2018-09-11,6.660663699879074
2018-09-12,6.458440208420047
2018-09-13,6.6683346566862385
2018-09-14,6.465536062477403
2018-09-17,6.5996260914943194
2018-09-18,6.735689776830932
2018-09-19,6.543606926920235
2018-09-20,7.078105296081334
2018-09-21,6.871676233793156
2018-09-24,6.78683659223178
2018-09-25,6.589976637163142
2018-09-26,6.49458027181638
2018-09-27,6.389526200379582
2018-09-28,6.195004475939209
2018-10-01,6.155842020666456
2018-10-02,5.9726136730002
2018-10-03,5.7945937631431175
2018-10-04,6.393148637328176
2018-10-05,6.571359764856406
2018-10-08,6.371169673586101
2018-10-09,6.203123762107763
2018-10-10,13.88170441452309
2018-10-11,16.00451179511636
2018-10-12,16.417641996811852
2018-10-15,16.067479699980087
2018-10-16,17.70355404786862
2018-10-17,17.164372752143166
2018-10-18,17.576508746868562
2018-10-19,17.04236261136003
2018-10-22,16.615530920182188
2018-10-23,16.23114636071574
2018-10-24,19.76789348256723
2018-10-25,20.374749460286207
2018-10-26,20.924334413322182
2018-10-29,20.40158544978141
2018-10-30,20.59047142357689
2018-10-31,20.386167088637798
2018-11-01,20.189170276551916
2018-11-02,19.709949841336847
2018-11-05,19.228882560630176
2018-11-06,18.803745543184156
2018-11-07,20.005337913294802
2018-11-08,19.408747578635268
2018-11-09,19.20072967430656
2018-11-12,20.008499056892557
2018-11-13,19.4126309905979
2018-11-14,19.00932611426468
2018-11-15,18.867221711763964
2018-11-16,18.320305298034082
2018-11-19,18.96041673448268
2018-11-20,19.765748259813535
2018-11-21,19.209202117637158
2018-11-23,18.805409878096146
2018-11-26,19.266756984373227
2018-11-27,18.725408501492566
2018-11-28,20.19792683439461
2018-11-29,19.60107885376845
2018-11-30,19.150282357752303
2018-12-03,19.25860163561824
2018-12-04,22.642653875127632
2018-12-06,21.960805863882843
2018-12-07,23.171363294691268
2018-12-10,22.477554818309553
2018-12-11,21.792977180154914
2018-12-12,21.219139536715257
2018-12-13,20.57314066104671
2018-12-14,21.222163562008372
2018-12-17,21.97075702024333
2018-12-18,21.305709829559603
2018-12-19,21.473754443791126
2018-12-20,21.77567216282916
2018-12-21,22.59493908240024
2018-12-24,24.255375718228244
2018-12-26,30.3374845403268
2018-12-27,29.56324141128205
2018-12-28,28.667019903359048
2018-12-31,27.999803353992892
2019-01-02,27.149826855690833
2019-01-03,27.947882012612663
2019-01-04,29.97243985571913
2019-01-07,29.21938703221663
2019-01-08,28.561660732116657
2019-01-09,27.750843253686973
2019-01-10,26.940258753109248
2019-01-11,26.119981984114144
2019-01-14,25.43581414575677
2019-01-15,25.055872037548692
2019-01-16,24.310744034555086
2019-01-17,23.752659180143905
2019-01-18,23.59598475322908
2019-01-22,23.480625134115936
2019-01-23,22.779813528001565
2019-01-24,22.086814853932427
2019-01-25,21.6631471299954
2019-01-28,21.211676543576253
2019-01-29,20.57196297981215
2019-01-30,20.859423628982213
2019-01-31,20.507760079645397
2019-02-01,19.883893590708016
2019-02-04,19.469937905878115
2019-02-05,18.94675679883455
2019-02-06,18.376723777218917
2019-02-07,18.20202846189455
2019-02-08,17.65390516883247
2019-02-11,17.117451921645753
2019-02-12,17.323781953623726
2019-02-13,16.843265645382758
2019-02-14,16.352973727589678
2019-02-15,16.405400332380886
2019-02-19,15.919826995049357
2019-02-20,15.454685881208968
2019-02-21,15.047764433324181
2019-02-22,14.786002131148765
2019-02-25,14.345312720684975
2019-02-26,13.911077214212272
2019-02-27,13.488326414664009
2019-02-28,13.097488363652099
2019-03-01,12.927085431697044
2019-03-04,12.613126725577722
2019-03-05,12.24032427518735
2019-03-06,12.100283641925506
2019-03-07,12.177946469258314
2019-03-08,11.83258929636228
2019-03-11,12.765149150117516
2019-03-12,12.462513974906845
2019-03-13,12.352187962073177
2019-03-14,11.97847649458752
2019-03-15,11.770602261679425
2019-03-18,11.498491148209055
2019-03-19,11.1486167391075
2019-03-20,10.872348289454544
2019-03-21,11.410007852751983
2019-03-22,13.397120994357149
2019-03-25,12.992279554473196
2019-03-26,12.923211834940423
2019-03-27,12.694298076658997
2019-03-28,12.395193724868648
2019-03-29,12.263620804362988
2019-04-01,12.74314376926419
2019-04-02,12.356404892646943
2019-04-03,11.995569877375651
2019-04-04,11.675691786137008
2019-04-05,11.47466266739046
2019-04-08,11.12903882651253
2019-04-09,10.973391455032502
2019-04-10,10.721180285304813
2019-04-11,10.395130423154313
2019-04-12,10.413940002434524
2019-04-15,10.099903712499616
2019-04-16,9.795534141208103
2019-04-17,9.544794109158062
2019-04-18,9.285599499661611
2019-04-22,9.008955565029215
2019-04-23,9.402458903355967
2019-04-24,9.15686982216119
2019-04-25,8.881146015639827
2019-04-26,8.79804123406413
2019-04-29,8.551753653458908
2019-04-30,8.293603182024475
2019-05-01,8.559398396508348
2019-05-02,8.341094448511873
2019-05-03,8.92994996255892
2019-05-06,8.805136620218114
2019-05-07,10.759170831763583
2019-05-08,10.445395275375674
2019-05-09,10.195523209653595
2019-05-10,10.075128019655477
2019-05-13,13.905387238410546
2019-05-14,13.928875859434728
2019-05-15,13.694127693205616
2019-05-16,13.752386076875375
2019-05-17,13.569853423102579
2019-05-20,13.407017968751422
2019-05-21,13.458978633097162
2019-05-22,13.103666111626486
2019-05-23,13.574122526346708
2019-05-24,13.190065070894091
2019-05-28,13.294389790628284
2019-05-29,13.152644047636292
2019-05-30,12.795995164992696
2019-05-31,13.481202017498955
2019-06-03,13.107957281040958
2019-06-04,15.206415765590583
2019-06-05,15.11980231789395
2019-06-06,14.874290504664595
2019-06-07,14.931838481907928
2019-06-10,14.586017713309143
2019-06-11,14.141982322989751
2019-06-12,13.728365709106436
2019-06-13,13.406101211834182
2019-06-14,13.004801868557871
2019-06-17,12.609490638150863
2019-06-18,12.878820970195095
2019-06-19,12.517219439997884
2019-06-20,12.686702359817447
2019-06-21,12.313218800026494
2019-06-24,11.947609794761686
2019-06-25,12.201197366770765
2019-06-26,11.835863428396326
2019-06-27,11.557553991312606
2019-06-28,11.381810515193678
2019-07-01,11.58111762138054
2019-07-02,11.273769980027442
2019-07-03,11.360454195102829
2019-07-05,11.023256930261399
2019-07-08,10.900099130358782
2019-07-09,10.57913688795105
2019-07-10,10.422973638636883
2019-07-11,10.146378849904043
2019-07-12,9.989424905343835
2019-07-15,9.685970258602858
2019-07-16,9.474524180654468
2019-07-17,9.561953494879734
2019-07-18,9.378935127024643
2019-07-19,9.347642177875136
2019-07-22,9.112961680127809
2019-07-23,9.259467771685745
2019-07-24,9.16061429299847
2019-07-25,9.074611054419542
2019-07-26,9.17337452263748
2019-07-29,8.922134265218238
2019-07-30,8.702963131433922
2019-07-31,9.460085783757616
2019-08-01,9.782091756633085
2019-08-02,9.929028447515591
2019-08-05,15.285298169285461
2019-08-06,15.777859646015466
2019-08-07,15.298927359164782
2019-08-08,16.646156096167203
2019-08-09,16.35640365501844
2019-08-12,16.557875492324577
2019-08-13,17.138311176165278
2019-08-14,20.305146402405857
2019-08-15,19.713278191239368
2019-08-16,19.943308066727507
2019-08-19,19.888621283456057
2019-08-20,19.51335450092512
2019-08-21,19.179453638472836
2019-08-22,18.595555445963345
2019-08-23,20.674589254740845
2019-08-26,20.495829556810975
2019-08-27,19.930152677581773
2019-08-28,19.514691489347065
2019-08-29,19.553266155858562
2019-08-30,18.958382864798985
2019-09-03,18.521735217200913
2019-09-04,18.48599275356788
2019-09-05,18.59832496573894
2019-09-06,18.034242933461158
2019-09-09,17.485943319904234
2019-09-10,16.953497534331007
2019-09-11,16.666340243309996
2019-09-12,16.21447233096935
2019-09-13,15.722636540009246
2019-09-16,15.291036953137793
2019-09-17,14.857771659824559
2019-09-18,14.407021709420412
2019-09-19,13.968149612189604
2019-09-20,13.66725948893108
2019-09-23,13.251213512754557
2019-09-24,13.207685074748024
2019-09-25,13.009027695127592
2019-09-26,12.638762534285645
2019-09-27,12.432445673668928
2019-09-30,12.187231349708906
2019-10-01,12.699055410720975
2019-10-02,14.12858366771688
2019-10-03,14.060785411353999
2019-10-04,14.600065361455272
2019-10-07,14.254793447696128
2019-10-08,15.100496991861146
2019-10-09,15.094736011357263
2019-10-10,14.867750673782393
2019-10-11,14.962307152495471
2019-10-14,14.512969357458747
2019-10-15,14.583016706937894
2019-10-16,14.152566173781404
2019-10-17,13.769108601069707
2019-10-18,13.458170080314055
2019-10-21,13.310002650946567
2019-10-22,12.967086194935659
2019-10-23,12.622711942624326
2019-10-24,12.2546283207169
2019-10-25,11.987107466673875
2019-10-28,11.825631426912162
2019-10-29,11.465955360815904
2019-10-30,11.180256134824575
2019-10-31,10.889142983964208
2019-11-01,11.149700690765535
2019-11-04,10.921868897950148
2019-11-05,10.59787843853422
2019-11-06,10.275406142488201
2019-11-07,10.055451179899025
2019-11-08,9.796052210135462
2019-11-11,9.526652961426741
2019-11-12,9.272646355356844
2019-11-13,8.991045025261037
2019-11-14,8.735473678512097
2019-11-15,8.921360024270406
2019-11-18,8.654330570961
2019-11-19,8.391434029996859
2019-11-20,8.263804544272674
2019-11-21,8.036482310119727
2019-11-22,7.8394029211912715
2019-11-25,8.171967338861066
2019-11-26,7.97173276156689
2019-11-27,7.920017248214804
2019-11-29,7.813496548900453
2019-12-02,8.269888314343172
2019-12-03,8.434118358784417
2019-12-04,8.51983828607194
2019-12-05,8.28976858190835
2019-12-06,8.780512968908885
2019-12-09,8.600625580060047
2019-12-10,8.349900504023452
2019-12-11,8.170225202538724
2019-12-12,8.595610206980925
2019-12-13,8.337004298313136
2019-12-16,8.510158763382034
2019-12-17,8.251344511639047
2019-12-18,8.000012521487966
2019-12-19,7.9177048989274805
2019-12-20,7.862715616161599
2019-12-23,7.64625424168163
2019-12-24,7.413328571131316
2019-12-26,7.478101903005043
2019-12-27,7.2509306898571655
2019-12-30,7.35137326632249
2019-12-31,7.189602385141909
2020-01-02,7.854321166460842
2020-01-03,8.168535911443282
2020-01-06,8.056917377216603
2020-01-07,7.887826115082729
2020-01-08,7.921896421947464
2020-01-09,8.117639072918593
2020-01-10,7.9497265537480475
2020-01-13,8.155315140765646
2020-01-14,7.929104036226928
2020-01-15,7.737491433330638
2020-01-16,8.16414158600007
2020-01-17,8.007140648811824
2020-01-21,7.800530907740367
2020-01-22,7.563040340814957
2020-01-23,7.346176849158384
2020-01-24,7.9242005232908985
2020-01-27,9.925132490708418
2020-01-28,10.441700560915496
2020-01-29,10.12870241654184
2020-01-30,9.900623164557443
2020-01-31,11.954599919293843
2020-02-03,11.942368471210985
2020-02-04,12.986807547053186
2020-02-05,13.359290486285284
2020-02-06,13.018011344021636
2020-02-07,12.791326034629424
2020-02-10,12.734395761510337
2020-02-11,12.364803673064515
2020-02-12,12.245439911186182
2020-02-13,11.879650210562204
2020-02-14,11.534560174374448
2020-02-18,11.228084956866176
2020-02-19,11.042889302739232
2020-02-20,10.825501575839025
2020-02-21,11.241072617133188
2020-02-24,17.052236437740966
2020-02-25,20.40820057864364
2020-02-26,19.83830366388503
2020-02-27,26.252727084538037
2020-02-28,25.50557709281983
2020-03-02,29.719838985935127
2020-03-03,30.94958710322287
2020-03-04,34.01074928457752
2020-03-05,35.49840233938695
2020-03-06,35.021988215735036
2020-03-09,46.39663273920785
2020-03-10,49.07482757190869
2020-03-11,51.395389382746295
2020-03-12,63.342382586241264
2020-03-13,69.20180864994747
2020-03-16,80.82157790857894
2020-03-17,80.98329328239709
2020-03-18,81.07409787298464
2020-03-19,78.60858850839175
2020-03-20,78.11495344804379
2020-03-23,76.40197099135318
2020-03-24,81.39037144457022
2020-03-25,79.12214189384787
2020-03-26,79.82242231834624
2020-03-27,78.27882055740596
2020-03-30,76.90486757031096
2020-03-31,74.79035301848708
2020-04-01,74.69002531885545
2020-04-02,72.95597471411664
2020-04-03,70.95965206884247
2020-04-06,73.29465922653594
2020-04-07,71.06291361317754
2020-04-08,70.08402595204572
2020-04-09,68.2022892318496
2020-04-13,66.22068575094505
2020-04-14,65.19054389298795
2020-04-15,63.75388909580737
2020-04-16,61.84000581226455
2020-04-17,60.84552992739295
2020-04-20,59.39545538548677
2020-04-21,58.820919610700585
2020-04-22,57.66426020854407
2020-04-23,55.90758149955948
2020-04-24,54.471006566682625
2020-04-27,53.10415082429899
2020-04-28,51.51756454413481
2020-04-29,50.94884331823376
2020-04-30,49.530473793894465
2020-05-01,49.141759838143145
2020-05-04,47.656739226801
2020-05-05,46.34311389304932
2020-05-06,45.00909442477649
2020-05-07,43.88646626294285
2020-05-08,43.02535129990255
2020-05-11,41.7147021579375
2020-05-12,41.194592712980615
2020-05-13,40.5378703072477
2020-05-14,39.5742001038673
2020-05-15,38.41003131606297
2020-05-18,39.02484947288232
2020-05-19,38.04839632070097
2020-05-20,37.46634470548643
2020-05-21,36.424722779619614
2020-05-22,35.322785126960824
2020-05-26,34.57613066041751
2020-05-27,34.011168235410196
2020-05-28,32.98286763504874
2020-05-29,32.02477407911869
2020-06-01,31.088759976671803
2020-06-02,30.31174365086385
2020-06-03,29.834540307680097
2020-06-04,28.943733882936712
2020-06-05,29.737323243822587
2020-06-08,29.207482065268525
2020-06-09,28.466876759467365
2020-06-10,27.685289324512308
2020-06-11,35.4058010682077
2020-06-12,34.637920780224526
2020-06-15,33.776515990296225
2020-06-16,33.576162128689504
2020-06-17,32.59350746405997
2020-06-18,31.600932198063557
2020-06-19,30.719183398758176
2020-06-22,29.88696743504787
2020-06-23,29.031486344250318
2020-06-24,29.8866875927553
2020-06-25,29.271396105365916
2020-06-26,29.879329905298658
2020-06-29,29.519416345864393
2020-06-30,29.04491586362506
2020-07-01,28.290610697239778
2020-07-02,27.511769914987006
2020-07-06,27.3306783373816
2020-07-07,26.80296650659018
2020-07-08,26.15480811870129
2020-07-09,25.4550155921494
2020-07-10,24.993669618277963
2020-07-13,24.467079165321863
2020-07-14,24.2442848198628
2020-07-15,23.773197143496912
2020-07-16,23.08464363732584
2020-07-17,22.409685726569524
2020-07-20,21.951282128501628
2020-07-21,21.29859023322115
2020-07-22,20.767364417874106
2020-07-23,20.66858834908403
2020-07-24,20.19583502817311
2020-07-27,19.783370417681635
2020-07-28,19.339589106346107
2020-07-29,19.34350513455594
2020-07-30,18.805653749668714
2020-07-31,18.487863164255607
2020-08-03,18.12594642653541
2020-08-04,17.637584315791738
2020-08-05,17.26893927430483
2020-08-06,16.94207463957279
2020-08-07,16.42832171149844
2020-08-10,15.970073066977008
2020-08-11,15.815471821722522
2020-08-12,16.251368979285935
2020-08-13,15.77198411200821
2020-08-14,15.291510302536551
2020-08-17,14.87687332642222
2020-08-18,14.448054882262346
2020-08-19,14.101551784749336
2020-08-20,13.725289841632785
2020-08-21,13.378222377185086
2020-08-24,13.550133634426409
2020-08-25,13.207385815374026
2020-08-26,13.379663781953976
2020-08-27,12.99984159865496
2020-08-28,12.850081254488243
2020-08-31,12.53828984216161
2020-09-01,12.691104921038152
2020-09-02,13.51224353109251
2020-09-03,18.896038107881772
2020-09-04,18.595681965134162
2020-09-08,21.002236513303142
2020-09-09,21.735871479307956
2020-09-10,22.147070029589013
2020-09-11,21.47329327978064
2020-09-14,21.431908659438616
2020-09-15,20.871194448988525
2020-09-16,20.294371831052295
2020-09-17,19.973707583269242
2020-09-18,19.881797964729845
2020-09-21,19.761286821886802
2020-09-22,19.5602360523227
2020-09-23,21.04498790914234
2020-09-24,20.430109621673402
2020-09-25,20.766199703577378
2020-09-28,21.127981659403616
2020-09-29,20.594110825177168
2020-09-30,20.181603051346084
2020-10-01,19.72437663786813
2020-10-02,19.479943125072214
2020-10-05,20.085266260283202
2020-10-06,20.253656154291836
2020-10-07,20.751519480748723
2020-10-08,20.40981710154368
2020-10-09,20.087732730533443
2020-10-12,20.44059733681688
2020-10-13,19.98074908524015
2020-10-14,19.52650178311345
2020-10-15,18.937751039710164
2020-10-16,18.36233471095078
2020-10-19,18.77320481590749
2020-10-20,18.26755711518992
2020-10-21,17.72637243997431
2020-10-22,17.317491070843438
2020-10-23,16.841575516734753
2020-10-26,17.866932380173896
2020-10-27,17.374595488837098
2020-10-28,21.601552767730375
2020-10-29,21.309393119354947
2020-10-30,21.05824420899856
2020-11-02,20.871662175833844
2020-11-03,21.34958304482214
2020-11-04,22.4125775931364
2020-11-05,22.991145595180583
2020-11-06,22.290919261412593
2020-11-09,22.15058848680398
2020-11-10,21.483373342199215
2020-11-11,21.026777259197196
2020-11-12,20.735616757653062
2020-11-13,20.8027028361466
2020-11-16,20.73776595797669
2020-11-17,20.21506611482245
2020-11-18,20.156761657450666
2020-11-19,19.610869519390235
2020-11-20,19.20027787618133
2020-11-23,18.7598584852315
2020-11-24,19.221167863214276
2020-11-25,18.645271951865528
2020-11-27,18.109580777538422
2020-11-30,17.642451728340287
2020-12-01,17.620226292181663
2020-12-02,17.102979153980122
2020-12-03,16.582292542474807
2020-12-04,16.419702041230362
2020-12-07,15.939574711333366
2020-12-08,15.495702928897902
2020-12-09,15.426692307949146
2020-12-10,14.957273326378164
2020-12-11,14.508786330205925
2020-12-14,14.174602865798178
2020-12-15,14.701365766285615
2020-12-16,14.2665410066584
2020-12-17,14.000859152176334
2020-12-18,13.66318928163345
2020-12-21,13.319980217319644
2020-12-22,12.930849364105951
2020-12-23,12.541788727436764
2020-12-24,12.25309713217981
2020-12-28,12.33664816872628
2020-12-29,11.983845711666941
2020-12-30,11.631990839837425
2020-12-31,11.4485111360141
2021-01-04,12.31316049724821
2021-01-05,12.232755237270425
2021-01-06,12.084429407127415
2021-01-07,13.044579849821869
2021-01-08,12.838683345479213
2021-01-11,12.722401085234674
2021-01-12,12.33509983585095
2021-01-13,12.004954923159753
2021-01-14,11.718901139495735
2021-01-15,11.712928784520768
2021-01-19,11.756280610731068
2021-01-20,12.588802790960003
2021-01-21,12.210438833883124
2021-01-22,11.918467421534796
2021-01-25,11.656299950657154
2021-01-26,11.317513030238855
2021-01-27,14.593761280804458
2021-01-28,14.535714450525761
2021-01-29,16.138232762644453
2021-02-01,16.9121748317739
2021-02-02,17.282097309773054
2021-02-03,16.75840073552009
2021-02-04,16.831686069202853
2021-02-05,16.39025256572813
2021-02-08,16.135411238512994
2021-02-09,15.646004615214713
2021-02-10,15.17031131109933
2021-02-11,14.721543838048456
2021-02-12,14.401104470149392
2021-02-16,13.966452573773472
2021-02-17,13.541272287368173
2021-02-18,13.233091764653498
2021-02-19,12.84835212446489
2021-02-22,12.813677371255377
2021-02-23,12.432281822589571
2021-02-24,12.784672393129004
2021-02-25,15.607510067840094
2021-02-26,15.264792473002082
2021-03-01,17.486302159266195
2021-03-02,17.22508427104805
2021-03-03,17.486682412993222
2021-03-04,17.631818339250064
2021-03-05,18.50604172704727
2021-03-08,18.046936520293414
2021-03-09,18.344979490754557
2021-03-10,17.94902685010033
2021-03-11,17.838872871113225
2021-03-12,17.303345839063876
2021-03-15,16.934776141619093
2021-03-16,16.426205465918308
2021-03-17,15.98070195022042
2021-03-18,16.508758152363228
2021-03-19,16.022029412734522
2021-03-22,15.838787782064529
2021-03-23,15.660666337345344
2021-03-24,15.312348964551898
2021-03-25,15.00526500558271
2021-03-26,15.820581043870419
2021-03-29,15.339880645029034
2021-03-30,14.908392144854407
2021-03-31,14.53954818871119
2021-04-01,14.702375170780055
2021-04-05,15.29368674498452
2021-04-06,14.829556776832783
2021-04-07,14.384818001711535
2021-04-08,14.067629447906246
2021-04-09,13.926893066638193
2021-04-12,13.50336785037363
2021-04-13,13.14248189821564
2021-04-14,12.811349896101817
2021-04-15,13.09751940854477
2021-04-16,12.764630969744644
2021-04-19,12.523076534948837
2021-04-20,12.473271153081217
2021-04-21,12.63557564727448
2021-04-22,12.75959011400358
2021-04-23,13.062292241272793
2021-04-26,12.690294444428773
2021-04-27,12.303982114184896
2021-04-28,11.92967685710104
2021-04-29,11.82707169868321
2021-04-30,11.749800225502174
2021-05-03,11.422620105933284
2021-05-04,11.333063405792727
2021-05-05,10.988486769572129
2021-05-06,11.0935483742077
2021-05-07,11.119104171087134
2021-05-10,11.453845865802114
2021-05-11,11.639239910927593
2021-05-12,14.03804337032274
2021-05-13,14.380580457895032
2021-05-14,15.149427351589932
2021-05-17,14.721283873620465
2021-05-18,14.664045803349069
2021-05-19,14.253924728012088
2021-05-20,14.43247932627511
2021-05-21,13.996433380101722
2021-05-24,14.131548949876663
2021-05-25,13.728237472374216
2021-05-26,13.33232319320897
2021-05-27,12.92777986362392
2021-05-28,12.553194369939574
2021-06-01,12.17559769877684
2021-06-02,11.820483556384925
2021-06-03,11.55123101100431
2021-06-04,11.74556625923504
2021-06-07,11.394002380305041
2021-06-08,11.047206010011854
2021-06-09,10.726388411122546
2021-06-10,10.554815526144026
2021-06-11,10.253390877739857
2021-06-14,9.979006167330711
2021-06-15,9.701309170533836
2021-06-16,9.654446573432724
2021-06-17,9.361222920215765
2021-06-18,10.50082665117786
2021-06-21,11.58455173414286
2021-06-22,11.421388966476492
2021-06-23,11.083371219862592
2021-06-24,10.987751175703611
2021-06-25,10.741876146831526
2021-06-28,10.444035297853066
2021-06-29,10.128029151166052
2021-06-30,9.824932739172693
2021-07-01,9.764576596647368
2021-07-02,9.91933186623761
2021-07-06,9.643244611876431
2021-07-07,9.449564398726107
2021-07-08,9.698275354800593
2021-07-09,10.269370107739286
2021-07-12,10.05312089760509
2021-07-13,9.836886022464085
2021-07-14,9.554821796766037
2021-07-15,9.358779357677582
2021-07-16,9.576397946223059
2021-07-19,10.939542518572729
2021-07-20,11.962629007022747
2021-07-21,12.01457595334013
2021-07-22,11.676925336630404
2021-07-23,12.000424285558747
2021-07-26,11.67384208762645
2021-07-27,11.456741731906222
2021-07-28,11.108867945805178
2021-07-29,10.890015388296476
2021-07-30,10.726616681737045
2021-08-02,10.431856112018313
2021-08-03,10.593422772821443
2021-08-04,10.448156747702027
2021-08-05,10.423056654591266
2021-08-06,10.125900818530745
2021-08-09,9.822524675804544
2021-08-10,9.535549092797007
2021-08-11,9.295294865572204
2021-08-12,9.086931414167694
2021-08-13,8.838431040452155
2021-08-16,8.617835451267302
2021-08-17,8.737923069205351
2021-08-18,9.491218437748419
2021-08-19,9.221720589281516
2021-08-20,9.457036022075341
2021-08-23,9.780958600714355
2021-08-24,9.503027043123497
2021-08-25,9.249505897982155
2021-08-26,9.258517710250775
2021-08-27,9.620670011125227
2021-08-30,9.482326021524585
2021-08-31,9.211509083912766
2021-09-01,8.9332782303135
2021-09-02,8.743112520583459
2021-09-03,8.477287679084887
2021-09-07,8.33620498252499
2021-09-08,8.096141188758283
2021-09-09,8.02473657258372
2021-09-10,8.367014493137848
2021-09-13,8.172777317390922
2021-09-14,8.198426171721634
2021-09-15,8.581536495194877
2021-09-16,8.342944413283115
2021-09-17,8.93960592738124
2021-09-20,10.856873856043912
2021-09-21,10.532543560809609
2021-09-22,10.88701527687055
2021-09-23,11.552870899605336
2021-09-24,11.219192297852661
2021-09-27,10.934318925741744
2021-09-28,13.230557273400557
2021-09-29,12.844155739953084
2021-09-30,13.339417728434263
2021-10-01,13.724709142662189
2021-10-04,14.231655396568055
2021-10-05,14.373188551536451
2021-10-06,14.02832430228172
2021-10-07,14.006848052563459
2021-10-08,13.598685570967534
2021-10-11,13.483718998223978
2021-10-12,13.108038341606523
2021-10-13,12.785199487374982
2021-10-14,13.99015365777568
2021-10-15,13.881082501885805
2021-10-18,13.507211211316292
2021-10-19,13.432368147602054
2021-10-20,13.112057052528062
2021-10-21,12.752901693143029
2021-10-22,12.370967351058432
2021-10-25,12.173068530598448
2021-10-26,11.80741240295427
2021-10-27,11.577171084530901
2021-10-28,11.829228649322978
2021-10-29,11.495921953332369
2021-11-01,11.165728390016975
2021-11-02,10.93867914063162
2021-11-03,10.866311805398785
2021-11-04,10.692722499937123
2021-11-05,10.45410388866428
2021-11-08,10.141060456100673
2021-11-09,9.91605723235105
2021-11-10,10.114015019519874
2021-11-11,9.806708253418458
2021-11-12,9.947263617144657
2021-11-15,9.645148681151
2021-11-16,9.476618223304033
2021-11-17,9.236473260356972
2021-11-18,9.051631262468431
2021-11-19,8.80343800450747
2021-11-22,8.605349667097618
2021-11-23,8.35909390738108
2021-11-24,8.170481522474159
2021-11-26,11.818410823355608
2021-11-29,12.400369810732546
2021-11-30,14.245040724335858
2021-12-01,14.477864675891288
2021-12-02,15.230445735403908
2021-12-03,15.152458610905859
2021-12-06,15.38766776021344
2021-12-07,16.910152283527253
2021-12-08,16.427218495119636
2021-12-09,16.143155687206256
2021-12-10,16.06981341297199
2021-12-13,15.95980779797806
2021-12-14,15.704739612109753
2021-12-15,16.376369103873696
2021-12-16,16.24675279875631
2021-12-17,16.292036594499145
2021-12-20,16.333531461629306
2021-12-21,17.25193050671631
2021-12-22,17.16792990370774
2021-12-23,16.818765875690218
2021-12-27,17.19764948787943
2021-12-28,16.67677093258678
2021-12-29,16.176370501201763
2021-12-30,15.720470804231393
2021-12-31,15.273115998073797
2022-01-03,14.977030455665338
2022-01-04,14.521353494533509
2022-01-05,15.970546296840308
2022-01-06,15.488331213807594
2022-01-07,15.095291199123709
2022-01-10,14.643434019490146
2022-01-11,14.628560122895026
2022-01-12,14.221716746085047
2022-01-13,14.806320951499133
2022-01-14,14.356140782597624
2022-01-18,15.556612738229331
2022-01-19,15.619216810796505
2022-01-20,15.749665634042634
2022-01-21,17.10555736996074
2022-01-24,16.66611235030717
2022-01-25,16.849614379851644
2022-01-26,16.365483687475336
2022-01-27,15.983249687860724
2022-01-28,18.197010797901143
2022-01-31,18.959003374500853
2022-02-01,18.56701558110765
2022-02-02,18.389677373549144
2022-02-03,20.085591236113927
2022-02-04,19.55894571730793
2022-02-07,19.00424560483313
2022-02-08,18.69876597933301
2022-02-09,18.98911912391304
2022-02-10,19.71409402789242
2022-02-11,20.62274477247705
2022-02-14,20.034999187821985
2022-02-15,20.396485123548057
2022-02-16,19.779922666180706
2022-02-17,20.934874180698866
2022-02-18,20.4536875346526
2022-02-22,20.26953896371115
2022-02-23,20.847940386001124
2022-02-24,21.03077197712792
2022-02-25,22.08552798488636
2022-02-28,21.435873879842347
2022-03-01,21.62268482553276
2022-03-02,22.129892765146472
2022-03-03,21.543325466898686
2022-03-04,21.126532031040735
2022-03-07,23.556892916998386
2022-03-08,23.030174511625127
2022-03-09,24.58467264616448
2022-03-10,23.90060433902826
2022-03-11,23.70071375157922
2022-03-14,23.155029298631113
2022-03-15,23.99014515814851
2022-03-16,24.773423867078453
2022-03-17,24.500471049787663
2022-03-18,24.12878532492481
2022-03-21,23.39400115805944
2022-03-22,23.128019019401794
2022-03-23,22.982916504807775
2022-03-24,23.0297301518919
2022-03-25,22.40836492358544
2022-03-28,21.89983068506628
2022-03-29,21.76424896319526
2022-03-30,21.238223638759894
2022-03-31,21.456381756897954
2022-04-01,20.831823286390218
2022-04-04,20.467750520538345
2022-04-05,20.450564953078104
2022-04-06,20.208976807342367
2022-04-07,19.690572002718454
2022-04-08,19.119088471439287
2022-04-11,19.71159146287009
2022-04-12,19.165532959220993
2022-04-13,19.102062386411337
2022-04-14,19.150284557784094
2022-04-18,18.56757826860685
2022-04-19,19.048433602252597
2022-04-20,18.47039378665369
2022-04-21,18.841675971623747
2022-04-22,21.23091794168708
2022-04-25,20.706514577667914
2022-04-26,23.100303060327736
2022-04-27,22.42317135257351
2022-04-28,23.805913107924344
2022-04-29,27.333370636761213
2022-05-02,26.603231221629635
2022-05-03,25.854025876396435
2022-05-04,27.647598402257774
2022-05-05,30.274620036055232
2022-05-06,29.444496376569678
2022-05-09,31.226095463137327
2022-05-10,30.288120077412255
2022-05-11,30.018355375175275
2022-05-12,29.106709207842478
2022-05-13,29.677773427537858
2022-05-16,28.817066863469993
2022-05-17,29.03934545061616
2022-05-18,32.38319129851541
2022-05-19,31.487422566760497
2022-05-20,30.528660863701518
2022-05-23,30.463677852226823
2022-05-24,29.685560746150607
2022-05-25,28.983742028301673
2022-05-26,29.13479596809127
2022-05-27,29.779858882345998
2022-05-31,28.955422894281895
2022-06-01,28.25038290674945
2022-06-02,28.355004404111245
2022-06-03,28.23417185045742
2022-06-06,27.39955632537153
2022-06-07,26.8229731823157
2022-06-08,26.350956667584498
2022-06-09,27.20867237241927
2022-06-10,28.754140466915334
2022-06-13,31.681767599087163
2022-06-14,30.73901777124236
2022-06-15,30.306626216319255
2022-06-16,32.16600082647441
2022-06-17,31.19733379622681
2022-06-21,31.75429419565457
2022-06-22,30.795014878316707
2022-06-23,30.096859506674956
2022-06-24,31.616301592196344
2022-06-27,30.689240199750305
2022-06-28,30.81820186149607
2022-06-29,29.881034356307428
2022-06-30,29.143871422876355
2022-07-01,28.5506636679923
2022-07-05,27.690616307480987
2022-07-06,26.879037325776302
2022-07-07,26.693611869424476
2022-07-08,25.882393863134496
2022-07-11,25.488504678565292
2022-07-12,24.952544579914292
2022-07-13,24.278871458838623
2022-07-14,23.558219916864513
2022-07-15,23.996728505784066
2022-07-18,23.4880120713839
2022-07-19,25.02112274856246
2022-07-20,24.38433239768164
2022-07-21,23.967502223181242
2022-07-22,23.51834036273809
2022-07-25,22.80676394062092
2022-07-26,22.59109159628684
2022-07-27,24.064464122796018
2022-07-28,23.829459020523934
2022-07-29,23.77911814192319
2022-08-01,23.083532551869425
2022-08-02,22.52782669850636
2022-08-03,22.661810793044076
2022-08-04,21.973012527474506
2022-08-05,21.313778671218373
2022-08-08,20.669410442206797
2022-08-09,20.0993751620749
2022-08-10,21.096813681247983
2022-08-11,20.454119747650214
2022-08-12,20.877714135342156
2022-08-15,20.304758199971364
2022-08-16,19.700894760552796
2022-08-17,19.300532776494308
2022-08-18,18.746564010377924
2022-08-19,18.921509002789417
2022-08-22,20.087057765700187
2022-08-23,19.49788609526437
2022-08-24,18.944712254554442
2022-08-25,19.159392387533526
2022-08-26,22.898682206805915
2022-08-29,22.350460394262143
2022-08-30,22.09058467301654
2022-08-31,21.622564393662262
2022-09-01,20.999217115067225
2022-09-02,20.77255741355492
2022-09-06,20.193315557877447
2022-09-07,20.766321948504345
2022-09-08,20.29244154952976
2022-09-09,20.567186492303634
2022-09-12,20.369292583168676
2022-09-13,26.245734050050977
2022-09-14,25.489242852266237
2022-09-15,25.1084020746976
2022-09-16,24.524964233097982
2022-09-19,23.96681986571757
2022-09-20,23.666358406762672
2022-09-21,23.94398383140466
2022-09-22,23.445135173747193
2022-09-23,23.66137879487696
2022-09-26,23.264007026075763
2022-09-27,22.57717947881168
2022-09-28,23.16360674888458
2022-09-29,23.91110077212759
2022-09-30,23.961605720318484
2022-10-03,25.345250826385712
2022-10-04,27.288159447596033
2022-10-05,26.472372777182663
2022-10-06,25.98070963286578
2022-10-07,27.486517239042215
2022-10-10,26.81530798753307
2022-10-11,26.115516552487854
2022-10-12,25.352499272350325
2022-10-13,26.585295750376854
2022-10-14,27.289541279109404
2022-10-17,28.237769959122016
2022-10-18,27.75175561904117
2022-10-19,27.048054571516246
2022-10-20,26.42769285945653
2022-10-21,27.270634815952377
2022-10-24,26.859489926943763
2022-10-25,26.759947364911184
2022-10-26,26.110858313989542
2022-10-27,25.40089076101283
2022-10-28,26.269388688408053
2022-10-31,25.624652105190698
2022-11-01,24.902475743885795
2022-11-02,26.08829282436147
2022-11-03,25.61172497400707
2022-11-04,25.445642273326612
2022-11-07,24.94663586532921
2022-11-08,24.27699940441581
2022-11-09,24.890449582609172
2022-11-10,31.860535296235927
2022-11-11,31.11616238426716
2022-11-14,30.350586304582798
2022-11-15,29.61071306170322
2022-11-16,28.86266135822361
2022-11-17,28.008753814341592
2022-11-18,27.212569934061708
2022-11-21,26.42156008908322
2022-11-22,26.138662504007044
2022-11-23,25.45982748134248
2022-11-25,24.684372339095084
2022-11-28,24.736211063242113
2022-11-29,23.9919638238436
2022-11-30,26.20150619207039
2022-12-01,25.404915516595043
2022-12-02,24.635067659515894
2022-12-05,24.905814979304537
2022-12-06,24.798337250485417
2022-12-07,24.051992016281094
2022-12-08,23.51584411431434
2022-12-09,22.985129968100757
2022-12-12,22.96952325800481
2022-12-13,22.462003737973507
2022-12-14,21.920070756268938
2022-12-15,23.332321448590903
2022-12-16,23.088101650916133
2022-12-19,22.62833502489147
2022-12-20,21.945428065618287
2022-12-21,22.045660285233122
2022-12-22,22.092243351453973
2022-12-23,21.535025019244287
2022-12-27,20.93543469599815
2022-12-28,20.872025226275575
2022-12-29,21.392187749751507
2022-12-30,20.765842443818485
2023-01-03,20.199940236671562
2023-01-04,19.811547460660336
2023-01-05,19.719807470472787
2023-01-06,21.0538709075725
2023-01-09,20.413675671401847
2023-01-10,19.977470083263384
2023-01-11,19.9759220450141
2023-01-12,19.41886620788256
2023-01-13,18.887392243394686
2023-01-17,18.32587848761401
2023-01-18,18.814352806776625
2023-01-19,18.46111917892634
2023-01-20,19.28408881819749
2023-01-23,19.26325019366509
2023-01-24,18.681081651040955
2023-01-25,18.11256659619121
2023-01-26,18.067794415861908
2023-01-27,17.54009757534018
2023-01-30,17.700279125387873
2023-01-31,18.075246875405824
2023-02-01,18.000292046867447
2023-02-02,18.334387130673743
2023-02-03,18.255038639683118
2023-02-06,17.858713542398018
2023-02-07,18.0368085650494
2023-02-08,18.00237587560748
2023-02-09,17.779295777502263
2023-02-10,17.261482683246157
2023-02-13,17.339983348496027
2023-02-14,16.812689532199908
2023-02-15,16.349182329728134
2023-02-16,16.742835407866046
2023-02-17,16.26189594395288
2023-02-21,17.625975631965677
2023-02-22,17.09742833057217
2023-02-23,16.704443243106056
2023-02-24,16.725307325836827
2023-02-27,16.269596860702997
2023-02-28,15.839539963839838
2023-03-01,15.429545188498789
2023-03-02,15.259793020500553
2023-03-03,16.03635374688199
2023-03-06,15.550154511450387
2023-03-07,16.228966246543234
2023-03-08,15.747340980921932
2023-03-09,16.897767793417014
2023-03-10,17.330416076028214
2023-03-13,16.811610636368787
2023-03-14,17.501805014873764
2023-03-15,17.143103293484625
2023-03-16,17.94418087247943
2023-03-17,17.988621704966107
2023-03-20,17.8331713439203
2023-03-21,18.018625526707435
2023-03-22,18.705272970836337
2023-03-23,18.1657935956065
2023-03-24,17.795068344384983
2023-03-27,17.26824510825498
2023-03-28,16.764972569135477
2023-03-29,17.195490072412294
2023-03-30,16.825500922769006
2023-03-31,17.19682757039329
2023-04-03,16.738398685898442
2023-04-04,16.37203530503189
2023-04-05,15.905983681276753
2023-04-06,15.495557323498039
2023-04-10,15.028794748771821
2023-04-11,14.571331254480421
2023-04-12,14.216411268633339
2023-04-13,14.707328449140455
2023-04-14,14.290963374199997
2023-04-17,13.925428406847754
2023-04-18,13.503585453602179
2023-04-19,13.092377140201245
2023-04-20,12.870625002472547
2023-04-21,12.482187051371433
2023-04-24,12.108718188635743
2023-04-25,13.286710179488
2023-04-26,12.987239378913667
2023-04-27,14.741134684318064
2023-04-28,14.669174495881181
2023-05-01,14.227714657887445
2023-05-02,14.477548457719575
2023-05-03,14.289733299892607
2023-05-04,14.12741950924486
2023-05-05,15.442912513745089
2023-05-08,14.972817774677399
2023-05-09,14.616925727328459
2023-05-10,14.287079217571067
2023-05-11,13.868453832314353
2023-05-12,13.455629050682818
2023-05-15,13.11428289898841
2023-05-16,12.97933594405262
2023-05-17,13.430117872102734
2023-05-18,13.544117731927882
2023-05-19,13.14371203755712
2023-05-22,12.744280344100167
2023-05-23,13.112299156926415
2023-05-24,13.023445774701548
2023-05-25,13.064260488802873
2023-05-26,13.6187351290966
2023-05-30,13.204683342640172
2023-05-31,12.983721373374674
2023-06-01,13.114223019015437
2023-06-02,13.88641615639187
2023-06-05,13.484026876460057
2023-06-06,13.100579182600795
2023-06-07,12.772692023114763
2023-06-08,12.603648072464877
2023-06-09,12.239550855150274
2023-06-12,12.37538054876409
2023-06-13,12.267444704033856
2023-06-14,11.90273007883377
2023-06-15,12.495149976465285
2023-06-16,12.186930468506267
2023-06-20,11.987532412487482
2023-06-21,11.792741820241423
2023-06-22,11.519017388468331
2023-06-23,11.551373797749669
2023-06-26,11.312053683388335
2023-06-27,11.75845992038122
2023-06-28,11.401934967646502
2023-06-29,11.159902681445342
2023-06-30,11.742278151042374
2023-07-03,11.393336483333123
2023-07-05,11.06139826482931
2023-07-06,11.151583671795509
2023-07-07,10.856453434634524
2023-07-10,10.571521092083172
2023-07-11,10.542543655089219
2023-07-12,10.685807879810987
2023-07-13,10.806714688015282
2023-07-14,10.480299500273055
2023-07-17,10.250024590047845
2023-07-18,10.346298322784529
2023-07-19,10.068226952887862
2023-07-20,10.09883571142553
2023-07-21,9.791184492326847
2023-07-24,9.64982702243278
2023-07-25,9.415731036213678
2023-07-26,9.12908521674402
2023-07-27,9.221190838605452
2023-07-28,9.709816314112715
2023-07-31,9.443028831645165
2023-08-01,9.222918191227864
2023-08-02,10.470398112993594
2023-08-03,10.21258780123035
2023-08-04,10.057146881722627
2023-08-07,10.319778753763236
2023-08-08,10.14789901609681
2023-08-09,10.178605770237134
2023-08-10,9.869511449417104
2023-08-11,9.571535677539902
2023-08-14,9.523625240146394
2023-08-15,10.296428148523065
2023-08-16,10.385431169190964
2023-08-17,10.49915839772906
2023-08-18,10.18103119382448
2023-08-21,10.187890275060548
2023-08-22,9.933666080778567
2023-08-23,10.550178753721653
2023-08-24,11.579181483646387
2023-08-25,11.554006096588022
2023-08-28,11.468538229270274
2023-08-29,12.440919428000804
2023-08-30,12.167346034246009
2023-08-31,11.810415268650896
2023-09-01,11.473523368841741
2023-09-05,11.25076645811614
2023-09-06,11.218910477649741
2023-09-07,10.94266098346369
2023-09-08,10.625434254750386
2023-09-11,10.612384957012978
2023-09-12,10.509062139028849
2023-09-13,10.198986601123197
2023-09-14,10.436614346849323
2023-09-15,11.162590474742577
2023-09-18,10.82493363062413
2023-09-19,10.526163046864777
2023-09-20,10.818919218567407
2023-09-21,12.329876185461941
2023-09-22,11.986260847228507
2023-09-25,11.735110141593177
2023-09-26,12.750318153900228
2023-09-27,12.362866267149064
2023-09-28,12.195184857492755
2023-09-29,11.861358084767373
2023-10-02,11.501053897240991
2023-10-03,12.320625818662245
2023-10-04,12.273943347466538
2023-10-05,11.900931451356108
2023-10-06,12.417607016939368
2023-10-09,12.292411873264728
2023-10-10,12.087680878343956
2023-10-11,11.82674499092829
2023-10-12,11.710407986232013
2023-10-13,11.518482280007435
2023-10-16,11.886057933432602
2023-10-17,11.52397454518888
2023-10-18,12.330564048539893
2023-10-19,12.43770629895868
2023-10-20,12.981865654811878
2023-10-23,12.604446535209727
2023-10-24,12.564618228634227
2023-10-25,13.41622451142164
2023-10-26,13.8252803246178
2023-10-27,13.520019835599662
2023-10-30,13.898951411966246
2023-10-31,13.693659463307602
2023-11-01,13.90254590314918
2023-11-02,15.36779685507047
2023-11-03,15.312447715656738
2023-11-06,14.872830701744192
2023-11-07,14.462028463823348
2023-11-08,14.024345533910084
2023-11-09,13.93375291651944
2023-11-10,14.790278743607432
2023-11-13,14.344499562039156
2023-11-14,15.787441574636404
2023-11-15,15.328565569598474
2023-11-16,14.869196910933875
2023-11-17,14.424320199529683
2023-11-20,14.299224833758023
2023-11-21,13.889543581818852
2023-11-22,13.549512773665512
2023-11-24,13.138917474121687
2023-11-27,12.757920895626787
2023-11-28,12.375246198495454
2023-11-29,12.00136471007908
2023-11-30,11.735655691748084
2023-12-01,11.60700986809678
2023-12-04,11.437998769648337
2023-12-05,11.089816019289124
2023-12-06,10.86602155977018
2023-12-07,10.941809253501113
2023-12-08,10.738824973120813
2023-12-11,10.520531186394635
2023-12-12,10.35279559671094
2023-12-13,11.362705393677503
2023-12-14,11.086781548489391
2023-12-15,10.768110758893538
2023-12-18,10.665477080111298
2023-12-19,10.605859859964465
2023-12-20,11.62651523856111
2023-12-21,11.854566176107294
2023-12-22,11.519913591335554
2023-12-26,11.288505065593215
2023-12-27,10.967130027965801
2023-12-28,10.634041336931109
2023-12-29,10.371540779334984
2024-01-02,10.289632514267916
2024-01-03,10.473362417562099
2024-01-04,10.231506442517887
2024-01-05,9.934080867185047
2024-01-08,11.097103266911134
2024-01-09,10.775223444957131
2024-01-10,10.674628938746068
2024-01-11,10.350855369952106
2024-01-12,10.039139017415623
2024-01-16,9.837820325389261
2024-01-17,9.7812923200425
2024-01-18,10.088846243424479
2024-01-19,10.903455331580286
2024-01-22,10.603150123936791
2024-01-23,10.342314583864349
2024-01-24,10.036243476908664
2024-01-25,9.956447246091207
2024-01-26,9.66577986811544
2024-01-29,9.860519055654903
2024-01-30,9.564860813142559
2024-01-31,11.265966875042285
2024-02-01,12.036292747420129
2024-02-02,12.359695442573713
2024-02-05,12.066827548250297
2024-02-06,11.75341210145047
2024-02-07,11.844182299096964
2024-02-08,11.48464450117584
2024-02-09,11.3580100502763
2024-02-12,11.013321860650983
2024-02-13,11.962365966714483
2024-02-14,12.11968339380172
2024-02-15,12.050819036469195
2024-02-16,11.843873972443223
2024-02-20,11.68199159696432
2024-02-21,11.331582324831443
2024-02-22,13.570004917776085
2024-02-23,13.159336808462205
2024-02-26,12.837971230402415
2024-02-27,12.467777802352783
2024-02-28,12.098890876048078
2024-02-29,11.813006067328889
2024-03-01,12.015717459511336
2024-03-04,11.657141606326144
2024-03-05,11.957843094906236
2024-03-06,11.758971025268877
2024-03-07,12.030315191310596
2024-03-08,11.896412770491139
2024-03-11,11.538849449511094
2024-03-12,11.935958598669725
2024-03-13,11.588406118304322
2024-03-14,11.261694219506978
2024-03-15,11.242527475444907
2024-03-18,11.14089898288482
2024-03-19,11.014344164508428
2024-03-20,11.262929174399435
2024-03-21,10.994909376160447
2024-03-22,10.685467307534747
2024-03-25,10.415639733900733
2024-03-26,10.1238939624638
2024-03-27,10.34083014089699
2024-03-28,10.026082044189021
2024-04-01,9.744201015312399
2024-04-02,9.76748973514705
2024-04-03,9.479548996396632
2024-04-04,10.357368191501637
2024-04-05,10.82446839449374
2024-04-08,10.49696302081718
2024-04-09,10.187110450749921
2024-04-10,10.623729403747847
2024-04-11,10.706954838162288
2024-04-12,11.703448031261214
2024-04-15,12.360596282382245
2024-04-16,12.005047052170875
2024-04-17,11.865970670370618
2024-04-18,11.532333161653725
2024-04-19,11.689113427206085
2024-04-22,11.880367903830768
2024-04-23,12.398214058175695
2024-04-24,12.021931666284715
2024-04-25,11.74927825700323
2024-04-26,11.966873760888527
2024-04-29,11.683466160678922
2024-04-30,12.91765845436462
2024-05-01,12.587829454501396
2024-05-02,12.729956126098092
2024-05-03,13.239145316918233
2024-05-06,13.443135654277791
2024-05-07,13.040655345803065
2024-05-08,12.643440314665543
2024-05-09,12.460181377811576
2024-05-10,12.09095962288593
2024-05-13,11.722736599485696
2024-05-14,11.504163160523733
2024-05-15,12.136985736870951
2024-05-16,11.794473006478508
2024-05-17,11.44880257060305
2024-05-20,11.109049477148691
2024-05-21,10.812662835604684
2024-05-22,10.543052713955047
2024-05-23,10.61191880544699
2024-05-24,10.603385813914432
2024-05-28,10.283951364549587
2024-05-29,10.338287732015973
2024-05-30,10.35209975357466
2024-05-31,10.63797540362111
2024-06-03,10.318767703081635
2024-06-04,10.013842869777482
2024-06-05,10.740924119748719
2024-06-06,10.41371485537649
2024-06-07,10.107543537867087
2024-06-10,9.872770243173717
2024-06-11,9.617592163278422
2024-06-12,9.85214946913537
2024-06-13,9.58397536061739
2024-06-14,9.295017955305877
2024-06-17,9.524486692187155
2024-06-18,9.286892327632449
2024-06-20,9.065899240016424
2024-06-21,8.80517782908349
2024-06-24,8.630304759096251
2024-06-25,8.499788264270006
2024-06-26,8.25511738206223
2024-06-27,8.027036854565047
2024-06-28,7.9320865601681865
2024-07-01,7.73189150891942
2024-07-02,7.937051397986537
2024-07-03,7.8876429653138045
2024-07-05,7.967479771900349
2024-07-08,7.7377650345432665
2024-07-09,7.511552664980312
2024-07-10,8.227909296496772
2024-07-11,8.658856520935771
2024-07-12,8.743853522089811
2024-07-15,8.544474399095051
2024-07-16,8.597286681470825
2024-07-17,9.9812307728148
2024-07-18,10.13145024835332
2024-07-19,10.158736125052377
2024-07-22,10.62621048161183
2024-07-23,10.320561534247027
2024-07-24,13.400596864468268
2024-07-25,13.15019393977651
2024-07-26,13.46503267767144
2024-07-29,13.056833050415348
2024-07-30,12.812217505639989
2024-07-31,13.914483639634764
2024-08-01,14.585995384144548
2024-08-02,15.918296156922054
2024-08-05,19.242460917308065
2024-08-06,18.994485361299677
2024-08-07,18.59955462492813
2024-08-08,20.103720111796182
2024-08-09,19.566226492576888
2024-08-12,18.971260410053574
2024-08-13,19.456231444007873
2024-08-14,18.903233610373537
2024-08-15,19.482407600388118
2024-08-16,18.90895525337423
2024-08-19,18.702606923305098
2024-08-20,18.143886993206223
2024-08-21,17.64165308595544
2024-08-22,17.37646894107608
2024-08-23,17.341160570148627
2024-08-26,16.83847237115164
2024-08-27,16.334220908397246
2024-08-28,15.99762377178044
2024-08-29,15.510310965828522
2024-08-30,15.484938872832041
2024-09-03,17.05208135854628
2024-09-04,16.551787932366203
2024-09-05,16.075462775535154
2024-09-06,16.925556410283928
2024-09-09,16.971417113305126
2024-09-10,16.540960714747712
2024-09-11,16.520845726066355
2024-09-12,16.346266659787805
2024-09-13,15.97720711800462
2024-09-16,15.50110499736553
2024-09-17,15.029717537954458
2024-09-18,14.617544035574875
2024-09-19,15.624990216969767
2024-09-20,15.163922169532393
2024-09-23,14.733963544884329
2024-09-24,14.328245579414084
2024-09-25,13.918253404009706
2024-09-26,13.58167887800398
2024-09-27,13.180012153518689
2024-09-30,12.872768830611525
2024-10-01,12.961859311361737
2024-10-02,12.568060046963451
2024-10-03,12.205945164305666
2024-10-04,12.345827500374119
2024-10-07,12.479754512127466
2024-10-08,12.641093660613627
2024-10-09,12.546444012994144
2024-10-10,12.183278945929887
2024-10-11,12.038103285704278
2024-10-14,12.093467186256442
2024-10-15,12.110995496180418
2024-10-16,11.862536878933643
2024-10-17,11.501204471519632
2024-10-18,11.250321615056091
2024-10-21,10.926294703577785
2024-10-22,10.595451013173815
2024-10-23,10.875136634227516
2024-10-24,10.577250352329125
2024-10-25,10.255902831697789
2024-10-28,10.015636999492255
2024-10-29,9.730851790353789
2024-10-30,9.507684889158421
2024-10-31,12.009806358125113
2024-11-01,11.758550864880272
2024-11-04,11.431133745177165
2024-11-05,12.028027104246814
2024-11-06,15.073383140537148
2024-11-07,14.917926260706832
2024-11-08,14.560797496365193
2024-11-11,14.122072861719346
2024-11-12,13.745198741637541
2024-11-13,13.327802544536056
2024-11-14,13.162981315677971
2024-11-15,13.711186053581804
2024-11-18,13.38824321418669
2024-11-19,13.057690622871096
2024-11-20,12.660586505660948
2024-11-21,12.450175494051868
2024-11-22,12.130722691933828
2024-11-25,11.83465906398278
2024-11-26,11.651451538058355
2024-11-27,11.357970341876273
2024-11-29,11.272186042205616
2024-12-02,10.950954786713421
2024-12-03,10.61887572371756
2024-12-04,10.573016307119321
2024-12-05,10.27090532729442
2024-12-06,9.98520602183943
2024-12-09,9.886987324130509
2024-12-10,9.661961189425256
2024-12-11,9.834584308003802
2024-12-12,9.744288780975653
2024-12-13,9.447753571107306
2024-12-16,9.308569900946786
2024-12-17,9.166666060215446
2024-12-18,14.74459513343859
2024-12-19,14.295914089510736
2024-12-20,14.617251144300075
2024-12-23,14.360846596544597
2024-12-24,14.571675174916773
2024-12-26,14.127786974824144
2024-12-27,14.302124791860576
2024-12-30,14.5668920420867
