Date,GARCH_cond_vol_daily_pct
2010-01-05,0.9698800127514189
2010-01-06,0.9046612252318232
2010-01-07,0.8405198003914903
2010-01-08,0.7999155234268198
2010-01-11,0.7576054758253039
2010-01-12,0.7106215520505457
2010-01-13,0.7617638429347837
2010-01-14,0.7852826878278638
2010-01-15,0.7408417612579352
2010-01-19,0.8234788430780005
2010-01-20,0.9095687607521538
2010-01-21,0.9352628185041596
2010-01-22,1.1557824819125238
2010-01-25,1.386762723730694
2010-01-26,1.2910820852854366
2010-01-27,1.200065874864436
2010-01-28,1.1219352939478169
2010-01-29,1.1307674262291127
2010-02-01,1.1287226761579054
2010-02-02,1.2057299875709069
2010-02-03,1.2079548325874756
2010-02-04,1.130640890996693
2010-02-05,1.6153973431853086
2010-02-08,1.4849611991746237
2010-02-09,1.3937976173007303
2010-02-10,1.3724920963612786
2010-02-11,1.2647354852717054
2010-02-12,1.234687098197446
2010-02-16,1.1380844782536834
2010-02-17,1.216618702728166
2010-02-18,1.1365850328568012
2010-02-19,1.0741102519223429
2010-02-22,0.9958943991814414
2010-02-23,0.9221032312233881
2010-02-24,0.9814425457102489
2010-02-25,0.9777948671380423
2010-02-26,0.9073529101003214
2010-03-01,0.842847031123735
2010-03-02,0.8836214229545591
2010-03-03,0.8283646870273207
2010-03-04,0.772484818571694
2010-03-05,0.7314923207726101
2010-03-08,0.8838199098496566
2010-03-09,0.8213939208534616
2010-03-10,0.7682384244658343
2010-03-11,0.7389627355152744
2010-03-12,0.7110342490548192
2010-03-15,0.6670663300207518
2010-03-16,0.628147318251699
2010-03-17,0.6707025331401602
2010-03-18,0.6727110289109385
2010-03-19,0.6333828775732164
2010-03-22,0.6307100478338268
2010-03-23,0.6317580200097109
2010-03-24,0.6574429127531312
2010-03-25,0.6484415388478699
2010-03-26,0.6149325363547627
2010-03-29,0.5825097386080784
2010-03-30,0.6069079376852131
2010-03-31,0.5755929855746508
2010-04-01,0.5636893874936499
2010-04-05,0.6002147795311886
2010-04-06,0.6524926879417389
2010-04-07,0.6221067541806807
2010-04-08,0.6300243046307027
2010-04-09,0.6106730255743273
2010-04-12,0.6329975357410836
2010-04-13,0.6012077194274953
2010-04-14,0.5707206819795126
2010-04-15,0.7014911847754918
2010-04-16,0.6593798684969464
2010-04-19,0.8854055495391002
2010-04-20,0.8359906202350957
2010-04-21,0.8534437865888139
2010-04-22,0.7973645656782885
2010-04-23,0.7531458213537041
2010-04-26,0.7495651205311223
2010-04-27,0.7169490618188745
2010-04-28,1.1567922281645941
2010-04-29,1.1079185109230696
2010-04-30,1.1320320597199465
2010-05-03,1.2427313123227997
2010-05-04,1.251928904330178
2010-05-05,1.4851807993141495
2010-05-06,1.3846376946921408
2010-05-07,1.8402193738937669
2010-05-10,1.7870280300286663
2010-05-11,2.3576532636939933
2010-05-12,2.1607699801450884
2010-05-13,2.052648949111085
2010-05-14,1.9435272310763319
2010-05-17,1.9204681949330673
2010-05-18,1.7601103945080447
2010-05-19,1.7017094188146489
2010-05-20,1.5772054168651684
2010-05-21,2.094913012338395
2010-05-24,2.0015806802666622
2010-05-25,1.9028101662994352
2010-05-26,1.744392318353919
2010-05-27,1.617498048705233
2010-05-28,1.9706788822770733
2010-06-01,1.8727318090390583
2010-06-02,1.8417180742310475
2010-06-03,1.967934893172011
2010-06-04,1.8082251197907284
2010-06-07,2.174360037033599
2010-06-08,2.0510715614984587
2010-06-09,1.9249691048317186
2010-06-10,1.776637065932731
2010-06-11,1.9845710437904118
2010-06-14,1.828247413566311
2010-06-15,1.677243063742983
2010-06-16,1.7748606450829518
2010-06-17,1.6276667634144646
2010-06-18,1.49521600893543
2010-06-21,1.3743189013126167
2010-06-22,1.269061337374345
2010-06-23,1.3397375689066164
2010-06-24,1.2387542161372906
2010-06-25,1.3169841628291423
2010-06-28,1.2232003983216786
2010-06-29,1.1340401438667729
2010-06-30,1.6177085221383924
2010-07-01,1.5315597670929202
2010-07-02,1.4175630784524509
2010-07-06,1.3208357120036658
2010-07-07,1.242459316290866
2010-07-08,1.6726466620751979
2010-07-09,1.5828417110520336
2010-07-12,1.4823345402174444
2010-07-13,1.3622110250723134
2010-07-14,1.3845862122708086
2010-07-15,1.273348180281801
2010-07-16,1.1726443668942395
2010-07-19,1.5412856374586599
2010-07-20,1.4342883757875524
2010-07-21,1.387937537022027
2010-07-22,1.3761969633733333
2010-07-23,1.5349278221506564
2010-07-26,1.4500831412923323
2010-07-27,1.393639344200265
2010-07-28,1.2815529427671024
2010-07-29,1.2071933054098363
2010-07-30,1.1292082430908552
2010-08-02,1.0423047489048631
2010-08-03,1.303986892193048
2010-08-04,1.2150892082520524
2010-08-05,1.1501249896187595
2010-08-06,1.0619942176803812
2010-08-09,0.9946877170660972
2010-08-10,0.944497139683702
2010-08-11,0.9013499681361498
2010-08-12,1.3767102854820004
2010-08-13,1.2890957150640696
2010-08-16,1.1925064417239566
2010-08-17,1.0996197677890591
2010-08-18,1.1233984704708326
2010-08-19,1.039510539261113
2010-08-20,1.1834872354604606
2010-08-23,1.0987756217656823
2010-08-24,1.0258712745874996
2010-08-25,1.1165528790839387
2010-08-26,1.0420763437490164
2010-08-27,0.9993086868605927
2010-08-30,1.1051658948673322
2010-08-31,1.1712506366446844
2010-09-01,1.0802581859546303
2010-09-02,1.5296784194546702
2010-09-03,1.451455073333272
2010-09-07,1.4270300569625358
2010-09-08,1.3855188457155005
2010-09-09,1.3035802745369995
2010-09-10,1.2135749947378203
2010-09-13,1.1359213848573284
2010-09-14,1.1350231458305082
2010-09-15,1.0478156166693802
2010-09-16,0.9803656785508384
2010-09-17,0.908160484048758
2010-09-20,0.8433328677827472
2010-09-21,0.9861907394229956
2010-09-22,0.9167781036744046
2010-09-23,0.8727105984190693
2010-09-24,0.8723500244143015
2010-09-27,1.1412270006347995
2010-09-28,1.0699308127389258
2010-09-29,0.998292567085225
2010-09-30,0.9267821441483639
2010-10-01,0.8678480246994009
2010-10-04,0.8237522706048059
2010-10-05,0.8227457560681689
2010-10-06,1.0965056002455398
2010-10-07,1.0127659466150274
2010-10-08,0.9384688417049952
2010-10-11,0.8977951793229444
2010-10-12,0.834727103651807
2010-10-13,0.7867727530270239
2010-10-14,0.7952061861082822
2010-10-15,0.7578027891263931
2010-10-18,0.7132063373080744
2010-10-19,0.6963656812777337
2010-10-20,0.8348173359229378
2010-10-21,0.8663484975696254
2010-10-22,0.8103486603878797
2010-10-25,0.7591119948016486
2010-10-26,0.7192806110074068
2010-10-27,0.6744185970451412
2010-10-28,0.6445209005533473
2010-10-29,0.6081637183487676
2010-11-01,0.5768476746432465
2010-11-02,0.5487318761954636
2010-11-03,0.6091532518398612
2010-11-04,0.5981091185061898
2010-11-05,0.9405333089540096
2010-11-08,0.8846969802142075
2010-11-09,0.8254555046561202
2010-11-10,0.8197081475661591
2010-11-11,0.7801472341658602
2010-11-12,0.7435721588768746
2010-11-15,0.8389298563677059
2010-11-16,0.7831230353607602
2010-11-17,0.9571530871741167
2010-11-18,0.8874460542549383
2010-11-19,1.0050985259282257
2010-11-22,0.9366138879127893
2010-11-23,0.8693746462263747
2010-11-24,0.991210368819385
2010-11-26,1.084057158510792
2010-11-29,1.1024362135013064
2010-11-30,1.0250433541100508
2010-12-01,0.9739109330984427
2010-12-02,1.2244267594236842
2010-12-03,1.2343805435604736
2010-12-06,1.1422430142206101
2010-12-07,1.054873028179121
2010-12-08,0.9754663673484666
2010-12-09,0.9150657671094712
2010-12-10,0.8630462093221886
2010-12-13,0.8345355613660704
2010-12-14,0.7776215518898862
2010-12-15,0.7271785601434635
2010-12-16,0.7048442681098279
2010-12-17,0.6995957723884183
2010-12-20,0.6582477916499125
2010-12-21,0.627465862385695
2010-12-22,0.6430623409121888
2010-12-23,0.6190084457912649
2010-12-27,0.5883235693690233
2010-12-28,0.5588557124604938
2010-12-29,0.5357887964234576
2010-12-30,0.5134641870827265
2010-12-31,0.4972326132035298
2011-01-03,0.47931893242603385
2011-01-04,0.6153983263224517
2011-01-05,0.5828444244695691
2011-01-06,0.5901675657759429
2011-01-07,0.5655359722016309
2011-01-10,0.5441776462547085
2011-01-11,0.5223585464289823
2011-01-12,0.5199694651901592
2011-01-13,0.6113823048174122
2011-01-14,0.5824635341139717
2011-01-18,0.6220676659963991
2011-01-19,0.5921031596966104
2011-01-20,0.6826461151166899
2011-01-21,0.6439810202932328
2011-01-24,0.614126954185902
2011-01-25,0.62263271965993
2011-01-26,0.589200742327351
2011-01-27,0.5796728369856583
2011-01-28,0.5595122754090688
2011-01-31,0.8744336879358635
2011-02-01,0.8646587494172382
2011-02-02,1.0182814330003123
2011-02-03,0.9452370745989034
2011-02-04,0.8808463653169928
2011-02-07,0.8262051540736477
2011-02-08,0.8078484419004557
2011-02-09,0.774182289940488
2011-02-10,0.7287489068186741
2011-02-11,0.682967337464766
2011-02-14,0.6834988231462318
2011-02-15,0.649521136037966
2011-02-16,0.6249674885661256
2011-02-17,0.6406535747595862
2011-02-18,0.6159930304100889
2011-02-22,0.5886995541627108
2011-02-23,0.9737898291671798
2011-02-24,0.934184548328179
2011-02-25,0.8669981695208058
2011-02-28,0.9083403257684198
2011-03-01,0.8776668403234599
2011-03-02,1.0501907648156052
2011-03-03,0.9746167480840532
2011-03-04,1.1253543821009377
2011-03-07,1.080094075114474
2011-03-08,1.0449881297622532
2011-03-09,1.025252131940463
2011-03-10,0.9501906638361984
2011-03-11,1.1470946031724771
2011-03-14,1.0926974241159664
2011-03-15,1.0370503160119295
2011-03-16,1.060833295224356
2011-03-17,1.2254289099881175
2011-03-18,1.2420169075879461
2011-03-21,1.1531187698009744
2011-03-22,1.2237999119437857
2011-03-23,1.1360142027698585
2011-03-24,1.054432591287637
2011-03-25,1.044222497832207
2011-03-28,0.9730365452443457
2011-03-29,0.9066013455065142
2011-03-30,0.8820411653148479
2011-03-31,0.8632407678549138
2011-04-01,0.8046865735907625
2011-04-04,0.7686033853506621
2011-04-05,0.7190384623236522
2011-04-06,0.6741965938854891
2011-04-07,0.6463447899012309
2011-04-08,0.6179144142476952
2011-04-11,0.600252205174404
2011-04-12,0.581340316793399
2011-04-13,0.6263605665198811
2011-04-14,0.5921080879165688
2011-04-15,0.5627539066237739
2011-04-18,0.5550336317231805
2011-04-19,0.6905784384305853
2011-04-20,0.6868984804099516
2011-04-21,0.8369111142572524
2011-04-25,0.8046967209566396
2011-04-26,0.7516555733056447
2011-04-27,0.7797740735331422
2011-04-28,0.7719372843608754
2011-04-29,0.732435472327352
2011-05-02,0.692273889338579
2011-05-03,0.6532189533308683
2011-05-04,0.6319150461009093
2011-05-05,0.651819933832263
2011-05-06,0.7109896835759771
2011-05-09,0.6891632783667426
2011-05-10,0.6652612356044139
2011-05-11,0.7100891239325334
2011-05-12,0.7855036712638124
2011-05-13,0.75679647411583
2011-05-16,0.7702971391969264
2011-05-17,0.7620581945784605
2011-05-18,0.7124929871551484
2011-05-19,0.754404900793147
2011-05-20,0.7118230615121699
2011-05-23,0.7377783985104792
2011-05-24,0.8293936701872359
2011-05-25,0.773304064440905
2011-05-26,0.7342631875337708
2011-05-27,0.7110812207363718
2011-05-31,0.6838693432350416
2011-06-01,0.7611454100746596
2011-06-02,1.142257559688693
2011-06-03,1.0548924602058365
2011-06-06,1.0514675063923178
2011-06-07,1.0583475806342164
2011-06-08,0.9786449848387605
2011-06-09,0.9214555512193641
2011-06-10,0.9059093479350525
2011-06-13,1.0055510347638037
2011-06-14,0.9312800433019369
2011-06-15,0.9961240489122971
2011-06-16,1.1613690368081093
2011-06-17,1.0748249134945345
2011-06-20,1.0000911936535528
2011-06-21,0.9473585508749613
2011-06-22,1.0286807281839834
2011-06-23,0.9808421341329768
2011-06-24,0.9155620833238716
2011-06-27,0.9660845026995004
2011-06-28,0.9608444068236297
2011-06-29,1.0262701952306046
2011-06-30,1.006927268080893
2011-07-01,1.004367424360533
2011-07-05,1.0941445841230957
2011-07-06,1.0111460479954613
2011-07-07,0.9369877130863755
2011-07-08,0.9592370292766916
2011-07-11,0.9321245954349889
2011-07-12,1.1237054821081853
2011-07-13,1.05118999850492
2011-07-14,0.9807415902526729
2011-07-15,0.948405711631126
2011-07-18,0.9083467647198347
2011-07-19,0.9034244680662077
2011-07-20,1.0511295194602084
2011-07-21,0.9721234740807694
2011-07-22,1.0510876158351388
2011-07-25,0.9721528307224868
2011-07-26,0.9271438116416995
2011-07-27,0.8727573784013146
2011-07-28,1.1491337828634156
2011-07-29,1.066451177542539
2011-08-01,1.0218899862473259
2011-08-02,0.9602276769476624
2011-08-03,1.3520657206762172
2011-08-04,1.261903887281547
2011-08-05,2.216074624236959
2011-08-08,2.029821599697434
2011-08-09,3.2361034568377645
2011-08-10,3.456500912581041
2011-08-11,3.6248181722795154
2011-08-12,3.735853705259563
2011-08-15,3.4242550130763285
2011-08-16,3.2364969004238815
2011-08-17,2.977883134078282
2011-08-18,2.723092729814901
2011-08-19,3.0346318224654403
2011-08-22,2.849262512629215
2011-08-23,2.605927585109016
2011-08-24,2.7028488888917876
2011-08-25,2.5327740053524557
2011-08-26,2.3948298670001247
2011-08-29,2.264009634558375
2011-08-30,2.353142017802521
2011-08-31,2.1562514696550528
2011-09-01,1.982178253419594
2011-09-02,1.8627233399322671
2011-09-06,1.9878881786677183
2011-09-07,1.8439523395361672
2011-09-08,2.0135691420269604
2011-09-09,1.8898736685530213
2011-09-12,2.022762800898941
2011-09-13,1.8703187754674213
2011-09-14,1.7515818210473826
2011-09-15,1.695022229317497
2011-09-16,1.694426345099796
2011-09-19,1.5717476028987951
2011-09-20,1.4958186259719328
2011-09-21,1.3749674727111407
2011-09-22,1.7269284636025433
2011-09-23,2.0443478787359965
2011-09-26,1.887523326035188
2011-09-27,1.9614736358820644
2011-09-28,1.8497475920737732
2011-09-29,1.879804831540948
2011-09-30,1.7506095768176597
2011-10-03,1.889053571792611
2011-10-04,2.0705491662426576
2011-10-05,2.079484683746349
2011-10-06,2.0367503191064054
2011-10-07,1.9945762986229996
2011-10-10,1.8464006883723465
2011-10-11,2.1305486835116287
2011-10-12,1.9515182190429152
2011-10-13,1.820921490038274
2011-10-14,1.6713061548301584
2011-10-17,1.6721420413006967
2011-10-18,1.7113575676641228
2011-10-19,1.7447661414960471
2011-10-20,1.66729127570461
2011-10-21,1.5394749892192912
2011-10-24,1.5956688840373423
2011-10-25,1.5412470945804906
2011-10-26,1.6124019826565674
2011-10-27,1.5324784761186223
2011-10-28,1.948006581108331
2011-10-31,1.7850586122552203
2011-11-01,1.8974695483993658
2011-11-02,2.0644347056581815
2011-11-03,1.9951576693641584
2011-11-04,1.9611244639964454
2011-11-07,1.8130019756389535
2011-11-08,1.6800469496719392
2011-11-09,1.6209613758242882
2011-11-10,2.097946330095082
2011-11-11,1.956503259147929
2011-11-14,1.936985759816674
2011-11-15,1.8140669315577418
2011-11-16,1.674503930294907
2011-11-17,1.6601491241247617
2011-11-18,1.6482976118535064
2011-11-21,1.5131968275810141
2011-11-22,1.5819028693150423
2011-11-23,1.4605559472041243
2011-11-25,1.6036398482245218
2011-11-28,1.473937312550071
2011-11-29,1.7594262628164183
2011-11-30,1.6174305566308833
2011-12-01,2.1724374408752083
2011-12-02,1.9892550892290854
2011-12-05,1.8228848205372035
2011-12-06,1.7247164215221509
2011-12-07,1.5820868308261016
2011-12-08,1.4598282279317982
2011-12-09,1.6002533178021785
2011-12-12,1.6107617114859198
2011-12-13,1.5876224503806946
2011-12-14,1.5035169317540278
2011-12-15,1.4439135817213617
2011-12-16,1.3346911232252767
2011-12-19,1.2295178085984169
2011-12-20,1.209247091012508
2011-12-21,1.617741934096217
2011-12-22,1.4868163730604487
2011-12-23,1.4093903631248892
2011-12-27,1.3422842088177083
2011-12-28,1.2354062805484851
2011-12-29,1.2512325105295057
2011-12-30,1.2214501868512493
2012-01-03,1.1422058985064332
2012-01-04,1.2237808282644993
2012-01-05,1.1294312087421086
2012-01-06,1.0477151108706773
2012-01-09,0.9740595576581
2012-01-10,0.9074514793280621
2012-01-11,0.9084125379080115
2012-01-12,0.8437001352823277
2012-01-13,0.7910511800638793
2012-01-17,0.7660039275760044
2012-01-18,0.7320161494656627
2012-01-19,0.8106845823212321
2012-01-20,0.7837077461636892
2012-01-23,0.746265499648194
2012-01-24,0.7057309614324264
2012-01-25,0.6638629959624472
2012-01-26,0.7059123492460717
2012-01-27,0.6927001329852585
2012-01-30,0.6510268007406628
2012-01-31,0.6284369646175649
2012-02-01,0.5941202032051474
2012-02-02,0.6598424737603222
2012-02-03,0.6247849764761646
2012-02-06,0.8054411538917622
2012-02-07,0.7516529384225072
2012-02-08,0.710178408008152
2012-02-09,0.6764120288287003
2012-02-10,0.6382576420750876
2012-02-13,0.6694636207111125
2012-02-14,0.6944018900875764
2012-02-15,0.6541609688647468
2012-02-16,0.6434309859599302
2012-02-17,0.7458165774278781
2012-02-21,0.705693485046379
2012-02-22,0.6625391681927716
2012-02-23,0.6368503399774781
2012-02-24,0.6257702072136867
2012-02-27,0.5978353385862069
2012-02-28,0.5708209754481287
2012-02-29,0.5552343687650412
2012-03-01,0.5517879515179004
2012-03-02,0.5645142457781934
2012-03-05,0.5510214509226798
2012-03-06,0.5499901992110457
2012-03-07,0.7819725313289763
2012-03-08,0.7797387244674008
2012-03-09,0.8257911097668535
2012-03-12,0.7842247410552026
2012-03-13,0.7322478348725788
2012-03-14,0.9819310341312217
2012-03-15,0.9104848331258828
2012-03-16,0.8752545765954398
2012-03-19,0.8155029293193755
2012-03-20,0.775605487488514
2012-03-21,0.7335686766425993
2012-03-22,0.6901096483956041
2012-03-23,0.7080873537974922
2012-03-26,0.6764559901532531
2012-03-27,0.8399323094795803
2012-03-28,0.7915642045181819
2012-03-29,0.7642210911880548
2012-03-30,0.7175555854914497
2012-04-02,0.6921549090912362
2012-04-03,0.7106769321368162
2012-04-04,0.6859417395453999
2012-04-05,0.7544623608481069
2012-04-09,0.7059734356074404
2012-04-10,0.7976870088826082
2012-04-11,0.9985837675452168
2012-04-12,0.977357262949418
2012-04-13,1.039415660988506
2012-04-16,1.0701808025313357
2012-04-17,0.9893489767300142
2012-04-18,1.0834198133367468
2012-04-19,1.0097682519380429
2012-04-20,0.9683020485128152
2012-04-23,0.8996446586456787
2012-04-24,0.8991446033664339
2012-04-25,0.8483424632150732
2012-04-26,0.9536668962537819
2012-04-27,0.9253200792537288
2012-04-30,0.8610303033215367
2012-05-01,0.8141243345055891
2012-05-02,0.7971751958906991
2012-05-03,0.7530350849262736
2012-05-04,0.7660688191663212
2012-05-07,0.960834318097123
2012-05-08,0.890993844183214
2012-05-09,0.8427624249854471
2012-05-10,0.8187275788783767
2012-05-11,0.7673609834952363
2012-05-14,0.7269565085026622
2012-05-15,0.8095854503104977
2012-05-16,0.7881304672550807
2012-05-17,0.751011883365285
2012-05-18,0.9159900520387393
2012-05-21,0.9149781695862041
2012-05-22,1.0819486338152957
2012-05-23,1.0019698732578721
2012-05-24,0.9277790092040807
2012-05-25,0.8642800268567359
2012-05-29,0.8139466328003698
2012-05-30,0.8944199968527318
2012-05-31,1.0103623141858022
2012-06-01,0.9391095234684947
2012-06-04,1.3283196894371925
2012-06-05,1.2225046562105466
2012-06-06,1.1650078234189434
2012-06-07,1.3851051016868068
2012-06-08,1.274036331522934
2012-06-11,1.213868770541925
2012-06-12,1.2264885016327143
2012-06-13,1.2162552769694732
2012-06-14,1.148989709105048
2012-06-15,1.138373732149767
2012-06-18,1.12420568742167
2012-06-19,1.040553696408064
2012-06-20,1.03410410476198
2012-06-21,0.9586159349526056
2012-06-22,1.2594460614582672
2012-06-25,1.1986160211768841
2012-06-26,1.2748405952695425
2012-06-27,1.1903914966489337
2012-06-28,1.1529391735299181
2012-06-29,1.069634011343536
2012-07-02,1.3837918079629645
2012-07-03,1.2781093089024462
2012-07-05,1.2049470075135935
2012-07-06,1.1248671357719755
2012-07-09,1.1041913488981512
2012-07-10,1.0208910973355716
2012-07-11,1.0054352394897235
2012-07-12,0.9306840890363757
2012-07-13,0.8843084923201623
2012-07-16,1.050527542601361
2012-07-17,0.9757175748685433
2012-07-18,0.9431462030986532
2012-07-19,0.9215321109578694
2012-07-20,0.8613820578197446
2012-07-23,0.879008909928723
2012-07-24,0.9095979666204136
2012-07-25,0.9100629464619425
2012-07-26,0.8449585047826648
2012-07-27,1.0162808800462857
2012-07-30,1.1834198484263005
2012-07-31,1.091256211979089
2012-08-01,1.045146828771402
2012-08-02,0.9670487578415833
2012-08-03,0.9366370256138118
2012-08-06,1.1625025722800424
2012-08-07,1.075051145103521
2012-08-08,1.0126935233108512
2012-08-09,0.938410126305418
2012-08-10,0.8710211317619153
2012-08-13,0.8124365828150055
2012-08-14,0.7576964993912831
2012-08-15,0.7086025534604488
2012-08-16,0.6663976570456542
2012-08-17,0.6908828282320434
2012-08-20,0.651294805643638
2012-08-21,0.6141193403417534
2012-08-22,0.5933927472984223
2012-08-23,0.5633333018411338
2012-08-24,0.6264333429582025
2012-08-27,0.6378042924081838
2012-08-28,0.6022543491235567
2012-08-29,0.5722006208364132
2012-08-30,0.5453573109120634
2012-08-31,0.5936519866431998
2012-09-04,0.5935823122317135
2012-09-05,0.5644184172537832
2012-09-06,0.538727522996912
2012-09-07,0.9434066489064172
2012-09-10,0.8881244006190269
2012-09-11,0.8551128272549691
2012-09-12,0.8031308498050034
2012-09-13,0.7604902376581247
2012-09-14,0.9269997813549344
2012-09-17,0.8775457566365867
2012-09-18,0.8266353466917076
2012-09-19,0.7708139724429286
2012-09-20,0.7205952382206243
2012-09-21,0.6755600049670588
2012-09-24,0.6357983076167206
2012-09-25,0.6033546138188282
2012-09-26,0.709973626521527
2012-09-27,0.7020421236275007
2012-09-28,0.7552481315947858
2012-10-01,0.7296224189673759
2012-10-02,0.6914017264532829
2012-10-03,0.6509111646109251
2012-10-04,0.6343552293164045
2012-10-05,0.661735443355025
2012-10-08,0.6233522437144646
2012-10-09,0.6046677808446711
2012-10-10,0.6935926264787445
2012-10-11,0.6985010893680229
2012-10-12,0.6562952681256822
2012-10-15,0.6318736347150866
2012-10-16,0.6802682719481853
2012-10-17,0.7526794613226718
2012-10-18,0.7262503780235816
2012-10-19,0.6882362636640474
2012-10-22,0.924788456376902
2012-10-23,0.8581533290020635
2012-10-24,0.9692358922131047
2012-10-25,0.9049716187669513
2012-10-26,0.8480657565172076
2012-10-31,0.7896366089072607
2012-11-01,0.7370737723399279
2012-11-02,0.802627426385566
2012-11-05,0.8269867848976875
2012-11-06,0.7746475549479239
2012-11-07,0.785959637158456
2012-11-08,1.1624956623218237
2012-11-09,1.1731581891144027
2012-11-12,1.0825218773813436
2012-11-13,1.0006331749523496
2012-11-14,0.9363876905200933
2012-11-15,1.019858304551764
2012-11-16,0.9460022314807734
2012-11-19,0.8983322509277167
2012-11-20,1.1477033678534392
2012-11-21,1.0591198221279303
2012-11-23,0.9817847018030185
2012-11-26,1.0536984622117136
2012-11-27,0.9777281464972984
2012-11-28,0.9278239024271885
2012-11-29,0.9168308607370224
2012-11-30,0.8704631331700776
2012-12-03,0.8094320601059241
2012-12-04,0.7793324399531457
2012-12-05,0.7299993983654214
2012-12-06,0.6874446843021318
2012-12-07,0.6597057298038992
2012-12-10,0.6328249848613674
2012-12-11,0.5980321107271744
2012-12-12,0.6268105411432823
2012-12-13,0.592807951198581
2012-12-14,0.6123865630571164
2012-12-17,0.5979873773601277
2012-12-18,0.729929109789343
2012-12-19,0.8106321239341481
2012-12-20,0.8107373083133499
2012-12-21,0.7888674641074271
2012-12-24,0.8190691036979354
2012-12-26,0.7729654681877235
2012-12-27,0.7410594142784251
2012-12-28,0.6957634751149402
2012-12-31,0.7808588634313913
2013-01-02,0.985476995270775
2013-01-03,1.3504682130000518
2013-01-04,1.2456104009517603
2013-01-07,1.160365969648559
2013-01-08,1.0758209031869275
2013-01-09,1.000536457169512
2013-01-10,0.9316214368944008
2013-01-11,0.9186750938184659
2013-01-14,0.8526495345950446
2013-01-15,0.7938788890272254
2013-01-16,0.741344588128815
2013-01-17,0.6940354233463527
2013-01-18,0.699429255057129
2013-01-22,0.662569222624782
2013-01-23,0.658969846154523
2013-01-24,0.6241120559324289
2013-01-25,0.5902122915161089
2013-01-28,0.6021219531386043
2013-01-29,0.572703258824947
2013-01-30,0.5663695977541826
2013-01-31,0.5610361142204846
2013-02-01,0.543468597912855
2013-02-04,0.6571050271717644
2013-02-05,0.7623241731359094
2013-02-06,0.8149246445523336
2013-02-07,0.7602076912125092
2013-02-08,0.7127239940588209
2013-02-11,0.7032813048294523
2013-02-12,0.6602175918887218
2013-02-13,0.6253624583609745
2013-02-14,0.592175565873632
2013-02-15,0.5631807633806554
2013-02-19,0.538615371321926
2013-02-20,0.5929742536058842
2013-02-21,0.7482885622902783
2013-02-22,0.7401392226458128
2013-02-25,0.7915023645539244
2013-02-26,1.0566920513798999
2013-02-27,1.0130329719675102
2013-02-28,1.0589575737939223
2013-03-01,0.9819744182369748
2013-03-04,0.9187193579242733
2013-03-05,0.8778972726861016
2013-03-06,0.8882510359867954
2013-03-07,0.8270713976366922
2013-03-08,0.7738167866210947
2013-03-11,0.7420729942890387
2013-03-12,0.710460270800803
2013-03-13,0.6723732582311873
2013-03-14,0.6351960328935453
2013-03-15,0.6352111355272216
2013-03-18,0.6021560403782374
2013-03-19,0.610875700506075
2013-03-20,0.5856473273323034
2013-03-21,0.620013403904415
2013-03-22,0.6766529821373789
2013-03-25,0.7101021825661029
2013-03-26,0.686276666813189
2013-03-27,0.717220046699715
2013-03-28,0.6725543989261153
2013-04-01,0.6443278184399206
2013-04-02,0.627636752686156
2013-04-03,0.6240141562099588
2013-04-04,0.7133024919023703
2013-04-05,0.6877772500456039
2013-04-08,0.6702163733898958
2013-04-09,0.6843492751752751
2013-04-10,0.6575361756426082
2013-04-11,0.783069292970889
2013-04-12,0.7424510724095031
2013-04-15,0.7016645783387263
2013-04-16,1.1332621396706493
2013-04-17,1.194231772756381
2013-04-18,1.243947227453546
2013-04-19,1.1722469491524357
2013-04-22,1.133487639320934
2013-04-23,1.0605404897665611
2013-04-24,1.0600740004399114
2013-04-25,0.9802142319815589
2013-04-26,0.9218054425797363
2013-04-29,0.8582782908580687
2013-04-30,0.8405362231572144
2013-05-01,0.7881724963653944
2013-05-02,0.8132113226993589
2013-05-03,0.8408151015786284
2013-05-06,0.8776753208426507
2013-05-07,0.8219337501866144
2013-05-08,0.7913333054716895
2013-05-09,0.7598703032778964
2013-05-10,0.7191243364904906
2013-05-13,0.6862495705645503
2013-05-14,0.6458169372559355
2013-05-15,0.7312360828580127
2013-05-16,0.7168651183709106
2013-05-17,0.6972603049003354
2013-05-20,0.7564865022851733
2013-05-21,0.7075062214884967
2013-05-22,0.666323819342035
2013-05-23,0.6923655293156437
2013-05-24,0.6603916291363091
2013-05-28,0.6230467989879803
2013-05-29,0.634249843556692
2013-05-30,0.6515655259731006
2013-05-31,0.6312201432800433
2013-06-03,0.8239641605325707
2013-06-04,0.7975456780687845
2013-06-05,0.7678900641030288
2013-06-06,0.9069693238677731
2013-06-07,0.9136991636164647
2013-06-10,0.9831312364789296
2013-06-11,0.9105888989057868
2013-06-12,0.9386124322341088
2013-06-13,0.929905651453281
2013-06-14,1.0472547227209503
2013-06-17,0.9994655705950226
2013-06-18,0.9734901746467978
2013-06-19,0.9536048267006335
2013-06-20,1.039667410952238
2013-06-21,1.3777940726142355
2013-06-24,1.2734402546968662
2013-06-25,1.2748826730886007
2013-06-26,1.2328279662717936
2013-06-27,1.200209101163627
2013-06-28,1.13012465938204
2013-07-01,1.0555336832478754
2013-07-02,1.0024955405624036
2013-07-03,0.9287399713806138
2013-07-05,0.8618546395606076
2013-07-08,0.9059884896303292
2013-07-09,0.8704934339155257
2013-07-10,0.8571604276440674
2013-07-11,0.7975970967663614
2013-07-12,0.9148369243392235
2013-07-15,0.849357793939673
2013-07-16,0.8045820752907373
2013-07-17,0.7648062617537782
2013-07-18,0.7219921269472911
2013-07-19,0.7100812841473931
2013-07-22,0.6698594818014649
2013-07-23,0.635179335879269
2013-07-24,0.6056823166151533
2013-07-25,0.5917828644524705
2013-07-26,0.5697461287057369
2013-07-29,0.5439653185246717
2013-07-30,0.533747784038828
2013-07-31,0.5109162216584089
2013-08-01,0.491873534465729
2013-08-02,0.6553874572192783
2013-08-05,0.6213300182793097
2013-08-06,0.5904788342881978
2013-08-07,0.6036756145430774
2013-08-08,0.5861910772652605
2013-08-09,0.5750512238750773
2013-08-12,0.5586774129602603
2013-08-13,0.5346925001170538
2013-08-14,0.5247463400262612
2013-08-15,0.5422256728294881
2013-08-16,0.758617832870882
2013-08-19,0.7212560219475234
2013-08-20,0.7216507032519388
2013-08-21,0.7034516529896203
2013-08-22,0.7036264807382919
2013-08-23,0.750726395437339
2013-08-26,0.71474373599879
2013-08-27,0.686199459296205
2013-08-28,0.9070639627385135
2013-08-29,0.8536821950522226
2013-08-30,0.7967942218615455
2013-09-03,0.753863206828629
2013-09-04,0.7271496787838151
2013-09-05,0.7545119745719318
2013-09-06,0.7074977861511114
2013-09-09,0.6641865846640647
2013-09-10,0.7292301328144
2013-09-11,0.742172702944377
2013-09-12,0.7056034858736527
2013-09-13,0.6704493606410941
2013-09-16,0.6372149482298268
2013-09-17,0.6430684475563737
2013-09-18,0.6316050943461
2013-09-19,0.7489507097319685
2013-09-20,0.7038863198329911
2013-09-23,0.7160189313561685
2013-09-24,0.6958234909253602
2013-09-25,0.6600935767869842
2013-09-26,0.6322274440561494
2013-09-27,0.6160543396520851
2013-09-30,0.6105286528350391
2013-10-01,0.6151514991726512
2013-10-02,0.6596634042578323
2013-10-03,0.6226254403106702
2013-10-04,0.6924146035315286
2013-10-07,0.7150780863333521
2013-10-08,0.7525942692406725
2013-10-09,0.8413983466841843
2013-10-10,0.7838720314281804
2013-10-11,1.1133077360630572
2013-10-14,1.0585036050219536
2013-10-15,0.9909607853373761
2013-10-16,0.9612700456358179
2013-10-17,1.0446521398173436
2013-10-18,1.0008877687431743
2013-10-21,0.9636524446109687
2013-10-22,0.8930686355105837
2013-10-23,0.8601887960249561
2013-10-24,0.8221513796653637
2013-10-25,0.7771584843047354
2013-10-28,0.7477344804623305
2013-10-29,0.7024943556710795
2013-10-30,0.6918696198172211
2013-10-31,0.6789086684877728
2013-11-01,0.6482491058647007
2013-11-04,0.6185832234416502
2013-11-05,0.6013281865889439
2013-11-06,0.5835504076474602
2013-11-07,0.5895222730093679
2013-11-08,0.7507983528181097
2013-11-11,0.878190387894179
2013-11-12,0.8163440959502951
2013-11-13,0.7651241583922188
2013-11-14,0.7812347754540676
2013-11-15,0.7553751530667139
2013-11-18,0.7268533556107587
2013-11-19,0.6949302846501123
2013-11-20,0.6583453016353374
2013-11-21,0.6324665929264996
2013-11-22,0.6759378483783651
2013-11-25,0.6655140848230228
2013-11-26,0.6279137601231267
2013-11-27,0.5935701890945598
2013-11-29,0.5713071952192994
2013-12-02,0.5443421941649864
2013-12-03,0.5301009123973989
2013-12-04,0.5355415380090166
2013-12-05,0.5124970041730491
2013-12-06,0.5220337586054381
2013-12-09,0.6646943196382529
2013-12-10,0.6338801205406354
2013-12-11,0.6151564764207104
2013-12-12,0.7323284799980109
2013-12-13,0.6982061219547884
2013-12-16,0.6556815613316268
2013-12-17,0.6645510017565366
2013-12-18,0.638260113315242
2013-12-19,0.8980142203385016
2013-12-20,0.8353384803119
2013-12-23,0.8106892961862296
2013-12-24,0.7843963552586894
2013-12-26,0.7374368321702018
2013-12-27,0.7187650232597838
2013-12-30,0.6739310907979297
2013-12-31,0.6341752584175937
2014-01-02,0.6271177338536359
2014-01-03,0.7034405419883353
2014-01-06,0.6603446977311088
2014-01-07,0.6325003343609155
2014-01-08,0.6442147821066274
2014-01-09,0.6079177082148604
2014-01-10,0.576429281728044
2014-01-13,0.5585406866194221
2014-01-14,0.7490895293593598
2014-01-15,0.8203792767054021
2014-01-16,0.7932357556973768
2014-01-17,0.7420538721718152
2014-01-21,0.7143685595883476
2014-01-22,0.6799016826127269
2014-01-23,0.6399457357617393
2014-01-24,0.6852880778427872
2014-01-27,1.065132008448245
2014-01-28,1.0033831756795701
2014-01-29,0.9577226667364396
2014-01-30,0.9654898476149416
2014-01-31,0.9861668440148709
2014-02-03,0.942104866496043
2014-02-04,1.2509321341175983
2014-02-05,1.1845631317287513
2014-02-06,1.0934041054109847
2014-02-07,1.1338036382069276
2014-02-10,1.1531657653532712
2014-02-11,1.0663636110099284
2014-02-12,1.0745272880223165
2014-02-13,0.9931223327311458
2014-02-14,0.9416210565586199
2014-02-18,0.8996879264715208
2014-02-19,0.8369213265312659
2014-02-20,0.8219903764746016
2014-02-21,0.8001761865032387
2014-02-24,0.7478354000951342
2014-02-25,0.7328369145392195
2014-02-26,0.6866039447202023
2014-02-27,0.6453774825577229
2014-02-28,0.6427357077480953
2014-03-03,0.6146345435969179
2014-03-04,0.6445827815511261
2014-03-05,0.8192883917953796
2014-03-06,0.7644020195248888
2014-03-07,0.7201982739598343
2014-03-10,0.6754088037410058
2014-03-11,0.6357950452917412
2014-03-12,0.6312608546402533
2014-03-13,0.5965148035212701
2014-03-14,0.7189359291213493
2014-03-17,0.6830911687735333
2014-03-18,0.7334030692766111
2014-03-19,0.7417190585916545
2014-03-20,0.725454855521201
2014-03-21,0.7174124776407953
2014-03-24,0.6898727259651971
2014-03-25,0.6684422633119849
2014-03-26,0.6562561854682416
2014-03-27,0.6805495561793767
2014-03-28,0.6453672521634036
2014-03-31,0.6388574003212514
2014-04-01,0.6832139435970201
2014-04-02,0.6929715878146852
2014-04-03,0.6641468048066541
2014-04-04,0.6276447612664723
2014-04-07,0.7554549656923454
2014-04-08,0.8308428446896124
2014-04-09,0.7906478556888702
2014-04-10,0.8494042252898011
2014-04-11,1.1498238025912544
2014-04-14,1.1190091871954586
2014-04-15,1.0781906426666037
2014-04-16,1.0321619076861892
2014-04-17,1.0390367207340854
2014-04-21,0.9625013290838493
2014-04-22,0.9024762632470081
2014-04-23,0.856869806847754
2014-04-24,0.8025260574371833
2014-04-25,0.7528124187384884
2014-04-28,0.7750994598237541
2014-04-29,0.734704206753874
2014-04-30,0.711937471071943
2014-05-01,0.6780524528276579
2014-05-02,0.6378077484795156
2014-05-05,0.6048372386266971
2014-05-06,0.5780610080556667
2014-05-07,0.6483227007072608
2014-05-08,0.6536521372531133
2014-05-09,0.6176192474275702
2014-05-12,0.5873309438254964
2014-05-13,0.6755059312106958
2014-05-14,0.6365135357356033
2014-05-15,0.6294172895801541
2014-05-16,0.6885288529340776
2014-05-19,0.6612544790306296
2014-05-20,0.6393575851280171
2014-05-21,0.6528232492862432
2014-05-22,0.6983316499538342
2014-05-23,0.6627020260596957
2014-05-27,0.6437288051345139
2014-05-28,0.6534978437443385
2014-05-29,0.6167322886518959
2014-05-30,0.6178848857693178
2014-06-02,0.5880530038628315
2014-06-03,0.5601989829241145
2014-06-04,0.5343859327679269
2014-06-05,0.5176096391270913
2014-06-06,0.5588123656352832
2014-06-09,0.5648667660837623
2014-06-10,0.5395814507017643
2014-06-11,0.5160138246529186
2014-06-12,0.5140820784418755
2014-06-13,0.5674057827249803
2014-06-16,0.5534035964645587
2014-06-17,0.5290518943219953
2014-06-18,0.5184527745717693
2014-06-19,0.5747541646357381
2014-06-20,0.5485096756872035
2014-06-23,0.529823624685441
2014-06-24,0.5076434033230521
2014-06-25,0.5430037881722591
2014-06-26,0.5484443319039256
2014-06-27,0.5244834068426735
2014-06-30,0.508625994372641
2014-07-01,0.4895034975900364
2014-07-02,0.5404973408976667
2014-07-03,0.5183357229610592
2014-07-07,0.5336198940228456
2014-07-08,0.5289002741809441
2014-07-09,0.5666726692245587
2014-07-10,0.5676270579411017
2014-07-11,0.5625414329160848
2014-07-14,0.5387638773924708
2014-07-15,0.5518571179082301
2014-07-16,0.5318393456277002
2014-07-17,0.5295768740695107
2014-07-18,0.6778465903112891
2014-07-21,0.7526376934066472
2014-07-22,0.707916847180647
2014-07-23,0.6859517632613565
2014-07-24,0.6506650916000232
2014-07-25,0.6135597663429331
2014-07-28,0.6094425789835136
2014-07-29,0.5774177785581868
2014-07-30,0.5746074404098601
2014-07-31,0.5466408860263201
2014-08-01,0.9423686955097107
2014-08-04,0.882180421455046
2014-08-05,0.8673583943488954
2014-08-06,0.8930141136453884
2014-08-07,0.8297033568432227
2014-08-08,0.8018466258351152
2014-08-11,0.874158796404878
2014-08-12,0.8206319429138583
2014-08-13,0.7667347335335765
2014-08-14,0.7641745074833273
2014-08-15,0.7379903507872494
2014-08-18,0.6910754955231779
2014-08-19,0.7275611753610721
2014-08-20,0.7118257430029775
2014-08-21,0.6759546427822888
2014-08-22,0.6461649956883303
2014-08-25,0.6126414473887952
2014-08-26,0.6131748443040522
2014-08-27,0.5810449310462746
2014-08-28,0.5524744176412514
2014-08-29,0.5276889890883747
2014-09-02,0.5178658982582256
2014-09-03,0.4974927823478102
2014-09-04,0.479937201010614
2014-09-05,0.46777548342031927
2014-09-08,0.48691337716549815
2014-09-09,0.4812085057900039
2014-09-10,0.5281965394013461
2014-09-11,0.5272001835395692
2014-09-12,0.5072340120263268
2014-09-15,0.5395493997585123
2014-09-16,0.5168211364251593
2014-09-17,0.5774661457355716
2014-09-18,0.5516588631534097
2014-09-19,0.56652394121952
2014-09-22,0.5406936164968206
2014-09-23,0.6001917711866533
2014-09-24,0.6122200723023862
2014-09-25,0.655768413724604
2014-09-26,0.8895758099336043
2014-09-29,0.8831982150282872
2014-09-30,0.8239258586190762
2014-10-01,0.7746871350916469
2014-10-02,0.900979460366676
2014-10-03,0.8367815698784041
2014-10-06,0.8903032317529606
2014-10-07,0.8284620148063234
2014-10-08,0.9848835745843803
2014-10-09,1.138889648380794
2014-10-10,1.313557394868354
2014-10-13,1.290556682386379
2014-10-14,1.3550420925525104
2014-10-15,1.2480546803798116
2014-10-16,1.1803064793903164
2014-10-17,1.0889656382304662
2014-10-20,1.1068872477646072
2014-10-21,1.090499129149655
2014-10-22,1.2688599885618772
2014-10-23,1.2017639680467571
2014-10-24,1.1974737963667328
2014-10-27,1.1443891855546289
2014-10-28,1.057376006868639
2014-10-29,1.075484149221946
2014-10-30,0.9955755847806417
2014-10-31,0.9554347951173219
2014-11-03,0.9921752184779903
2014-11-04,0.9189787400261868
2014-11-05,0.8638001443257107
2014-11-06,0.8407156591967377
2014-11-07,0.7983573004162683
2014-11-10,0.7457693772158698
2014-11-11,0.7088121739351052
2014-11-12,0.6662000003255724
2014-11-13,0.6287284843262241
2014-11-14,0.595840654376953
2014-11-17,0.5653197751125542
2014-11-18,0.5390566413887449
2014-11-19,0.5630748350113195
2014-11-20,0.5402185965481189
2014-11-21,0.5211312421531462
2014-11-24,0.5422125701541033
2014-11-25,0.529881203053061
2014-11-26,0.5083491091983436
2014-11-28,0.4990798903399027
2014-12-01,0.48801080095318505
2014-12-02,0.5452758184528664
2014-12-03,0.5793311274099437
2014-12-04,0.5712413163355576
2014-12-05,0.5453990030824253
2014-12-08,0.5250286230673361
2014-12-09,0.5682336059395443
2014-12-10,0.5416827861052592
2014-12-11,0.8198600445383015
2014-12-12,0.7895480547888192
2014-12-15,0.9766419740738894
2014-12-16,0.9444970184082696
2014-12-17,0.9313379824054582
2014-12-18,1.1530973249098035
2014-12-19,1.4334717821648082
2014-12-22,1.328195321002719
2014-12-23,1.2355124434343312
2014-12-24,1.1395941591612115
2014-12-26,1.051666242405638
2014-12-29,0.9805283322191565
2014-12-30,0.9097803691544131
2014-12-31,0.8707605015574197
2015-01-02,0.8996713315255684
2015-01-05,0.8358504791779997
2015-01-06,1.0581461487747397
2015-01-07,1.04658467464362
2015-01-08,1.0834022413287514
2015-01-09,1.2167420664734976
2015-01-12,1.1651770758536197
2015-01-13,1.1183883413480504
2015-01-14,1.0384376258153274
2015-01-15,0.9894876921717505
2015-01-16,0.9852038796192448
2015-01-20,1.0464960136111439
2015-01-21,0.9712792356402696
2015-01-22,0.9214539746399071
2015-01-23,1.0336118835216328
2015-01-26,0.9801934347915531
2015-01-27,0.9125931184549573
2015-01-28,0.9952082721754799
2015-01-29,1.0520480771231697
2015-01-30,1.0378005632948821
2015-02-02,1.0811895740817858
2015-02-03,1.1100542975258492
2015-02-04,1.1702444096387652
2015-02-05,1.0897303024405902
2015-02-06,1.0813975934744073
2015-02-09,1.0050487826104229
2015-02-10,0.9469021924449196
2015-02-11,0.9719102414443466
2015-02-12,0.9007825720559646
2015-02-13,0.9173625327753937
2015-02-17,0.866661398949244
2015-02-18,0.8083490811118202
2015-02-19,0.7537998188369176
2015-02-20,0.7056667656695416
2015-02-23,0.7028444889096358
2015-02-24,0.6598077741251128
2015-02-25,0.6315767309659575
2015-02-26,0.5976373906317287
2015-02-27,0.5687194190502237
2015-03-02,0.5578347651267215
2015-03-03,0.5867058198786668
2015-03-04,0.5802191772761585
2015-03-05,0.5760127022058633
2015-03-06,0.5495253432186136
2015-03-09,0.765266280855426
2015-03-10,0.7335934537829869
2015-03-11,0.9412184807482509
2015-03-12,0.877754939522742
2015-03-13,0.9553205635644741
2015-03-16,0.9180235804297247
2015-03-17,0.999240756676328
2015-03-18,0.9324670948256099
2015-03-19,0.9844660502741538
2015-03-20,0.9293506044412472
2015-03-23,0.9289303701748488
2015-03-24,0.8652642426787057
2015-03-25,0.8346882481116589
2015-03-26,0.9702458670998616
2015-03-27,0.9038725574380557
2015-03-30,0.8441616606414452
2015-03-31,0.919228299744364
2015-04-01,0.9203473171898757
2015-04-02,0.8654376277709245
2015-04-06,0.8171845461595337
2015-04-07,0.8061200146032214
2015-04-08,0.7589883427346589
2015-04-09,0.7220118656419879
2015-04-10,0.6987218710280347
2015-04-13,0.6901578704383984
2015-04-14,0.6725889980944086
2015-04-15,0.6374028825563973
2015-04-16,0.627071557196944
2015-04-17,0.5928335889993471
2015-04-20,0.723592580304818
2015-04-21,0.7667711358649156
2015-04-22,0.7182021670626773
2015-04-23,0.7004818001404827
2015-04-24,0.6650733753349644
2015-04-27,0.6328999781876735
2015-04-28,0.6199197633163515
2015-04-29,0.5995608442897529
2015-04-30,0.5911799893790305
2015-05-01,0.6868608502218658
2015-05-04,0.7724388074617319
2015-05-05,0.7303382576701462
2015-05-06,0.8205925241656863
2015-05-07,0.7817558561298611
2015-05-08,0.7466428123543732
2015-05-11,0.867689535726614
2015-05-12,0.8285512207745631
2015-05-13,0.7807972292854738
2015-05-14,0.7292214705570629
2015-05-15,0.7957784756702725
2015-05-18,0.7437800981304561
2015-05-19,0.7067919516020768
2015-05-20,0.6634153127249989
2015-05-21,0.6254460268627232
2015-05-22,0.6022559172013473
2015-05-26,0.578575339283031
2015-05-27,0.6952334290881395
2015-05-28,0.7513385720423985
2015-05-29,0.7043168684329085
2015-06-01,0.7050673186770551
2015-06-02,0.6665761390487529
2015-06-03,0.6288447104077316
2015-06-04,0.6033347068008857
2015-06-05,0.6620266276870396
2015-06-08,0.6272411387043072
2015-06-09,0.6405927271521408
2015-06-10,0.6046848229891972
2015-06-11,0.7404176580642305
2015-06-12,0.7046502611367323
2015-06-15,0.7271678177334883
2015-06-16,0.7020259659490211
2015-06-17,0.6928827715402788
2015-06-18,0.6540368921368845
2015-06-19,0.7387073255790378
2015-06-22,0.713459738838446
2015-06-23,0.6987444827717789
2015-06-24,0.6567344593695377
2015-06-25,0.6820984743711505
2015-06-26,0.6524642832133498
2015-06-29,0.6151927249000204
2015-06-30,1.016768399492929
2015-07-01,0.944459176962979
2015-07-02,0.930400547251694
2015-07-06,0.8639290971163875
2015-07-07,0.8113142462919315
2015-07-08,0.795613047316803
2015-07-09,0.9969954496688648
2015-07-10,0.9258001070740712
2015-07-13,0.9900260537969618
2015-07-14,1.0133560147653684
2015-07-15,0.9531268367740895
2015-07-16,0.8836979494556999
2015-07-17,0.8793604853680326
2015-07-20,0.8180454008165519
2015-07-21,0.7627307810319277
2015-07-22,0.7298749395324201
2015-07-23,0.6874453646995379
2015-07-24,0.6832108753200515
2015-07-27,0.7620944301078463
2015-07-28,0.7485363856815488
2015-07-29,0.849188159438247
2015-07-30,0.8350555351240239
2015-07-31,0.7777321825632625
2015-08-03,0.7289002806063566
2015-08-04,0.695749796866942
2015-08-05,0.6579995885957964
2015-08-06,0.6334009515533972
2015-08-07,0.6801034579873039
2015-08-10,0.6440604882481853
2015-08-11,0.7821895879509548
2015-08-12,0.8127844701200253
2015-08-13,0.7592175671489002
2015-08-14,0.711623630195862
2015-08-17,0.6827228116247336
2015-08-18,0.6782996684091015
2015-08-19,0.6481330770650772
2015-08-20,0.6864099874252211
2015-08-21,1.051247964509869
2015-08-24,1.545889746233857
2015-08-25,2.2086478163381424
2015-08-26,2.075109070555417
2015-08-27,2.410019439706481
2015-08-28,2.4058335044296264
2015-08-31,2.2017480012939146
2015-09-01,2.041015851550445
2015-09-02,2.217198826313373
2015-09-03,2.1605014115266528
2015-09-04,1.9785816359037294
2015-09-08,1.9095221777145648
2015-09-09,2.003891053606361
2015-09-10,1.9106941107821396
2015-09-11,1.7640604801722255
2015-09-14,1.6275892121936535
2015-09-15,1.500947277959103
2015-09-16,1.4628485254235768
2015-09-17,1.3864791069498648
2015-09-18,1.2781264684346052
2015-09-21,1.3435381647660913
2015-09-22,1.2526636920933119
2015-09-23,1.2631187423185846
2015-09-24,1.1650380474506354
2015-09-25,1.0840466730494147
2015-09-28,1.0015708658447384
2015-09-29,1.3634685636301587
2015-09-30,1.2544178844585017
2015-10-01,1.3651869342287826
2015-10-02,1.259939129787926
2015-10-05,1.2987503261251965
2015-10-06,1.3822762277202187
2015-10-07,1.2783969044386434
2015-10-08,1.220105437117287
2015-10-09,1.1786601939100763
2015-10-12,1.0872071342329046
2015-10-13,1.0050553496210024
2015-10-14,0.962979582333422
2015-10-15,0.9122539950880629
2015-10-16,1.0374827377293239
2015-10-19,0.9759794525214328
2015-10-20,0.9043610838822435
2015-10-21,0.8413006208375569
2015-10-22,0.82061498653409
2015-10-23,1.0094552434191124
2015-10-26,1.0279784784673713
2015-10-27,0.9558829305868037
2015-10-28,0.8893381712850025
2015-10-29,0.938446952603435
2015-10-30,0.8706999757689708
2015-11-02,0.8272305979443859
2015-11-03,0.8988426322906407
2015-11-04,0.8425743737033606
2015-11-05,0.7934557983515007
2015-11-06,0.7415256958676648
2015-11-09,0.6944810461109281
2015-11-10,0.7493667637253255
2015-11-11,0.7069921236873644
2015-11-12,0.681318463310423
2015-11-13,0.8462818372679625
2015-11-16,0.9042973674127431
2015-11-17,1.0283581722161397
2015-11-18,0.9517454656996828
2015-11-19,1.0779029472727921
2015-11-20,0.9965550766428527
2015-11-23,0.9336983585733528
2015-11-24,0.8673147776106362
2015-11-25,0.8082841087427445
2015-11-27,0.7537534424650946
2015-11-30,0.7065052641698859
2015-12-01,0.6829241907159401
2015-12-02,0.7427169839876732
2015-12-03,0.8038082243865962
2015-12-04,0.9325798267457691
2015-12-07,1.1513307997270392
2015-12-08,1.088819731120735
2015-12-09,1.0401912690361081
2015-12-10,1.0098229286916733
2015-12-11,0.9400977985932378
2015-12-14,1.1630502581901982
2015-12-15,1.0910042650243401
2015-12-16,1.088277442957306
2015-12-17,1.1563381400460189
2015-12-18,1.2258809147067793
2015-12-21,1.3326392778293203
2015-12-22,1.26813028445904
2015-12-23,1.220716498345621
2015-12-24,1.2246979398489408
2015-12-28,1.1304463562559441
2015-12-29,1.04727009270965
2015-12-30,1.0545267543554806
2015-12-31,1.0142419396333395
2016-01-04,1.018489630117917
2016-01-05,1.0930436963320522
2016-01-06,1.0118217894541626
2016-01-07,1.061205253577382
2016-01-08,1.369100502039371
2016-01-11,1.3320277441448019
2016-01-12,1.2263423788019685
2016-01-13,1.1734269518593134
2016-01-14,1.4690090660853607
2016-01-15,1.4941097281050215
2016-01-19,1.616352123649713
2016-01-20,1.4845280670523613
2016-01-21,1.4552378482871147
2016-01-22,1.3553230279656334
2016-01-25,1.480716428794433
2016-01-26,1.4865658097509542
2016-01-27,1.4661126738030317
2016-01-28,1.4143296948959794
2016-01-29,1.3162609787389752
2016-02-01,1.5378386659774552
2016-02-02,1.4124043024500448
2016-02-03,1.4825254969970363
2016-02-04,1.3822846319365019
2016-02-05,1.272749922813888
2016-02-08,1.3949836698215061
2016-02-09,1.3890973151471209
2016-02-10,1.2774332344069157
2016-02-11,1.1767814513384387
2016-02-12,1.2012483765790285
2016-02-16,1.3676554088745145
2016-02-17,1.419831083900314
2016-02-18,1.4525389451822066
2016-02-19,1.3446710028982545
2016-02-22,1.2373140810278451
2016-02-23,1.272489239650502
2016-02-24,1.2739885122533803
2016-02-25,1.1868356044459485
2016-02-26,1.1923879887195874
2016-02-29,1.1030909933669923
2016-03-01,1.0647270168419667
2016-03-02,1.3429634810331856
2016-03-03,1.2481430959099744
2016-03-04,1.1600347954914105
2016-03-07,1.0777217507343921
2016-03-08,0.9963080192959428
2016-03-09,1.0184941422859912
2016-03-10,0.9621463593116508
2016-03-11,0.8922691551793539
2016-03-14,1.040944293534963
2016-03-15,0.9639747485338181
2016-03-16,0.8956562377772984
2016-03-17,0.8623822349773455
2016-03-18,0.8398273389963705
2016-03-21,0.7970147661199821
2016-03-22,0.7457507558455976
2016-03-23,0.6982581841747801
2016-03-24,0.7055333069272977
2016-03-28,0.6624010927381527
2016-03-29,0.6243675786158587
2016-03-30,0.6925684005593922
2016-03-31,0.673062843677717
2016-04-01,0.640543017885028
2016-04-04,0.6609472895619615
2016-04-05,0.635577253067282
2016-04-06,0.7184417536122694
2016-04-07,0.797687063329235
2016-04-08,0.8821005187077772
2016-04-11,0.8266371708327439
2016-04-12,0.7756684153519495
2016-04-13,0.8111536906788264
2016-04-14,0.8533684288720361
2016-04-15,0.794074541858528
2016-04-18,0.7423136136532622
2016-04-19,0.7474568646239341
2016-04-20,0.7103405067984078
2016-04-21,0.667493886477201
2016-04-22,0.6632765335951627
2016-04-25,0.6247100198901907
2016-04-26,0.594524603190786
2016-04-27,0.5670965984461024
2016-04-28,0.5460517684364563
2016-04-29,0.6330026938410671
2016-05-02,0.6347324771273801
2016-05-03,0.6755285442519603
2016-05-04,0.722587194287642
2016-05-05,0.7121588142964721
2016-05-06,0.6681007734964809
2016-05-09,0.6451724861795445
2016-05-10,0.6095699636206442
2016-05-11,0.7546485884000311
2016-05-12,0.796803612310057
2016-05-13,0.7435623095279353
2016-05-16,0.7764713313870579
2016-05-17,0.8216908117453181
2016-05-18,0.8499121584925909
2016-05-19,0.7910604901354119
2016-05-20,0.7508578842079926
2016-05-23,0.7448722183818827
2016-05-24,0.6992154288250827
2016-05-25,0.8292564824445302
2016-05-26,0.816958505134508
2016-05-27,0.7615704931621344
2016-05-31,0.7317551151009194
2016-06-01,0.6895610307706638
2016-06-02,0.6529780777397038
2016-06-03,0.6270993206394266
2016-06-06,0.6043167277547583
2016-06-07,0.6064852635138904
2016-06-08,0.577862656531105
2016-06-09,0.5641712126009277
2016-06-10,0.540149531201028
2016-06-13,0.638002347558914
2016-06-14,0.6749519929112187
2016-06-15,0.6397506037768479
2016-06-16,0.6064021489405478
2016-06-17,0.5863533831875488
2016-06-20,0.5759144959239945
2016-06-21,0.6031372553299533
2016-06-22,0.582421924728342
2016-06-23,0.557169295976386
2016-06-24,0.735726555617784
2016-06-27,1.5948334652524008
2016-06-28,1.6274866684028433
2016-06-29,1.6509022274137763
2016-06-30,1.6541295393883126
2016-07-01,1.6087913457631493
2016-07-05,1.4790441431583385
2016-07-06,1.3883316643939396
2016-07-07,1.2982197538249087
2016-07-08,1.1953580325744684
2016-07-11,1.2459689324216652
2016-07-12,1.1561440004075496
2016-07-13,1.103931147172981
2016-07-14,1.0194761695013312
2016-07-15,0.9683947524995251
2016-07-18,0.8988831372058296
2016-07-19,0.8415245006992574
2016-07-20,0.7844866993508498
2016-07-21,0.7504774155704587
2016-07-22,0.7177519064449728
2016-07-25,0.6956612983443557
2016-07-26,0.6621049332801703
2016-07-27,0.6239373970685118
2016-07-28,0.5914405798785957
2016-07-29,0.5632046824647159
2016-08-01,0.5403643426816602
2016-08-02,0.5177090820680427
2016-08-03,0.5575789294698805
2016-08-04,0.5439536736135118
2016-08-05,0.5214904644786806
2016-08-08,0.594044378573504
2016-08-09,0.5641470100499402
2016-08-10,0.5379607113105749
2016-08-11,0.5237337339369057
2016-08-12,0.5341987266766925
2016-08-15,0.5124506821743658
2016-08-16,0.5052660581060602
2016-08-17,0.5270077904935602
2016-08-18,0.5104310636310321
2016-08-19,0.49851231653785555
2016-08-22,0.4837686412791346
2016-08-23,0.46760382554948154
2016-08-24,0.4605329402888805
2016-08-25,0.4909549823960477
2016-08-26,0.47457596808459485
2016-08-29,0.4656222213217529
2016-08-30,0.4915455460637215
2016-08-31,0.4787305741734809
2016-09-01,0.47661052629329775
2016-09-02,0.4614366749118448
2016-09-06,0.4820222794121807
2016-09-07,0.4809724961082084
2016-09-08,0.46520401519664845
2016-09-09,0.460484990607798
2016-09-12,1.0527041038417553
2016-09-13,1.1230022647084141
2016-09-14,1.1828081742763292
2016-09-15,1.090803025421897
2016-09-16,1.0808472599497738
2016-09-19,1.010185495277613
2016-09-20,0.9349722097596033
2016-09-21,0.8672862581095727
2016-09-22,0.9186739076533689
2016-09-23,0.8877173715557258
2016-09-26,0.8526987624382081
2016-09-27,0.8555534699525046
2016-09-28,0.8324148309812882
2016-09-29,0.7993922171593705
2016-09-30,0.8270213046533647
2016-10-03,0.8252716527238656
2016-10-04,0.7747279410245821
2016-10-05,0.7511604205107305
2016-10-06,0.7238955940620428
2016-10-07,0.6790398997149553
2016-10-10,0.6528038290181455
2016-10-11,0.6484765823364197
2016-10-12,0.7899189071956855
2016-10-13,0.7391264891062052
2016-10-14,0.7039677430678142
2016-10-17,0.6610932088622705
2016-10-18,0.6376243788634726
2016-10-19,0.6501795241488307
2016-10-20,0.6220152830086473
2016-10-21,0.592843967470657
2016-10-24,0.5629055809131032
2016-10-25,0.5617323346701197
2016-10-26,0.5513700701343381
2016-10-27,0.5321844047227942
2016-10-28,0.5202671249839494
2016-10-31,0.5125884772166854
2016-11-01,0.4925304137288553
2016-11-02,0.5545885323220017
2016-11-03,0.5799240909113996
2016-11-04,0.5800437276834455
2016-11-07,0.5530753615935576
2016-11-08,1.0074057830646082
2016-11-09,0.9490425607064018
2016-11-10,0.9727900225494527
2016-11-11,0.9066001799418059
2016-11-14,0.8466839700955333
2016-11-15,0.7886913827219286
2016-11-16,0.7971675651416654
2016-11-17,0.7474649229117531
2016-11-18,0.7279581565396382
2016-11-21,0.6877700452014106
2016-11-22,0.7109130295759146
2016-11-23,0.671350346841456
2016-11-25,0.6322192481817822
2016-11-28,0.6148220939299452
2016-11-29,0.6106582697281484
2016-11-30,0.5833226968396241
2016-12-01,0.5622427731502317
2016-12-02,0.5550103997223564
2016-12-05,0.529828218343108
2016-12-06,0.5595324519269458
2016-12-07,0.5477228336559797
2016-12-08,0.7313591360318704
2016-12-09,0.6918471552039722
2016-12-12,0.691833361412184
2016-12-13,0.6515799148150063
2016-12-14,0.6677490171276188
2016-12-15,0.7081561793488689
2016-12-16,0.683866354453025
2016-12-19,0.6475407809348421
2016-12-20,0.6167554439805639
2016-12-21,0.6029645837194725
2016-12-22,0.5819137117519372
2016-12-23,0.557177721545115
2016-12-27,0.5344625912385617
2016-12-28,0.5207408464109815
2016-12-29,0.5967756635557581
2016-12-30,0.566127189953721
2017-01-03,0.5580825601377181
2017-01-04,0.6107522978337998
2017-01-05,0.6236328349618875
2017-01-06,0.5905241163859783
2017-01-09,0.5778977016211626
2017-01-10,0.5646680648233581
2017-01-11,0.5379056297222286
2017-01-12,0.5263723335927084
2017-01-13,0.5140882021436487
2017-01-17,0.501993206308121
2017-01-18,0.5028880679696082
2017-01-19,0.4918445735902753
2017-01-20,0.49651030651787553
2017-01-23,0.49986373904750536
2017-01-24,0.49228687451724285
2017-01-25,0.5373683998318706
2017-01-26,0.6157580386168039
2017-01-27,0.5842077205990156
2017-01-30,0.5584531199437343
2017-01-31,0.5859904908066863
2017-02-01,0.5565998552496958
2017-02-02,0.5310789406353983
2017-02-03,0.5092522840127424
2017-02-06,0.5592273912880218
2017-02-07,0.5377711634815081
2017-02-08,0.5144234400751865
2017-02-09,0.49679585444431673
2017-02-10,0.5323701495308492
2017-02-13,0.532735259282518
2017-02-14,0.5529097970412699
2017-02-15,0.5504382269521413
2017-02-16,0.5639659815538725
2017-02-17,0.5383351094549463
2017-02-21,0.5186270550208678
2017-02-22,0.5498191266777671
2017-02-23,0.5260905571838672
2017-02-24,0.5049559515815848
2017-02-27,0.488465033162416
2017-02-28,0.4756350678538163
2017-03-01,0.4727022381225739
2017-03-02,0.7132503155042519
2017-03-03,0.7136752611657858
2017-03-06,0.669861458505391
2017-03-07,0.6413579017458884
2017-03-08,0.6166600005891855
2017-03-09,0.5881096503730915
2017-03-10,0.5606676042605285
2017-03-13,0.5518336522158819
2017-03-14,0.527061223933875
2017-03-15,0.5271272007886609
2017-03-16,0.6082948232801371
2017-03-17,0.5813690038438564
2017-03-20,0.5568423328387693
2017-03-21,0.5328138760318326
2017-03-22,0.7200862323504049
2017-03-23,0.6814015663910462
2017-03-24,0.6421365765076664
2017-03-27,0.6066949578188578
2017-03-28,0.5761974996783081
2017-03-29,0.6177503249409728
2017-03-30,0.5856676144606029
2017-03-31,0.5701854440566223
2017-04-03,0.5504202216163053
2017-04-04,0.5298943668489688
2017-04-05,0.5081802660672844
2017-04-06,0.5025361075565892
2017-04-07,0.4962540864058422
2017-04-10,0.48006052773870117
2017-04-11,0.46499413562604136
2017-04-12,0.45386876728321596
2017-04-13,0.47446136743560846
2017-04-17,0.5262100274355964
2017-04-18,0.6121533873617585
2017-04-19,0.5913818201615525
2017-04-20,0.565968990402847
2017-04-21,0.6262688708397082
2017-04-24,0.6051842800986651
2017-04-25,0.7168757750079043
2017-04-26,0.709921864045581
2017-04-27,0.6665288549533791
2017-04-28,0.628454730331711
2017-05-01,0.6001133283210774
2017-05-02,0.5775383158688544
2017-05-03,0.549376986985728
2017-05-04,0.526715994820185
2017-05-05,0.5069022643093496
2017-05-08,0.5115018499501354
2017-05-09,0.49162837084589794
2017-05-10,0.47575684547857633
2017-05-11,0.466072716148898
2017-05-12,0.459466034592368
2017-05-15,0.45152164563445735
2017-05-16,0.490356233744532
2017-05-17,0.4746542583467558
2017-05-18,0.8409460201482905
2017-05-19,0.7987561279598714
2017-05-22,0.7876332149934868
2017-05-23,0.7617876106627628
2017-05-24,0.7175133975618236
2017-05-25,0.6790271108566502
2017-05-26,0.6656240756005932
2017-05-30,0.6268405106754418
2017-05-31,0.5935085155246214
2017-06-01,0.5632739049408969
2017-06-02,0.6205507548234565
2017-06-05,0.6013521675590907
2017-06-06,0.5708191723285841
2017-06-07,0.557693776671219
2017-06-08,0.5367541649380926
2017-06-09,0.5138990217772765
2017-06-12,0.49726480421173447
2017-06-13,0.479322963056561
2017-06-14,0.5018859955644918
2017-06-15,0.4858223683068799
2017-06-16,0.4754448321628696
2017-06-19,0.46050990768166217
2017-06-20,0.5537718003797705
2017-06-21,0.5916204118081759
2017-06-22,0.5616148430376887
2017-06-23,0.5355313023618291
2017-06-26,0.5146146445025005
2017-06-27,0.49496162453890247
2017-06-28,0.5735790575634597
2017-06-29,0.6485469978002949
2017-06-30,0.7033516493000564
2017-07-03,0.664286623459633
2017-07-05,0.6291423522482469
2017-07-06,0.6014513935155079
2017-07-07,0.6750091994826876
2017-07-10,0.6841000006863619
2017-07-11,0.6445370555260803
2017-07-12,0.6088431080743395
2017-07-13,0.6474935303304449
2017-07-14,0.614313790801195
2017-07-17,0.6096056767601008
2017-07-18,0.5773616482618287
2017-07-19,0.549415856230362
2017-07-20,0.5659316817929104
2017-07-21,0.5392959429814301
2017-07-24,0.5169382868057251
2017-07-25,0.49639352413199644
2017-07-26,0.48793743982341253
2017-07-27,0.4711993661926553
2017-07-28,0.4582401337375168
2017-07-31,0.44803776981477084
2017-08-01,0.4374912666271009
2017-08-02,0.4367901166281549
2017-08-03,0.4277497551993661
2017-08-04,0.42652643869867474
2017-08-07,0.4246716647926368
2017-08-08,0.4233715574748787
2017-08-09,0.4270562033237717
2017-08-10,0.4190467471499731
2017-08-11,0.6946621733437565
2017-08-14,0.6550977386523383
2017-08-15,0.7292417880882012
2017-08-16,0.6832607926445317
2017-08-17,0.6460571665026814
2017-08-18,0.8680043292716589
2017-08-21,0.8095269582545691
2017-08-22,0.755469844767015
2017-08-23,0.8165090733801179
2017-08-24,0.7740850400368592
2017-08-25,0.7289943400623115
2017-08-28,0.6891625823169311
2017-08-29,0.6476450047039353
2017-08-30,0.612542782370281
2017-08-31,0.608990377181325
2017-09-01,0.6231771441883649
2017-09-05,0.5919100170050212
2017-09-06,0.6292643717489799
2017-09-07,0.6095804488915406
2017-09-08,0.5773391616495301
2017-09-11,0.5509449849770169
2017-09-12,0.671339380696457
2017-09-13,0.645560113113744
2017-09-14,0.6093374957353359
2017-09-15,0.5772427954014177
2017-09-18,0.5514619929002889
2017-09-19,0.5329555075540915
2017-09-20,0.5117416353075723
2017-09-21,0.4919962140126815
2017-09-22,0.48628870066320623
2017-09-25,0.4698402165632378
2017-09-26,0.4626655634174328
2017-09-27,0.4500720436645287
2017-09-28,0.4645347581161758
2017-09-29,0.453510721459443
2017-10-02,0.46266537939129204
2017-10-03,0.480621987507403
2017-10-04,0.47242996618809574
2017-10-05,0.46020556244053334
2017-10-06,0.504080297287078
2017-10-09,0.48721849521814453
2017-10-10,0.47504239940266174
2017-10-11,0.4716062015799917
2017-10-12,0.461279325725307
2017-10-13,0.45207992161962224
2017-10-16,0.44297002772152283
2017-10-17,0.4357568956252411
2017-10-18,0.4273441529167076
2017-10-19,0.4210495271453146
2017-10-20,0.4140863535636691
2017-10-23,0.45551298999447193
2017-10-24,0.4690639516561963
2017-10-25,0.4601514437131467
2017-10-26,0.4880223304564364
2017-10-27,0.47400175553515667
2017-10-30,0.5598377757761218
2017-10-31,0.5534945108301257
2017-11-01,0.5316736100693386
2017-11-02,0.5117551305729131
2017-11-03,0.4920419257698477
2017-11-06,0.4925033992850889
2017-11-07,0.47901715844218457
2017-11-08,0.46431213441856756
2017-11-09,0.45578929462776485
2017-11-10,0.46601912465570006
2017-11-13,0.45249062389212263
2017-11-14,0.4422426712652447
2017-11-15,0.441547543810386
2017-11-16,0.4743837543695028
2017-11-17,0.567453392460577
2017-11-20,0.5526029322292889
2017-11-21,0.5316057167558526
2017-11-22,0.5700207342614773
2017-11-24,0.5437061022933463
2017-11-27,0.5274586336783943
2017-11-28,0.5058248787405392
2017-11-29,0.6280477863461089
2017-11-30,0.594070828915734
2017-12-01,0.6597468099261897
2017-12-04,0.6269333544706365
2017-12-05,0.5945154610363784
2017-12-06,0.5816033681591536
2017-12-07,0.552790909430507
2017-12-08,0.5418604648621843
2017-12-11,0.5604049946233819
2017-12-12,0.5471247010645071
2017-12-13,0.527158031906157
2017-12-14,0.5052011280650042
2017-12-15,0.5121014398330992
2017-12-18,0.5903819257530314
2017-12-19,0.6131143496400541
2017-12-20,0.5998325030999087
2017-12-21,0.5691198123789077
2017-12-22,0.5478118004580212
2017-12-26,0.5232769971733117
2017-12-27,0.5040110422461482
2017-12-28,0.4854700088886714
2017-12-29,0.4759811309713443
2018-01-02,0.4842458744922662
2018-01-03,0.5456296990527004
2018-01-04,0.577253104588875
2018-01-05,0.5733095579481712
2018-01-08,0.6047937680105306
2018-01-09,0.5775972409894885
2018-01-10,0.5563780734279028
2018-01-11,0.534062224925463
2018-01-12,0.5857164268469769
2018-01-16,0.6122362394320485
2018-01-17,0.5950940505773501
2018-01-18,0.6767287220789646
2018-01-19,0.6400494149429808
2018-01-22,0.6300034142872029
2018-01-23,0.6751614719366168
2018-01-24,0.6406844633069985
2018-01-25,0.6049327474758736
2018-01-26,0.5734727567633296
2018-01-29,0.7089918815854727
2018-01-30,0.7148383278764634
2018-01-31,0.7835310748772941
2018-02-01,0.7318837889944381
2018-02-02,0.6870480072293511
2018-02-05,1.0800108003785402
2018-02-06,1.954254186002866
2018-02-07,1.9482120462188905
2018-02-08,1.7979967177313143
2018-02-09,2.231340433658428
2018-02-12,2.1253641727599466
2018-02-13,2.02908944950223
2018-02-14,1.8613614304447772
2018-02-15,1.7858509226397365
2018-02-16,1.7118434416546648
2018-02-20,1.57038366660552
2018-02-21,1.46287971896877
2018-02-22,1.3585583341130587
2018-02-23,1.2507954931835603
2018-02-26,1.309342421505268
2018-02-27,1.2878883399455283
2018-02-28,1.2846196365328442
2018-03-01,1.2487492775643623
2018-03-02,1.2865261390194485
2018-03-05,1.2016617284241213
2018-03-06,1.1963993132275872
2018-03-07,1.1074751822078495
2018-03-08,1.0227617827490154
2018-03-09,0.9651308343281201
2018-03-12,1.1226681350574639
2018-03-13,1.037551347211066
2018-03-14,0.9929026057645923
2018-03-15,0.9413835280175953
2018-03-16,0.8740987795967667
2018-03-19,0.8137663380758315
2018-03-20,0.9287562442459768
2018-03-21,0.8642874400052308
2018-03-22,0.8073983854637942
2018-03-23,1.248289661065074
2018-03-26,1.4284160215213433
2018-03-27,1.6885283011916248
2018-03-28,1.6897597215156466
2018-03-29,1.5546404255214774
2018-04-02,1.5123984227899785
2018-04-03,1.632961248616221
2018-04-04,1.5801787963885763
2018-04-05,1.5099354545329724
2018-04-06,1.4210531232814787
2018-04-09,1.5787412521327877
2018-04-10,1.4623001927311619
2018-04-11,1.480116608424858
2018-04-12,1.3755823114010723
2018-04-13,1.3055777290206423
2018-04-16,1.2073112606819594
2018-04-17,1.1585186897076447
2018-04-18,1.1477840857244979
2018-04-19,1.0594562626471735
2018-04-20,1.0034817357520749
2018-04-23,0.9874450578551004
2018-04-24,0.9144899652824497
2018-04-25,1.002490533858045
2018-04-26,0.9330795003690611
2018-04-27,0.9526148283473486
2018-04-30,0.8839116829992555
2018-05-01,0.8757722033023264
2018-05-02,0.8171378419862323
2018-05-03,0.8064602876797141
2018-05-04,0.7570911439191496
2018-05-07,0.8702177865898516
2018-05-08,0.8200025063292448
2018-05-09,0.7642092168951862
2018-05-10,0.8083794315522564
2018-05-11,0.8379996607702099
2018-05-14,0.7894574012818169
2018-05-15,0.7371519033779516
2018-05-16,0.7418677206929677
2018-05-17,0.7138221191223787
2018-05-18,0.6703588908001205
2018-05-21,0.6386144083866764
2018-05-22,0.6710323222250767
2018-05-23,0.640994245180149
2018-05-24,0.6145846192764468
2018-05-25,0.5872890759125807
2018-05-29,0.5655636397985918
2018-05-30,0.7051106060202275
2018-05-31,0.8425087851578994
2018-06-01,0.820737063366008
2018-06-04,0.8559579930564828
2018-06-05,0.8179244760506743
2018-06-06,0.7628867898357033
2018-06-07,0.7847900859927546
2018-06-08,0.7327592416530349
2018-06-11,0.6961237663906086
2018-06-12,0.6559052855429419
2018-06-13,0.6202722940112895
2018-06-14,0.6000476433364667
2018-06-15,0.5774695620723903
2018-06-18,0.5514072663279228
2018-06-19,0.532508349813177
2018-06-20,0.5317385948541951
2018-06-21,0.5135621362228954
2018-06-22,0.5519006437686179
2018-06-25,0.5315943086866282
2018-06-26,0.741421580606437
2018-06-27,0.6995122544031975
2018-06-28,0.7338027057669543
2018-06-29,0.7229542998948753
2018-07-02,0.6800088034188474
2018-07-03,0.6450224967219641
2018-07-05,0.6242735121505423
2018-07-06,0.6712135993367739
2018-07-09,0.713322781226785
2018-07-10,0.7562937788094789
2018-07-11,0.7212996110708434
2018-07-12,0.7352452248976957
2018-07-13,0.7746958008906577
2018-07-16,0.7243998976815917
2018-07-17,0.6798484846231355
2018-07-18,0.6588062982768866
2018-07-19,0.6262335120205896
2018-07-20,0.6103588158696139
2018-07-23,0.5797508780335692
2018-07-24,0.5559365306111476
2018-07-25,0.5658274819517667
2018-07-26,0.6339142496730025
2018-07-27,0.6059278934384629
2018-07-30,0.6333368461278052
2018-07-31,0.6327190279961477
2018-08-01,0.6282221364494821
2018-08-02,0.5973737356993915
2018-08-03,0.6055409612084612
2018-08-06,0.5978993686280408
2018-08-07,0.5850393300557919
2018-08-08,0.5706781086980707
2018-08-09,0.5434178619059397
2018-08-10,0.522118866095188
2018-08-13,0.5663061782202841
2018-08-14,0.5591484849913475
2018-08-15,0.5888540986727352
2018-08-16,0.6320545130354425
2018-08-17,0.6760274317492934
2018-08-20,0.6508424550168566
2018-08-21,0.619447504450468
2018-08-22,0.5932058152316446
2018-08-23,0.5634077172969185
2018-08-24,0.5393409280168271
2018-08-27,0.5672130707759728
2018-08-28,0.6224273744147076
2018-08-29,0.5889398133660433
2018-08-30,0.5976828817424478
2018-08-31,0.5888794693831958
2018-09-04,0.5591261176513791
2018-09-05,0.5373528569427363
2018-09-06,0.5248702091481967
2018-09-07,0.5169712742990015
2018-09-10,0.502193169794227
2018-09-11,0.4883198814026833
2018-09-12,0.48898115049012414
2018-09-13,0.4721937487561222
2018-09-14,0.5130497306108376
2018-09-17,0.49297344367689844
2018-09-18,0.5193527965116858
2018-09-19,0.5419407183847289
2018-09-20,0.5197448612607327
2018-09-21,0.5911952104542461
2018-09-24,0.5623080168181306
2018-09-25,0.5515941700835784
2018-09-26,0.5277425525221517
2018-09-27,0.5192399808968094
2018-09-28,0.5102421639181833
2018-10-01,0.49050884731215455
2018-10-02,0.49267931508101553
2018-10-03,0.47584409284325085
2018-10-04,0.46127850143901444
2018-10-05,0.5442242973978588
2018-10-08,0.564955217697358
2018-10-09,0.5381568728384282
2018-10-10,0.5179510680800099
2018-10-11,1.3596393545655183
2018-10-12,1.5269893093014897
2018-10-15,1.5037413618731634
2018-10-16,1.3990443604430252
2018-10-17,1.5422984919150093
2018-10-18,1.416397510390145
2018-10-19,1.4223210164075515
2018-10-22,1.30772179998183
2018-10-23,1.216648250479027
2018-10-24,1.1391249325508532
2018-10-25,1.602929215365587
2018-10-26,1.6291625758641806
2018-10-29,1.650083056540766
2018-10-30,1.5299215597787372
2018-10-31,1.5195892979901156
2018-11-01,1.4569764868076673
2018-11-02,1.4022057218073842
2018-11-05,1.310311030034175
2018-11-06,1.2253151302640097
2018-11-07,1.156069009309657
2018-11-08,1.3533802532356702
2018-11-09,1.247114148556862
2018-11-12,1.2119965702650548
2018-11-13,1.340978903726545
2018-11-14,1.2360302027865535
2018-11-15,1.1703519913655265
2018-11-16,1.15410254008458
2018-11-19,1.0696527660247555
2018-11-20,1.194727162793697
2018-11-21,1.324007673623862
2018-11-23,1.2257843644229904
2018-11-26,1.15990063667566
2018-11-27,1.2416457355454529
2018-11-28,1.1515095497427024
2018-11-29,1.389372238161946
2018-11-30,1.2805736983675495
2018-12-03,1.2031121700994711
2018-12-04,1.223801584289173
2018-12-06,1.7176156240695208
2018-12-07,1.5767172537111858
2018-12-10,1.7177324156141014
2018-12-11,1.5774541818965369
2018-12-12,1.4483176535081155
2018-12-13,1.3456969726785908
2018-12-14,1.2381778943351935
2018-12-17,1.3559827944294809
2018-12-18,1.4708262140469235
2018-12-19,1.3522220469097448
2018-12-20,1.3783214662042744
2018-12-21,1.422541052219719
2018-12-24,1.540511315388329
2018-12-26,1.7637442216727746
2018-12-27,2.5247685584933897
2018-12-28,2.329577260171157
2018-12-31,2.1329090808075932
2019-01-02,1.983153147223362
2019-01-03,1.8174648552790422
2019-01-04,1.9180687032867987
2019-01-07,2.183810940722844
2019-01-08,2.023315294795421
2019-01-09,1.8896798466497904
2019-01-10,1.7416704860146488
2019-01-11,1.6034356117083266
2019-01-14,1.471956366842651
2019-01-15,1.3738067910112977
2019-01-16,1.3407087181640975
2019-01-17,1.2372451721871962
2019-01-18,1.1780491130535937
2019-01-22,1.2044492188457603
2019-01-23,1.232437327244247
2019-01-24,1.1385497600668886
2019-01-25,1.0509239112055762
2019-01-28,1.0266059554248137
2019-01-29,0.9960081522092993
2019-01-30,0.9236558189574837
2019-01-31,1.0565416609633258
2019-02-01,1.0354862581473496
2019-02-04,0.9579223483925674
2019-02-05,0.9297408481205857
2019-02-06,0.87813456659301
2019-02-07,0.8179144588295844
2019-02-08,0.8503450496440845
2019-02-11,0.7928197926745926
2019-02-12,0.7402370887910132
2019-02-13,0.8560673674018915
2019-02-14,0.8066303342031966
2019-02-15,0.7573094387044503
2019-02-19,0.8266327503732238
2019-02-20,0.7731358158514852
2019-02-21,0.7266742694429192
2019-02-22,0.695224387389089
2019-02-25,0.6968042063922107
2019-02-26,0.6566049817859764
2019-02-27,0.6194471807146528
2019-02-28,0.5862514645116446
2019-03-01,0.5616234866180781
2019-03-04,0.5885710173139839
2019-03-05,0.5769408531978265
2019-03-06,0.5512574342678168
2019-03-07,0.5778976161179269
2019-03-08,0.6411769009207038
2019-03-11,0.6102743497205414
2019-03-12,0.809091028091492
2019-03-13,0.7688407802158689
2019-03-14,0.7639340683794554
2019-03-15,0.7145843701064245
2019-03-18,0.697677195752268
2019-03-19,0.6704855037550879
2019-03-20,0.6311665826760572
2019-03-21,0.6080092205574629
2019-03-22,0.7258316024130967
2019-03-25,1.0231912507460932
2019-03-26,0.9471189423779248
2019-03-27,0.9254944992000042
2019-03-28,0.8831807694925095
2019-03-29,0.834171569408021
2019-04-01,0.8152722778308376
2019-04-02,0.8902629577906546
2019-04-03,0.8273686885193487
2019-04-04,0.7732747653890795
2019-04-05,0.7299495820805405
2019-04-08,0.7097539820696658
2019-04-09,0.6665935906207249
2019-04-10,0.6593720212798122
2019-04-11,0.635528076729265
2019-04-12,0.600286648657712
2019-04-15,0.6279025010165147
2019-04-16,0.5940194647374463
2019-04-17,0.5642267717033093
2019-04-18,0.5460899512919679
2019-04-22,0.5273830851379093
2019-04-23,0.5065125055047318
2019-04-24,0.6011349591865497
2019-04-25,0.5765516439509952
2019-04-26,0.5488467549824717
2019-04-29,0.5550177007152485
2019-04-30,0.5330433422934464
2019-05-01,0.5106968207904553
2019-05-02,0.5736025071344002
2019-05-03,0.5523088817922225
2019-05-06,0.6516071369371549
2019-05-07,0.6354352046130209
2019-05-08,0.8937735149110534
2019-05-09,0.8320913951528837
2019-05-10,0.7841363812794678
2019-05-13,0.7582238617602186
2019-05-14,1.22669059311537
2019-05-15,1.1845423630214758
2019-05-16,1.116158052133238
2019-05-17,1.0924275173959483
2019-05-20,1.0408244771272002
2019-05-21,0.9972894581509326
2019-05-22,0.9885143416719229
2019-05-23,0.9233927936073597
2019-05-24,0.9838955683881502
2019-05-28,0.9156246883312239
2019-05-29,0.9259604602889703
2019-05-30,0.8990791746624764
2019-05-31,0.8419174072260585
2019-06-03,0.9482021038842879
2019-06-04,0.8848594796976221
2019-06-05,1.1787773886372797
2019-06-06,1.1387578407083163
2019-06-07,1.0813838282620913
2019-06-10,1.0731227202848155
2019-06-11,1.0078831070190035
2019-06-12,0.9329184720497061
2019-06-13,0.8682250494531918
2019-06-14,0.8234656974983822
2019-06-17,0.7685372182258614
2019-06-18,0.7184011909222694
2019-06-19,0.78840011289897
2019-06-20,0.7412926126984618
2019-06-21,0.7883346461884786
2019-06-24,0.7381328721053688
2019-06-25,0.6928333353262545
2019-06-26,0.7575909079826948
2019-06-27,0.7095730155190995
2019-06-28,0.6801612923740739
2019-07-01,0.67076021151352
2019-07-02,0.7245182573033928
2019-07-03,0.6867056102632503
2019-07-05,0.7174364373477208
2019-07-08,0.6742344125356062
2019-07-09,0.6704059593128083
2019-07-10,0.6329207547924581
2019-07-11,0.6265893823424792
2019-07-12,0.5994184926518753
2019-07-15,0.5949112801803981
2019-07-16,0.5645728883703978
2019-07-17,0.5526242579511265
2019-07-18,0.5918251930926619
2019-07-19,0.5798086986684182
2019-07-22,0.59311530484695
2019-07-23,0.5710575601810584
2019-07-24,0.6114781988057708
2019-07-25,0.6076426399046154
2019-07-26,0.6056392122845348
2019-07-29,0.631104669264625
2019-07-30,0.6005816960007598
2019-07-31,0.5775514550769265
2019-08-01,0.699135168563761
2019-08-02,0.7411517212730357
2019-08-05,0.7548426960040324
2019-08-06,1.3930939346481384
2019-08-07,1.3932165386127053
2019-08-08,1.2813756065133395
2019-08-09,1.4057198353660778
2019-08-12,1.3201559572288226
2019-08-13,1.3069901703220135
2019-08-14,1.347486512294936
2019-08-15,1.7118272059816375
2019-08-16,1.5737507986043915
2019-08-19,1.5555357658169882
2019-08-20,1.5040518291783826
2019-08-21,1.4144115188969704
2019-08-22,1.338856947819667
2019-08-23,1.2319696664927393
2019-08-26,1.528435940159458
2019-08-27,1.4689246813629115
2019-08-28,1.3586353175525416
2019-08-29,1.2799357903546675
2019-08-30,1.279914595180657
2019-09-03,1.1786680176698092
2019-09-04,1.1111619493600124
2019-09-05,1.1178997996749758
2019-09-06,1.1478489336234112
2019-09-09,1.059550280007933
2019-09-10,0.9796260699647661
2019-09-11,0.9074820195073895
2019-09-12,0.887485205686384
2019-09-13,0.8357938655671384
2019-09-16,0.778775431314798
2019-09-17,0.7374818996046731
2019-09-18,0.6976989110315175
2019-09-19,0.6556386412356305
2019-09-20,0.6179590301331812
2019-09-23,0.6136494364594053
2019-09-24,0.5809743646775037
2019-09-25,0.6331801623300725
2019-09-26,0.6415135451372063
2019-09-27,0.611001905621778
2019-09-30,0.6163428262000751
2019-10-01,0.6110012082725382
2019-10-02,0.745807563481135
2019-10-03,0.9892102310957833
2019-10-04,0.9706419103551801
2019-10-07,1.0432271651798595
2019-10-08,0.9795862014724412
2019-10-09,1.0963993793258755
2019-10-10,1.0787404493150314
2019-10-11,1.0313877009341708
2019-10-14,1.0366979729744965
2019-10-15,0.9598286766884874
2019-10-16,0.9703499403739225
2019-10-17,0.9013093617723592
2019-10-18,0.8450289589526867
2019-10-21,0.8053011788803643
2019-10-22,0.7966836181060376
2019-10-23,0.7544226214972564
2019-10-24,0.714854816267353
2019-10-25,0.6735203158715043
2019-10-28,0.6538443046140424
2019-10-29,0.6548073923937335
2019-10-30,0.6173287637158517
2019-10-31,0.5964302195524313
2019-11-01,0.5753952057387611
2019-11-04,0.6565588505171288
2019-11-05,0.6385429517959347
2019-11-06,0.6044165805674033
2019-11-07,0.5728464989059683
2019-11-08,0.5622790444775214
2019-11-11,0.5445023674348691
2019-11-12,0.5256900859683753
2019-11-13,0.5106641675495858
2019-11-14,0.49102311005263194
2019-11-15,0.4773020442280642
2019-11-18,0.5421167254777637
2019-11-19,0.5190191030839507
2019-11-20,0.49823739317024524
2019-11-21,0.501965402116312
2019-11-22,0.4874531359261505
2019-11-25,0.47881908379974475
2019-11-26,0.5539677258037592
2019-11-27,0.5359926649061179
2019-11-29,0.5418833558667265
2019-12-02,0.538225871596996
2019-12-03,0.6144986476993652
2019-12-04,0.6390325787376596
2019-12-05,0.6499855157656463
2019-12-06,0.6170139669512124
2019-12-09,0.6846785527467877
2019-12-10,0.6554730486415973
2019-12-11,0.6193644211665121
2019-12-12,0.5964473682437018
2019-12-13,0.6588148565413183
2019-12-16,0.6212090718272476
2019-12-17,0.6463255385495871
2019-12-18,0.6097825617139918
2019-12-19,0.5775025854739596
2019-12-20,0.5722260276037119
2019-12-23,0.571058791375729
2019-12-24,0.5468048423616815
2019-12-26,0.5222988258799565
2019-12-27,0.5427354350781434
2019-12-30,0.5188394642015695
2019-12-31,0.5433554715136583
2020-01-02,0.5279851931276456
2020-01-03,0.6244778909007875
2020-01-06,0.6618128288841846
2020-01-07,0.6411522994909071
2020-01-08,0.6152016841920651
2020-01-09,0.618658682425397
2020-01-10,0.6428329135878371
2020-01-13,0.6171354318301121
2020-01-14,0.6431872407228512
2020-01-15,0.6099095441907081
2020-01-16,0.5843913044185529
2020-01-17,0.643732009669383
2020-01-21,0.6196061228235488
2020-01-22,0.5911947403343604
2020-01-23,0.5611771534180032
2020-01-24,0.5367492174863229
2020-01-27,0.6222081051204063
2020-01-28,0.866140725130716
2020-01-29,0.9038582222572079
2020-01-30,0.8399722338389087
2020-01-31,0.7923901236110253
2020-02-03,1.0326357020010917
2020-02-04,0.9985379634252158
2020-02-05,1.0993370403478244
2020-02-06,1.1112124014633922
2020-02-07,1.0345048488960151
2020-02-10,0.9796602955988376
2020-02-11,0.9534477352290245
2020-02-12,0.8865100121492852
2020-02-13,0.861629844977357
2020-02-14,0.8025725214073538
2020-02-18,0.7512717326899037
2020-02-19,0.7101438511841828
2020-02-20,0.692171835009013
2020-02-21,0.6701681091339554
2020-02-24,0.7507841231072406
2020-02-25,1.5010213926798206
2020-02-26,1.8346904312282777
2020-02-27,1.688224448071457
2020-02-28,2.3801902361375964
2020-03-02,2.184680796316023
2020-03-03,2.6042122059370345
2020-03-04,2.6422598411289377
2020-03-05,2.909438345095551
2020-03-06,2.9743329177222404
2020-03-09,2.7976302241562188
2020-03-10,4.0956695325234
2020-03-11,4.235772443241804
2020-03-12,4.340615988204625
2020-03-13,5.601088666759453
2020-03-16,6.048096336311297
2020-03-17,7.161375828926026
2020-03-18,6.8589541134544465
2020-03-19,6.588645470936654
2020-03-20,6.017580901301399
2020-03-23,5.762454951249125
2020-03-24,5.360699592592225
2020-03-25,5.967486521240883
2020-03-26,5.481368724035128
2020-03-27,5.481498460090038
2020-03-30,5.145953822905053
2020-03-31,4.865628895464748
2020-04-01,4.4837576297493715
2020-04-02,4.47880610745476
2020-04-03,4.188987580210399
2020-04-06,3.869981025555083
2020-04-07,4.363833811626929
2020-04-08,3.9870817540647447
2020-04-09,3.867723052310173
2020-04-13,3.583907679318766
2020-04-14,3.2953028305740246
2020-04-15,3.2219576780800963
2020-04-16,3.0641868254352893
2020-04-17,2.8080196869505705
2020-04-20,2.773919271418421
2020-04-21,2.631635367634454
2020-04-22,2.6956237478366853
2020-04-23,2.6125182358914545
2020-04-24,2.390016138507214
2020-04-27,2.2540793368704732
2020-04-28,2.1389963705291364
2020-04-29,1.9671772589750023
2020-04-30,2.0692724663531097
2020-05-01,1.9307336619614548
2020-05-04,2.060104105803165
2020-05-05,1.8901209915014554
2020-05-06,1.7697518616937458
2020-05-07,1.6448639013337933
2020-05-08,1.581495394210094
2020-05-11,1.5889559764481995
2020-05-12,1.4587540650551905
2020-05-13,1.5569702341463396
2020-05-14,1.5926644590942238
2020-05-15,1.5351364863191792
2020-05-18,1.4213721150275331
2020-05-19,1.760715861984642
2020-05-20,1.6650280305702378
2020-05-21,1.6652877603257719
2020-05-22,1.5521522163334482
2020-05-26,1.427275528781939
2020-05-27,1.397639073888457
2020-05-28,1.410351929204903
2020-05-29,1.2987292881331511
2020-06-01,1.2082906801378324
2020-06-02,1.1249823055061436
2020-06-03,1.0879316358615754
2020-06-04,1.1315612928364571
2020-06-05,1.0495153390141254
2020-06-08,1.3900741885815187
2020-06-09,1.3628649733878149
2020-06-10,1.287759501877885
2020-06-11,1.2058909165512968
2020-06-12,2.586390698253527
2020-06-15,2.4120926154659554
2020-06-16,2.2374945931205295
2020-06-17,2.1813897100580246
2020-06-18,2.0040912655792678
2020-06-19,1.8361146807922641
2020-06-22,1.6983116901936095
2020-06-23,1.5782157742760445
2020-06-24,1.4602004881769242
2020-06-25,1.6833129054698235
2020-06-26,1.6003558720928002
2020-06-29,1.7470099757266686
2020-06-30,1.7019569094114362
2020-07-01,1.639647221614657
2020-07-02,1.529602307044687
2020-07-06,1.4213662866455155
2020-07-07,1.438898178747284
2020-07-08,1.3840058446912045
2020-07-09,1.3076230428656916
2020-07-10,1.2243890914435112
2020-07-13,1.1969499762380427
2020-07-14,1.1552817548544716
2020-07-15,1.180013747047349
2020-07-16,1.1460868937369648
2020-07-17,1.0654546487187855
2020-07-20,0.991311061116867
2020-07-21,0.9710083848933422
2020-07-22,0.9035552260570248
2020-07-23,0.8682610316869197
2020-07-24,0.9353006914829898
2020-07-27,0.9040336982040849
2020-07-28,0.8868066457962671
2020-07-29,0.8612022210081929
2020-07-30,0.9342828767172319
2020-07-31,0.8779924509374671
2020-08-03,0.8728809964094998
2020-08-04,0.8560771427408909
2020-08-05,0.8108039027524129
2020-08-06,0.7942416164373902
2020-08-07,0.7861368006450049
2020-08-10,0.7344918044371135
2020-08-11,0.6978586265948605
2020-08-12,0.7319673194917851
2020-08-13,0.8756054849433974
2020-08-14,0.8171036258488561
2020-08-17,0.7616178031738365
2020-08-18,0.7229189221769593
2020-08-19,0.6829160672681992
2020-08-20,0.6627427210109265
2020-08-21,0.6360976085937495
2020-08-24,0.6166268174499571
2020-08-25,0.7054952838816264
2020-08-26,0.6762433395524611
2020-08-27,0.7474458141945148
2020-08-28,0.7047039856897577
2020-08-31,0.708256459757111
2020-09-01,0.6797466096957502
2020-09-02,0.7379997983255352
2020-09-03,0.8924855420229262
2020-09-04,1.6076676809598685
2020-09-08,1.5105373739574905
2020-09-09,1.7642325247038213
2020-09-10,1.7914490999734345
2020-09-11,1.781299219857196
2020-09-14,1.6335807631983739
2020-09-15,1.5851285181120878
2020-09-16,1.4686916439524336
2020-09-17,1.35863045148026
2020-09-18,1.297217097105854
2020-09-21,1.2780974315428313
2020-09-22,1.2565210793746149
2020-09-23,1.2240624632825485
2020-09-24,1.4574104117036475
2020-09-25,1.3434513160058168
2020-09-28,1.3877089976522181
2020-09-29,1.4312201065686398
2020-09-30,1.3330338525800087
2020-10-01,1.262098599169633
2020-10-02,1.1893496370363381
2020-10-05,1.1590270335061597
2020-10-06,1.273253189382105
2020-10-07,1.3007329911999739
2020-10-08,1.3763700949396815
2020-10-09,1.3126074531607537
2020-10-12,1.2577166906712096
2020-10-13,1.3175770135459415
2020-10-14,1.2396763721752935
2020-10-15,1.1687244546873867
2020-10-16,1.0790719737591696
2020-10-19,0.9973147262782418
2020-10-20,1.102567591100412
2020-10-21,1.030298805777864
2020-10-22,0.9559699207385174
2020-10-23,0.911902208482106
2020-10-26,0.8569948849642813
2020-10-27,1.0834789207395383
2020-10-28,1.0101782090964353
2020-10-29,1.6567817822217246
2020-10-30,1.5714817433029649
2020-11-02,1.5005827339087874
2020-11-03,1.4465497357502148
2020-11-04,1.4971505328381027
2020-11-05,1.6271063972162552
2020-11-06,1.6754875428985887
2020-11-09,1.5373394037210717
2020-11-10,1.494860917572711
2020-11-11,1.3745484140520146
2020-11-12,1.2973248527470436
2020-11-13,1.254330412897158
2020-11-16,1.275678087240569
2020-11-17,1.2719958325290484
2020-11-18,1.1904189012296063
2020-11-19,1.196433120942343
2020-11-20,1.1153279776659029
2020-11-23,1.064624569926273
2020-11-24,1.0116873397136226
2020-11-25,1.1278000305371145
2020-11-27,1.0427765292885907
2020-11-30,0.9704890735677592
2020-12-01,0.9159913240700966
2020-12-02,0.9518110910255748
2020-12-03,0.8862815275220217
2020-12-04,0.8236428047025544
2020-12-07,0.8383891411644163
2020-12-08,0.784841161223843
2020-12-09,0.7417495448795678
2020-12-10,0.7795633257370972
2020-12-11,0.7281954215290686
2020-12-14,0.6838713203337856
2020-12-15,0.6667357495117248
2020-12-16,0.8203945553593097
2020-12-17,0.7670436686940322
2020-12-18,0.7497125479150204
2020-12-21,0.7188987058490028
2020-12-22,0.6886125525506267
2020-12-23,0.6505476022983651
2020-12-24,0.6144692289740541
2020-12-28,0.6013387876499917
2020-12-29,0.6619366571192831
2020-12-30,0.6280304999084099
2020-12-31,0.5962163565328265
2021-01-04,0.5996639664342669
2021-01-05,0.7835521104356207
2021-01-06,0.7798559820050286
2021-01-07,0.7651394632615315
2021-01-08,0.9208787027550774
2021-01-11,0.8833529462198374
2021-01-12,0.8629745318266225
2021-01-13,0.8027213631532978
2021-01-14,0.756195113499362
2021-01-15,0.7205760023027061
2021-01-19,0.7343159556116804
2021-01-20,0.7534160823046743
2021-01-21,0.8881942226324984
2021-01-22,0.8260663242827547
2021-01-25,0.7821641636524326
2021-01-26,0.7466281327289933
2021-01-27,0.7014153301509926
2021-01-28,1.1750617198167712
2021-01-29,1.1348332876274771
2021-02-01,1.31512577072296
2021-02-02,1.373562039350531
2021-02-03,1.378783205620484
2021-02-04,1.2684607209592933
2021-02-05,1.2498813952754846
2021-02-08,1.1616785245992098
2021-02-09,1.108353483958892
2021-02-10,1.023787932580129
2021-02-11,0.9473500060310976
2021-02-12,0.8806984863414882
2021-02-16,0.8411962662374765
2021-02-17,0.7839136090703781
2021-02-18,0.7320201999970273
2021-02-19,0.7059370676333623
2021-02-22,0.6661668844740943
2021-02-23,0.6969181588308146
2021-02-24,0.6562618869673532
2021-02-25,0.7538811849082421
2021-02-26,1.1906161718545034
2021-03-01,1.1164058383360487
2021-03-02,1.3963434755606563
2021-03-03,1.3204485898189524
2021-03-04,1.323567717025791
2021-03-05,1.3128306286313907
2021-03-08,1.4050369710296495
2021-03-09,1.306708871036913
2021-03-10,1.3257475235606875
2021-03-11,1.244205654968928
2021-03-12,1.212954532591802
2021-03-15,1.119210247643072
2021-03-16,1.0593854571958907
2021-03-17,0.9805342260912202
2021-03-18,0.918065447535392
2021-03-19,1.028764462788211
2021-03-22,0.9544621326091836
2021-03-23,0.9384677480630853
2021-03-24,0.924246394434284
2021-03-25,0.8807593369038597
2021-03-26,0.847831115093364
2021-03-29,1.0089784606255376
2021-03-30,0.9340676329429626
2021-03-31,0.8727476542030228
2021-04-01,0.8268860792515225
2021-04-05,0.8786022122115988
2021-04-06,0.9905184879148655
2021-04-07,0.9175310010119622
2021-04-08,0.8528314764941306
2021-04-09,0.8151535669245119
2021-04-12,0.8115283815686591
2021-04-13,0.7567681616499967
2021-04-14,0.7172612292370313
2021-04-15,0.6859156781864654
2021-04-16,0.7696262286766343
2021-04-19,0.7310922537201147
2021-04-20,0.7117575481419792
2021-04-21,0.7275673319842885
2021-04-22,0.7758772414162054
2021-04-23,0.8096601899304856
2021-04-26,0.8659519810770498
2021-04-27,0.8095119204594965
2021-04-28,0.7548773950039491
2021-04-29,0.7061588577889115
2021-04-30,0.7082580998474604
2021-05-03,0.713377515464272
2021-05-04,0.6744841445077485
2021-05-05,0.679706725961333
2021-05-06,0.6393785026682421
2021-05-07,0.6798314397448612
2021-05-10,0.7001041760649017
2021-05-11,0.765053710062726
2021-05-12,0.7973425983712603
2021-05-13,1.1255162545845379
2021-05-14,1.1401614549056827
2021-05-17,1.2109035016259644
2021-05-18,1.1205917005089343
2021-05-19,1.089042285471984
2021-05-20,1.0113113631836508
2021-05-21,1.02622382383208
2021-05-24,0.9499359018124032
2021-05-25,0.9668629429454894
2021-05-26,0.9002016377353793
2021-05-27,0.8396893056688952
2021-05-28,0.7820964472645175
2021-06-01,0.7337166806779474
2021-06-02,0.6880991071286157
2021-06-03,0.6496464297431863
2021-06-04,0.6298692548659179
2021-06-07,0.6946083225224232
2021-06-08,0.6535898101540751
2021-06-09,0.6161989556954974
2021-06-10,0.5860956965849761
2021-06-11,0.5858026932540298
2021-06-14,0.5602002872827628
2021-06-15,0.5411958160280281
2021-06-16,0.5224198753103367
2021-06-17,0.547316990857863
2021-06-18,0.5229072365592486
2021-06-21,0.7327016009870535
2021-06-22,0.8852071186726437
2021-06-23,0.8489179978270988
2021-06-24,0.7915087390826671
2021-06-25,0.7743117415427351
2021-06-28,0.7367165177517316
2021-06-29,0.6944271986126148
2021-06-30,0.65265633217978
2021-07-01,0.6162051250065456
2021-07-02,0.6222727252428728
2021-07-06,0.6603193187545568
2021-07-07,0.6262127261458699
2021-07-08,0.6080124546739689
2021-07-09,0.6597276868864125
2021-07-12,0.7488326697823467
2021-07-13,0.7146547841557342
2021-07-14,0.6835969293587507
2021-07-15,0.6453779217655208
2021-07-16,0.6235758076892264
2021-07-19,0.6660357361411166
2021-07-20,0.8577456043945444
2021-07-21,0.9746634192139412
2021-07-22,0.9570481968355724
2021-07-23,0.8909334370360669
2021-07-26,0.920447685460081
2021-07-27,0.8596632995739782
2021-07-28,0.8196442646649356
2021-07-29,0.7640591249807264
2021-07-30,0.7325659791890157
2021-08-02,0.7124137849519996
2021-08-03,0.6733689695941824
2021-08-04,0.7092673176084087
2021-08-05,0.6931728391446292
2021-08-06,0.6969302109470816
2021-08-09,0.6577475038667056
2021-08-10,0.6206445801424713
2021-08-11,0.589094581681351
2021-08-12,0.5677678951522437
2021-08-13,0.5532813457460362
2021-08-16,0.5327727780320216
2021-08-17,0.5183865413129429
2021-08-18,0.5607817696188758
2021-08-19,0.6877878327427189
2021-08-20,0.6492813137036998
2021-08-23,0.6871110866668405
2021-08-24,0.7319436495403862
2021-08-25,0.6884799609999984
2021-08-26,0.6522682069066426
2021-08-27,0.6575828219035696
2021-08-30,0.7117316787730001
2021-08-31,0.6896165298560186
2021-09-01,0.6506630596466931
2021-09-02,0.6139103972159701
2021-09-03,0.5935570180820054
2021-09-07,0.5633126434569091
2021-09-08,0.5548994843061733
2021-09-09,0.5315321051892885
2021-09-10,0.5362157968657018
2021-09-13,0.6001377277160271
2021-09-14,0.5778258580967159
2021-09-15,0.5892102376315104
2021-09-16,0.6480530834825218
2021-09-17,0.61442432792657
2021-09-20,0.6974689813178677
2021-09-21,0.9308090928146954
2021-09-22,0.8643437088868935
2021-09-23,0.8899650331359709
2021-09-24,0.9535968979842875
2021-09-27,0.8863907264301029
2021-09-28,0.8313440073471291
2021-09-29,1.1138675232980868
2021-09-30,1.0305545045650217
2021-10-01,1.0689714716298409
2021-10-04,1.0917405063952235
2021-10-05,1.1303159666345135
2021-10-06,1.1199023621538173
2021-10-07,1.0466662897043464
2021-10-08,1.025328518663388
2021-10-11,0.9512965336256876
2021-10-12,0.927095674107344
2021-10-13,0.8656536753979901
2021-10-14,0.8173745362099505
2021-10-15,1.0054069000789303
2021-10-18,0.977309699502904
2021-10-19,0.9127861755500993
2021-10-20,0.8996552983068522
2021-10-21,0.8496750884985346
2021-10-22,0.797374025455667
2021-10-25,0.7451005422560182
2021-10-26,0.7283953525599394
2021-10-27,0.6834079541198342
2021-10-28,0.6658483270351341
2021-10-29,0.731945472584959
2021-11-01,0.6902699302647073
2021-11-02,0.6521380670016148
2021-11-03,0.6350079698917216
2021-11-04,0.6457394953115768
2021-11-05,0.6366493643712734
2021-11-08,0.6164191774556048
2021-11-09,0.5843049476366929
2021-11-10,0.5701799003318596
2021-11-11,0.6288718063424005
2021-11-12,0.5944511697867473
2021-11-15,0.6368322696322585
2021-11-16,0.6014891635614671
2021-11-17,0.5909874641379166
2021-11-18,0.5690735710139083
2021-11-19,0.5579334831315975
2021-11-22,0.5366537016774803
2021-11-23,0.5252814549547726
2021-11-24,0.5062401339322461
2021-11-26,0.4981845814558556
2021-11-29,1.0086774047455827
2021-11-30,1.0495306568901526
2021-12-01,1.2405290413743033
2021-12-02,1.224415833995201
2021-12-03,1.2769167089121036
2021-12-06,1.2250361545134993
2021-12-07,1.220166200798142
2021-12-08,1.3830667662627762
2021-12-09,1.2762116722057908
2021-12-10,1.2050130885130852
2021-12-13,1.1703087174057258
2021-12-14,1.1347203470887695
2021-12-15,1.0818847276046335
2021-12-16,1.170885247197125
2021-12-17,1.134728029925201
2021-12-20,1.128656819839811
2021-12-21,1.123429234650973
2021-12-22,1.2469268076167777
2021-12-23,1.2135061280737145
2021-12-27,1.144753357065928
2021-12-28,1.1921847153583134
2021-12-29,1.0996492756776806
2021-12-30,1.0168412309006563
2021-12-31,0.9472158960112653
2022-01-03,0.8838777525330382
2022-01-04,0.8522225036581854
2022-01-05,0.7931552413336584
2022-01-06,1.0627518459280794
2022-01-07,0.9830079146644455
2022-01-10,0.9237124189810122
2022-01-11,0.8585670106276947
2022-01-12,0.8747229875856821
2022-01-13,0.8201117923266436
2022-01-14,0.9391131318444945
2022-01-18,0.8711536070234682
2022-01-19,1.072382798474823
2022-01-20,1.0726600178851888
2022-01-21,1.08360046778985
2022-01-24,1.2689594491105183
2022-01-25,1.1804483261398369
2022-01-26,1.1909689742381107
2022-01-27,1.1025157012406344
2022-01-28,1.0366305747413649
2022-01-31,1.3602109119778885
2022-02-01,1.4347683895523335
2022-02-02,1.34516638175614
2022-02-03,1.294711990561961
2022-02-04,1.5152083841436728
2022-02-07,1.4039724623266074
2022-02-08,1.297089452767772
2022-02-09,1.236812563664841
2022-02-10,1.2748023463068179
2022-02-11,1.3734892923931776
2022-02-14,1.48641778905435
2022-02-15,1.3717363896962862
2022-02-16,1.4098958067652965
2022-02-17,1.2970320334189864
2022-02-18,1.4652526067402314
2022-02-22,1.3705038861194976
2022-02-23,1.330093145167344
2022-02-24,1.4119556149942434
2022-02-25,1.4248957662311676
2022-02-28,1.5660630598781775
2022-03-01,1.4414756702778284
2022-03-02,1.455937232602937
2022-03-03,1.518010627882565
2022-03-04,1.4080903307262524
2022-03-07,1.3338124943879213
2022-03-08,1.700401503877896
2022-03-09,1.5884034819949349
2022-03-10,1.7914404357642768
2022-03-11,1.6522920382772728
2022-03-14,1.5975927181415683
2022-03-15,1.494678168435162
2022-03-16,1.6178724893029903
2022-03-17,1.717333684962217
2022-03-18,1.6494833349514793
2022-03-21,1.5731571391236845
2022-03-22,1.4444350088318343
2022-03-23,1.404231831170271
2022-03-24,1.3881506509768005
2022-03-25,1.4056733869096305
2022-03-28,1.3065813613775115
2022-03-29,1.2345648121978983
2022-03-30,1.2360203988634286
2022-03-31,1.1645829199358575
2022-04-01,1.2353738911137373
2022-04-04,1.1436644903153563
2022-04-05,1.1073797783472092
2022-04-06,1.1382528793697138
2022-04-07,1.122350602900106
2022-04-08,1.0547800693735503
2022-04-11,0.9807953038115386
2022-04-12,1.1336283572940375
2022-04-13,1.0564096669657208
2022-04-14,1.0744126750615235
2022-04-18,1.108406471445447
2022-04-19,1.0236284459217155
2022-04-20,1.1373578388189463
2022-04-21,1.0500450534849024
2022-04-22,1.1374125452448427
2022-04-25,1.5163399414899172
2022-04-26,1.4112594762238264
2022-04-27,1.737695082676013
2022-04-28,1.597652170615055
2022-04-29,1.7645425019569596
2022-05-02,2.193644530828709
2022-05-03,2.022369801080034
2022-05-04,1.8613933286893074
2022-05-05,2.0744624629387314
2022-05-06,2.3740790575637636
2022-05-09,2.185548928589411
2022-05-10,2.3754478123663643
2022-05-11,2.1759692457938686
2022-05-12,2.0896358953708685
2022-05-13,1.9143276777412466
2022-05-16,1.985301928815065
2022-05-17,1.8259746231273632
2022-05-18,1.8557535900111133
2022-05-19,2.3479320649063236
2022-05-20,2.16256025538146
2022-05-23,1.980329322366157
2022-05-24,1.955435949533606
2022-05-25,1.8169641135789347
2022-05-26,1.701420299116588
2022-05-27,1.7440753491975176
2022-05-31,1.8624361009389552
2022-06-01,1.721500557952972
2022-06-02,1.6110969358182063
2022-06-03,1.654520015273433
2022-06-06,1.65188244798891
2022-06-07,1.5205805658317124
2022-06-08,1.4462621106206497
2022-06-09,1.3970622578553364
2022-06-10,1.5957915475280948
2022-06-13,1.8669007641355102
2022-06-14,2.2904479324719382
2022-06-15,2.1000330461251786
2022-06-16,2.0023073963121125
2022-06-17,2.262153860537917
2022-06-21,2.0726470888794553
2022-06-22,2.1354550962785375
2022-06-23,1.9568868103223156
2022-06-24,1.8336985776424386
2022-06-27,2.083608193444601
2022-06-28,1.914327978073966
2022-06-29,1.933189334863853
2022-06-30,1.7718479636566034
2022-07-01,1.6562408065690961
2022-07-05,1.5751566427796544
2022-07-06,1.4481070128385927
2022-07-07,1.3375178921479156
2022-07-08,1.3625260360672602
2022-07-11,1.2537704953625384
2022-07-12,1.2401382538178076
2022-07-13,1.1948297823321774
2022-07-14,1.120866898217833
2022-07-15,1.0391587394890378
2022-07-18,1.2155765365093616
2022-07-19,1.1668237089749949
2022-07-20,1.502609869948304
2022-07-21,1.4027983255163767
2022-07-22,1.3500021740635808
2022-07-25,1.2949853895344674
2022-07-26,1.193137050213293
2022-07-27,1.1954946246832914
2022-07-28,1.4937635826479878
2022-07-29,1.4572726315995141
2022-08-01,1.4552019803869867
2022-08-02,1.342439751224286
2022-08-03,1.2622925139913033
2022-08-04,1.3134249949753325
2022-08-05,1.2091692118160406
2022-08-08,1.116518807994807
2022-08-09,1.0318352840944927
2022-08-10,0.9671897345343122
2022-08-11,1.213107085016881
2022-08-12,1.118095567530884
2022-08-15,1.2253433029670282
2022-08-16,1.1406865762160816
2022-08-17,1.0554561232927366
2022-08-18,1.0151632752867372
2022-08-19,0.9463364299425161
2022-08-22,1.026228456003747
2022-08-23,1.2594726925809965
2022-08-24,1.1639429150113192
2022-08-25,1.080989034884822
2022-08-26,1.140842492985881
2022-08-29,1.715414615125037
2022-08-30,1.5950712939591847
2022-08-31,1.5272889832124772
2022-09-01,1.434565326424732
2022-09-02,1.3243934352044335
2022-09-06,1.2881452163823803
2022-09-07,1.1952722614746905
2022-09-08,1.3056648831839968
2022-09-09,1.2288609148383236
2022-09-12,1.284453566752828
2022-09-13,1.2551633432199585
2022-09-14,2.0961506445124796
2022-09-15,1.9256503576784976
2022-09-16,1.8209459488388104
2022-09-19,1.6964501128417937
2022-09-20,1.5857353067339088
2022-09-21,1.52497591031108
2022-09-22,1.5623339299297399
2022-09-23,1.4724289116102323
2022-09-26,1.5073828175953536
2022-09-27,1.438846965440246
2022-09-28,1.326347075272284
2022-09-29,1.441225971307754
2022-09-30,1.563380476365326
2022-10-03,1.5608962894525062
2022-10-04,1.7620012571065289
2022-10-05,2.012890394401115
2022-10-06,1.8463347313349143
2022-10-07,1.7410197414799717
2022-10-10,1.9462699574184052
2022-10-11,1.8087533843501453
2022-10-12,1.677132029335968
2022-10-13,1.5442830189128522
2022-10-14,1.7495268324084978
2022-10-17,1.8430139349666503
2022-10-18,1.9622491883099018
2022-10-19,1.85575661254866
2022-10-20,1.7239850416466107
2022-10-21,1.6156824991494274
2022-10-24,1.758150618600124
2022-10-25,1.6818788507956688
2022-10-26,1.6641684158324228
2022-10-27,1.5557309686094003
2022-10-28,1.444010384445337
2022-10-31,1.6176092012536634
2022-11-01,1.5118787196933372
2022-11-02,1.3994454684444328
2022-11-03,1.6294641219439001
2022-11-04,1.549925460213815
2022-11-07,1.5302587567642212
2022-11-08,1.4544723196926785
2022-11-09,1.3533519915723555
2022-11-10,1.4901294789720048
2022-11-11,2.5102646519320344
2022-11-14,2.327894898423398
2022-11-15,2.157103148080733
2022-11-16,2.0033311311229336
2022-11-17,1.859908681406856
2022-11-18,1.7091751662511276
2022-11-21,1.5780085172076463
2022-11-22,1.4558598777458722
2022-11-23,1.4375453456344345
2022-11-25,1.3442527675848475
2022-11-28,1.236829346464193
2022-11-29,1.3033849423094814
2022-11-30,1.201690153049085
2022-12-01,1.6477648250448356
2022-12-02,1.5124099562502544
2022-12-05,1.3899991572342807
2022-12-06,1.464130500146858
2022-12-07,1.4616350508183102
2022-12-08,1.3448651999327685
2022-12-09,1.2748454273321663
2022-12-12,1.210425491435515
2022-12-13,1.2496746017112812
2022-12-14,1.1887668407482452
2022-12-15,1.1247447510164352
2022-12-16,1.4236324688215003
2022-12-19,1.3895980690226177
2022-12-20,1.321048063976705
2022-12-21,1.2169694152227115
2022-12-22,1.2643965273764375
2022-12-23,1.2943781460437096
2022-12-27,1.2127959340223196
2022-12-28,1.1285649310702053
2022-12-29,1.1519803151318688
2022-12-30,1.2735674622983404
2023-01-03,1.1773732634753815
2023-01-04,1.0983939637417575
2023-01-05,1.058594189446229
2023-01-06,1.0776901639388516
2023-01-09,1.3367083968576532
2023-01-10,1.2301661301450781
2023-01-11,1.166371432662937
2023-01-12,1.183977582141209
2023-01-13,1.1010780508517533
2023-01-17,1.0282260427666512
2023-01-18,0.9539225501952913
2023-01-19,1.0834083115025404
2023-01-20,1.0413778816684163
2023-01-23,1.2060091863893962
2023-01-24,1.2065993415803782
2023-01-25,1.1130127104615928
2023-01-26,1.0277641064658785
2023-01-27,1.0434484861663942
2023-01-30,0.9691241298877828
2023-01-31,1.026149824629671
2023-02-01,1.1094015791443526
2023-02-02,1.1055677852801662
2023-02-03,1.1685033061987284
2023-02-06,1.156823346920442
2023-02-07,1.09411815953042
2023-02-08,1.1324762277050617
2023-02-09,1.131155188945112
2023-02-10,1.098767579333344
2023-02-13,1.0189346511635675
2023-02-14,1.0486200788039808
2023-02-15,0.9697408712735909
2023-02-16,0.9075441234356609
2023-02-17,1.0036993796514935
2023-02-21,0.9342969840206101
2023-02-22,1.1774475146145655
2023-02-23,1.087212103736695
2023-02-24,1.025820405857322
2023-02-27,1.0387836558132102
2023-02-28,0.969969276822387
2023-03-01,0.910470931076758
2023-03-02,0.858687858627948
2023-03-03,0.8549745946945402
2023-03-06,1.0121356043356138
2023-03-07,0.9370954356639989
2023-03-08,1.060482841784519
2023-03-09,0.9823631226726045
2023-03-10,1.1680566538446424
2023-03-13,1.2196343010403137
2023-03-14,1.1253970356010234
2023-03-15,1.2226896801955485
2023-03-16,1.153464703832119
2023-03-17,1.2650918114859953
2023-03-20,1.253595538985264
2023-03-21,1.2145129351895239
2023-03-22,1.2313489572834446
2023-03-23,1.3208259096893173
2023-03-24,1.2202079172262303
2023-03-27,1.1535651690526318
2023-03-28,1.0668122564244702
2023-03-29,0.9899276414656033
2023-03-30,1.078172847310069
2023-03-31,1.0223409453148533
2023-04-03,1.0944114168491197
2023-04-04,1.021877411157072
2023-04-05,0.9704639544189739
2023-04-06,0.9050858570234235
2023-04-10,0.8542813975544732
2023-04-11,0.7959133162325643
2023-04-12,0.7427542775883358
2023-04-13,0.7135845313142705
2023-04-14,0.8469492188470176
2023-04-17,0.7941706554385172
2023-04-18,0.7543928736537886
2023-04-19,0.7061027170612313
2023-04-20,0.6627106481261829
2023-04-21,0.6602684252050035
2023-04-24,0.6227978681763735
2023-04-25,0.5903858062109694
2023-04-26,0.8427104511388017
2023-04-27,0.8020923518272347
2023-04-28,1.0774435456415852
2023-05-01,1.0501816171997005
2023-05-02,0.9717919935739837
2023-05-03,1.0041540620749407
2023-05-04,0.9681828113930625
2023-05-05,0.9396894547657472
2023-05-08,1.131386712698139
2023-05-09,1.0443000016992479
2023-05-10,0.9810257251071391
2023-05-11,0.9270043972898797
2023-05-12,0.8628611812131924
2023-05-15,0.8042319955387882
2023-05-16,0.7622450143636273
2023-05-17,0.7598651329624282
2023-05-18,0.8544208096116291
2023-05-19,0.8799013308153809
2023-05-22,0.8198541152922978
2023-05-23,0.7642434961447111
2023-05-24,0.8410956649487987
2023-05-25,0.8336663058044913
2023-05-26,0.8472634153440651
2023-05-30,0.9370319162508972
2023-05-31,0.8692640062330108
2023-06-01,0.8373787546863659
2023-06-02,0.8639110859268591
2023-06-05,0.9820987891060314
2023-06-06,0.9127832277860229
2023-06-07,0.8516623430283382
2023-06-08,0.8041671362979814
2023-06-09,0.7866613910173431
2023-06-12,0.7377931984185311
2023-06-13,0.7768151748868796
2023-06-14,0.770283276039233
2023-06-15,0.7213232628624738
2023-06-16,0.8319180933934698
2023-06-20,0.7864029541576126
2023-06-21,0.7621570054060409
2023-06-22,0.7406457338635681
2023-06-23,0.7077270167912204
2023-06-26,0.7281081774725938
2023-06-27,0.7009807308969574
2023-06-28,0.7855236741129699
2023-06-29,0.7336697168204376
2023-06-30,0.7043838644452937
2023-07-03,0.8062408703947943
2023-07-05,0.7532649294600319
2023-07-06,0.7070586830739786
2023-07-07,0.7320304234175367
2023-07-10,0.692895375920831
2023-07-11,0.6585032104510139
2023-07-12,0.6688391777103581
2023-07-13,0.704115457383329
2023-07-14,0.7303994453953339
2023-07-17,0.6847126016418775
2023-07-18,0.6579743860727452
2023-07-19,0.6849834287348179
2023-07-20,0.6498367561442957
2023-07-21,0.6664036131865593
2023-07-24,0.6274776087753905
2023-07-25,0.618451687278475
2023-07-26,0.59487536371557
2023-07-27,0.5644220784716194
2023-07-28,0.5979634742093353
2023-07-31,0.6844246065215669
2023-08-01,0.6477765349261361
2023-08-02,0.6213121629688498
2023-08-03,0.8055346922409994
2023-08-04,0.7597081336125641
2023-08-07,0.7324057148974507
2023-08-08,0.7664956937329016
2023-08-09,0.7366451353873997
2023-08-10,0.7385570955473568
2023-08-11,0.6916774265738406
2023-08-14,0.6502786804602231
2023-08-15,0.6503150975927072
2023-08-16,0.7671055966960797
2023-08-17,0.7732746653568129
2023-08-18,0.7826052938197773
2023-08-21,0.7310417685461214
2023-08-22,0.7308005261687529
2023-08-23,0.6928909402292059
2023-08-24,0.783267346433203
2023-08-25,0.9144494130029055
2023-08-28,0.8926881160994401
2023-08-29,0.8657861159328927
2023-08-30,0.9833287328957444
2023-08-31,0.92500236857923
2023-09-01,0.8602581514724582
2023-09-05,0.8035931290201028
2023-09-06,0.7686546999095729
2023-09-07,0.7657701713370119
2023-09-08,0.7259235580235355
2023-09-11,0.6828633739510592
2023-09-12,0.6918855088040521
2023-09-13,0.6851142621861307
2023-09-14,0.6456822152343175
2023-09-15,0.6964815411562765
2023-09-18,0.8094308065592017
2023-09-19,0.7551094669318383
2023-09-20,0.7109793624267893
2023-09-21,0.7595033857971777
2023-09-22,0.9664671991908326
2023-09-25,0.899962681189418
2023-09-26,0.8519862696791844
2023-09-27,0.983581829451745
2023-09-28,0.9111296078670282
2023-09-29,0.8758922709354723
2023-10-02,0.8198451058187171
2023-10-03,0.7642286718746745
2023-10-04,0.8895549195613313
2023-10-05,0.8743861151788294
2023-10-06,0.8130413041895075
2023-10-09,0.888834979889223
2023-10-10,0.8631647843157925
2023-10-11,0.828404846689664
2023-10-12,0.7882945883510732
2023-10-13,0.7741821277229806
2023-10-16,0.7494680678949733
2023-10-17,0.8131458982107965
2023-10-18,0.7580804814166142
2023-10-19,0.883707165315187
2023-10-20,0.8916022521034244
2023-10-23,0.9605364198135163
2023-10-24,0.8928739320283406
2023-10-25,0.8805196074940702
2023-10-26,0.9965208610857686
2023-10-27,1.0371870509830865
2023-10-30,0.9757678683078053
2023-10-31,1.0176695394695812
2023-11-01,0.973343801613096
2023-11-02,0.9936259203339126
2023-11-03,1.184856688559005
2023-11-06,1.1494667998193324
2023-11-07,1.064420068572022
2023-11-08,0.9901464307859689
2023-11-09,0.9173540898926795
2023-11-10,0.9054292739980605
2023-11-13,1.0381465379854429
2023-11-14,0.9608643335945217
2023-11-15,1.1679977989844699
2023-11-16,1.0805248222042751
2023-11-17,0.9994992393697378
2023-11-20,0.926611573149351
2023-11-21,0.9111344597643035
2023-11-22,0.8502156305977111
2023-11-24,0.805631789317117
2023-11-27,0.7517513942957126
2023-11-28,0.7068473104160156
2023-11-29,0.6644791905979149
2023-11-30,0.6263857986528552
2023-12-01,0.6119610525364069
2023-12-04,0.6241322977480477
2023-12-05,0.6253894778050978
2023-12-06,0.5912952108778302
2023-12-07,0.5832834991522292
2023-12-08,0.6297132749017201
2023-12-11,0.6185148150310507
2023-12-12,0.6047759302371994
2023-12-13,0.6004634119925637
2023-12-14,0.7837483503395968
2023-12-15,0.7425883430481811
2023-12-18,0.698136382409465
2023-12-19,0.6917284953963344
2023-12-20,0.6922764934797607
2023-12-21,0.8510143876880601
2023-12-22,0.8746243376735179
2023-12-26,0.8169452770986529
2023-12-27,0.7792999438772819
2023-12-28,0.7313063882225391
2023-12-29,0.6852418469505546
2024-01-02,0.6541814624287576
2024-01-03,0.6549751750792899
2024-01-04,0.6965352018296326
2024-01-05,0.6663769400384802
2024-01-08,0.6297590747154053
2024-01-09,0.8154502970717986
2024-01-10,0.7624800929964786
2024-01-11,0.7465538227112923
2024-01-12,0.6988683580948715
2024-01-16,0.6568193708118313
2024-01-17,0.6356764836796582
2024-01-18,0.6390972374879373
2024-01-19,0.6966106635965856
2024-01-22,0.8157660322769185
2024-01-23,0.7649453030347596
2024-01-24,0.724157687985893
2024-01-25,0.680081373870379
2024-01-26,0.6742302640762529
2024-01-29,0.6363747572754622
2024-01-30,0.6762948280443447
2024-01-31,0.6369641392660734
2024-02-01,0.8834229035225294
2024-02-02,0.967269775874216
2024-02-05,0.9864250505281514
2024-02-06,0.924750277444177
2024-02-07,0.8656442334604202
2024-02-08,0.8688212147085714
2024-02-09,0.8081045677295356
2024-02-12,0.7869184628234719
2024-02-13,0.7348497329098299
2024-02-14,0.8781802819302391
2024-02-15,0.890481755210871
2024-02-16,0.870418776933198
2024-02-20,0.8328271292025088
2024-02-21,0.8054985136627598
2024-02-22,0.7520865089518525
2024-02-23,1.0696308165611375
2024-02-26,0.9888875511960928
2024-02-27,0.9270692007486965
2024-02-28,0.8632758268466758
2024-02-29,0.8046309089068234
2024-03-01,0.7636230378477724
2024-03-04,0.8029190515244666
2024-03-05,0.7501262901394339
2024-03-06,0.8053795666182687
2024-03-07,0.7769975738387709
2024-03-08,0.8232209955818254
2024-03-11,0.8027991818470087
2024-03-12,0.7495947077330901
2024-03-13,0.8179302368599664
2024-03-14,0.7648485849091291
2024-03-15,0.7191798364662717
2024-03-18,0.726714425943846
2024-03-19,0.719770149438771
2024-03-20,0.7091460519195764
2024-03-21,0.7575323596193841
2024-03-22,0.7202191325418545
2024-03-25,0.6793325365246305
2024-03-26,0.6481260146717825
2024-03-27,0.6156219676116015
2024-03-28,0.6691796680101771
2024-04-01,0.6299799964472489
2024-04-02,0.5992190738216778
2024-04-03,0.6211213039868381
2024-04-04,0.5890670227513826
2024-04-05,0.7389959518339146
2024-04-08,0.8036366461454229
2024-04-09,0.7499015624523513
2024-04-10,0.7031075411122859
2024-04-11,0.7696015190146753
2024-04-12,0.777613985573213
2024-04-15,0.9090730664857419
2024-04-16,0.9788973210897357
2024-04-17,0.909617244954594
2024-04-18,0.8761874227142405
2024-04-19,0.8185401452850605
2024-04-22,0.8371995213179045
2024-04-23,0.8589288305885987
2024-04-24,0.9239871199714998
2024-04-25,0.8576192163084306
2024-04-26,0.8118010785770416
2024-04-29,0.8428496468562513
2024-04-30,0.7968769091000842
2024-05-01,0.9732796472985419
2024-05-02,0.9107536987364778
2024-05-03,0.9214145569277796
2024-05-06,0.9828337730729207
2024-05-07,0.9959723823931227
2024-05-08,0.9231656298706103
2024-05-09,0.8566865739499937
2024-05-10,0.8284568710275462
2024-05-13,0.7734304853876146
2024-05-14,0.7226292616808541
2024-05-15,0.70088337486973
2024-05-16,0.8168954280880356
2024-05-17,0.7657286385356602
2024-05-20,0.7179677056036023
2024-05-21,0.6747399732243495
2024-05-22,0.6421287605101759
2024-05-23,0.616534526920413
2024-05-24,0.6508004423257429
2024-05-28,0.666237862237174
2024-05-29,0.6279321565910666
2024-05-30,0.6546828922538174
2024-05-31,0.670338785203657
2024-06-03,0.7247657182825348
2024-06-04,0.6800188519428614
2024-06-05,0.6410441203698191
2024-06-06,0.7629112758091375
2024-06-07,0.7132293179079732
2024-06-10,0.6707162297151256
2024-06-11,0.6428493409649978
2024-06-12,0.6139830049755949
2024-06-13,0.6642951083503469
2024-06-14,0.6305925805877918
2024-06-17,0.5963126842116304
2024-06-18,0.6458934627950726
2024-06-20,0.6174581343064337
2024-06-21,0.5939711487321928
2024-06-24,0.5660593775188559
2024-06-25,0.5541229026317344
2024-06-26,0.5498693994088468
2024-06-27,0.5272602896696928
2024-06-28,0.5090547648044955
2024-07-01,0.5134422210885274
2024-07-02,0.4998526131459256
2024-07-03,0.5490179883771256
2024-07-05,0.5527086506057136
2024-07-08,0.5738860682529491
2024-07-09,0.5478570734689984
2024-07-10,0.5246098148683715
2024-07-11,0.6347927554157886
2024-07-12,0.689532111130289
2024-07-15,0.693557836022429
2024-07-16,0.6604343344274993
2024-07-17,0.6642320268777093
2024-07-18,0.8365041350408603
2024-07-19,0.8359800654284948
2024-07-22,0.821425972980266
2024-07-23,0.8652846933466548
2024-07-24,0.8071134821418081
2024-07-25,1.1744766759434624
2024-07-26,1.1024874013169894
2024-07-29,1.108388558887274
2024-07-30,1.0237454137538502
2024-07-31,0.9679949931756014
2024-08-01,1.098507133151295
2024-08-02,1.159306829293455
2024-08-05,1.3000533561226078
2024-08-06,1.6684024770426564
2024-08-07,1.5728537466678538
2024-08-08,1.4680046741763888
2024-08-09,1.6210117175807885
2024-08-12,1.4978675404048727
2024-08-13,1.376218707001364
2024-08-14,1.419062351265447
2024-08-15,1.3104617979420625
2024-08-16,1.3790206080048468
2024-08-19,1.2713537704358224
2024-08-20,1.2291567148016276
2024-08-21,1.1344176329180753
2024-08-22,1.0556420671388147
2024-08-23,1.0239263668310454
2024-08-26,1.034513395219511
2024-08-27,0.9614514917190429
2024-08-28,0.8927191361763671
2024-08-29,0.8603814131126529
2024-08-30,0.8003625325050368
2024-09-03,0.8349360036896917
2024-09-04,1.1284806155975922
2024-09-05,1.0447351455772547
2024-09-06,0.9708057385646061
2024-09-09,1.1201522735898584
2024-09-10,1.122998089307425
2024-09-11,1.0506717261562248
2024-09-12,1.0510971456642553
2024-09-13,1.0262763393689298
2024-09-16,0.9712897752890155
2024-09-17,0.9018053968226766
2024-09-18,0.837654791739088
2024-09-19,0.7887008091008206
2024-09-20,0.9924285966349171
2024-09-23,0.9214724616989911
2024-09-24,0.860772775932255
2024-09-25,0.8085524807876351
2024-09-26,0.7589565108320673
2024-09-27,0.7265660910869782
2024-09-30,0.6832523198227662
2024-10-01,0.6613781883923558
2024-10-02,0.716542172290623
2024-10-03,0.6721568461117443
2024-10-04,0.6366528129178063
2024-10-07,0.698574801935253
2024-10-08,0.7469301518665319
2024-10-09,0.7909818440895214
2024-10-10,0.7866068692984969
2024-10-11,0.7375925131601174
2024-10-14,0.7295004200450538
2024-10-15,0.7548250646689625
2024-10-16,0.7697940429284905
2024-10-17,0.739314202894391
2024-10-18,0.692215479930708
2024-10-21,0.6676507097983692
2024-10-22,0.6318960541505315
2024-10-23,0.5973483367016534
2024-10-24,0.6718190668623288
2024-10-25,0.6379565556926008
2024-10-28,0.6024837789945214
2024-10-29,0.5838368796339474
2024-10-30,0.5583326929161201
2024-10-31,0.5455387836415416
2024-11-01,0.9369876697284172
2024-11-04,0.8847414302245048
2024-11-05,0.8265545740297251
2024-11-06,0.9035902943362368
2024-11-07,1.279560807823318
2024-11-08,1.2165393482559463
2024-11-11,1.1340147878808702
2024-11-12,1.0472906355299971
2024-11-13,0.9760739840818423
2024-11-14,0.9044407442858153
2024-11-15,0.8773495752923889
2024-11-18,0.9603251993423166
2024-11-19,0.9044869624512906
2024-11-20,0.8520788641729012
2024-11-21,0.7930292583039046
2024-11-22,0.769474675099468
2024-11-25,0.7293092566233446
2024-11-26,0.6961640595354265
2024-11-27,0.6851851765036473
2024-11-29,0.655081855126438
2024-12-02,0.6637658761370265
2024-12-03,0.629098846247267
2024-12-04,0.5947949176900826
2024-12-05,0.6145978834985334
2024-12-06,0.5853316166694034
2024-12-09,0.5609781601468828
2024-12-10,0.5719396148902873
2024-12-11,0.5578803179424101
2024-12-12,0.6121504855284278
2024-12-13,0.6141646956200238
2024-12-16,0.5814071889995491
2024-12-17,0.5774213436669609
2024-12-18,0.5725813037392843
2024-12-19,1.308796035583907
2024-12-20,1.2047459265521707
2024-12-23,1.2057336285046392
2024-12-24,1.1359636771860753
2024-12-26,1.134945993385696
2024-12-27,1.0474648508188031
2024-12-30,1.0541720954385738
