Date,AAPL,GLD,HYG,JNJ,JPM,KO,LQD,NVDA,SPY,TLT,XOM
2021-07-01,133.80421447753906,166.1999969482422,66.96918487548828,144.1866912841797,138.43507385253906,46.54093551635742,110.66768646240234,20.142330169677734,402.2930908203125,121.98558807373047,52.6365852355957
2021-07-02,136.42625427246094,167.2899932861328,67.0757827758789,146.8104705810547,138.30210876464844,46.730690002441406,110.98152923583984,20.416378021240234,405.3680114746094,122.72172546386719,52.56169509887695
2021-07-06,138.4342803955078,168.1199951171875,67.0377197265625,145.93295288085938,135.97979736328125,46.471946716308594,111.38626098632812,20.627151489257812,404.6296691894531,124.1601791381836,51.0639762878418
2021-07-07,140.91989135742188,168.75999450683594,67.0605697631836,147.18409729003906,136.13934326171875,46.8514518737793,111.76620483398438,20.301530838012695,406.0596923828125,125.26010131835938,50.26519775390625
2021-07-08,139.62351989746094,168.64999389648438,66.91584777832031,146.8973388671875,133.79043579101562,46.687564849853516,111.82403564453125,19.834144592285156,402.75103759765625,125.75086975097656,50.040523529052734
2021-07-09,141.44627380371094,169.2100067138672,67.03011322021484,147.47938537597656,138.0716552734375,46.972198486328125,111.35318756103516,19.981138229370117,407.0503845214844,123.98246002197266,50.947479248046875
2021-07-12,140.8516387939453,169.0,67.00725555419922,147.244873046875,140.04830932617188,46.98944854736328,111.29541778564453,20.441795349121094,408.5083923339844,123.82171630859375,50.897552490234375
2021-07-13,141.9628448486328,169.22000122070312,66.80916595458984,147.06239318847656,137.96530151367188,47.4552001953125,110.88241577148438,20.180200576782227,407.11578369140625,122.87408447265625,50.65626525878906
2021-07-14,145.38421630859375,171.0399932861328,66.91584777832031,148.06155395507812,137.4954833984375,48.52470397949219,111.39452362060547,19.773107528686523,407.7232360839844,124.2701416015625,49.532962799072266
2021-07-15,144.73117065429688,171.07000732421875,66.87014770507812,146.2804718017578,137.796875,48.679962158203125,111.63409423828125,18.900876998901367,406.3307189941406,125.64088439941406,49.050376892089844
2021-07-16,142.6939239501953,169.41000366210938,66.77873229980469,146.0458984375,134.65025329589844,48.64545822143555,111.47709655761719,18.098398208618164,403.14361572265625,125.40399932861328,47.6941032409668
2021-07-19,138.85342407226562,169.61000061035156,66.32933044433594,144.98599243164062,130.271484375,48.067569732666016,112.27826690673828,18.715015411376953,397.1900329589844,128.15386962890625,46.05492401123047
2021-07-20,142.4600067138672,169.38999938964844,66.66445922851562,146.34999084472656,132.7001953125,48.153831481933594,112.12135314941406,18.547842025756836,402.8819580078125,126.91853332519531,46.5624885559082
2021-07-21,141.72891235351562,168.75999450683594,66.8244400024414,147.25357055664062,135.4922637939453,48.77483367919922,111.72492218017578,19.343093872070312,406.143798828125,125.31085205078125,48.060211181640625
2021-07-22,143.0935821533203,169.08999633789062,66.862548828125,147.67929077148438,133.7815399169922,48.70582962036133,112.18740844726562,19.526460647583008,406.9942932128906,126.49542236328125,47.519371032714844
2021-07-23,144.80914306640625,168.55999755859375,66.99200439453125,149.25177001953125,133.52450561523438,49.17158508300781,112.13786315917969,19.49058723449707,411.18145751953125,125.64938354492188,47.46112823486328
2021-07-26,145.2283172607422,168.16000366210938,66.89299774169922,149.3212890625,134.4197540283203,49.214717864990234,111.89010620117188,19.227489471435547,412.1908264160156,125.27703094482422,48.659305572509766
2021-07-27,143.06434631347656,168.44000244140625,66.80162048339844,150.00767517089844,134.2424774169922,49.38722229003906,112.36915588378906,19.141794204711914,410.312255859375,126.61392211914062,48.11845779418945
2021-07-28,141.31951904296875,169.2899932861328,66.85490417480469,149.59060668945312,134.4640655517578,48.93871307373047,112.5673599243164,19.435771942138672,410.1440124511719,126.62236785888672,48.442970275878906
2021-07-29,141.9628448486328,171.1699981689453,66.99964904785156,149.59060668945312,135.61639404296875,49.206092834472656,112.24524688720703,19.59422492980957,411.844970703125,125.92013549804688,49.033721923828125
2021-07-30,142.1773223876953,169.82000732421875,66.90821838378906,149.6079864501953,134.5349578857422,49.188838958740234,112.33612060546875,19.431787490844727,409.84490966796875,126.51239013671875,47.90211868286133
2021-08-02,141.84591674804688,169.61000061035156,66.7424087524414,149.6688690185547,133.99429321289062,49.05946350097656,112.66128540039062,19.68192481994629,408.98504638671875,127.64080810546875,47.910438537597656
2021-08-03,143.63943481445312,169.49000549316406,66.81881713867188,151.51068115234375,135.5188751220703,49.093955993652344,112.77709197998047,19.746694564819336,412.3123779296875,127.70858764648438,48.42631912231445
2021-08-04,143.2398223876953,169.52999877929688,66.69654083251953,150.6157989501953,134.0563201904297,48.3867073059082,112.80195617675781,20.204116821289062,410.2842102050781,127.97119903564453,47.29470443725586
2021-08-05,143.34703063964844,168.86000061035156,66.84939575195312,150.90255737304688,135.7493133544922,48.73170852661133,112.338623046875,20.565866470336914,412.88250732421875,127.31890106201172,47.59425735473633
2021-08-06,142.6636505126953,164.63999938964844,66.77296447753906,150.39862060546875,139.60507202148438,48.85245895385742,111.42012023925781,20.295799255371094,413.5647888183594,125.19254302978516,48.1434211730957
2021-08-09,142.6148681640625,161.72000122070312,66.62015533447266,150.91990661621094,139.4543914794922,48.861083984375,110.94025421142578,20.22504425048828,413.22821044921875,124.74356079101562,47.59425735473633
2021-08-10,142.1365203857422,161.77000427246094,66.46730041503906,150.9720458984375,141.16514587402344,48.9904670715332,110.69200897216797,19.867279052734375,413.7422790527344,124.1675033569336,48.409671783447266
2021-08-11,142.39035034179688,164.0,66.57429504394531,150.99807739257812,142.84925842285156,48.930084228515625,110.86578369140625,19.631099700927734,414.7703857421875,124.09123992919922,48.55112838745117
2021-08-12,145.34825134277344,164.0399932861328,66.68889617919922,152.21438598632812,143.40769958496094,49.02496337890625,111.02301788330078,19.836383819580078,416.01348876953125,123.88789367675781,48.44132995605469
2021-08-13,145.55325317382812,166.38999938964844,66.83411407470703,153.1266632080078,141.80331420898438,49.36133575439453,111.76764678955078,20.1184139251709,416.77056884765625,125.84481048583984,47.95142364501953
2021-08-16,147.5251922607422,167.22000122070312,66.8570327758789,154.508056640625,140.87261962890625,49.576961517333984,111.83384704589844,19.881235122680664,417.7518615722656,126.14977264404297,47.25035095214844
2021-08-17,146.61734008789062,166.97000122070312,66.70418548583984,155.92420959472656,139.1707763671875,49.40446853637695,111.63526153564453,19.39092254638672,415.0134582519531,126.09895324707031,46.929378509521484
2021-08-18,142.87840270996094,167.10000610351562,66.55133819580078,153.94329833984375,137.9032440185547,48.73170852661133,111.56082916259766,18.974367141723633,410.4710998535156,126.52255249023438,45.941123962402344
2021-08-19,143.21034240722656,166.61000061035156,66.54370880126953,155.14227294921875,136.75096130371094,49.04221725463867,111.81729888916016,19.72975730895996,411.106689453125,127.45441436767578,44.53899383544922
2021-08-20,144.66488647460938,166.6999969482422,66.70418548583984,155.8981475830078,137.14097595214844,48.85245895385742,111.89178466796875,20.74424934387207,414.3778381347656,127.53911590576172,44.54744338989258
2021-08-23,146.1487579345703,168.72999572753906,66.91050720214844,155.22518920898438,138.89599609375,48.679962158203125,111.97454071044922,21.88231086730957,418.0229797363281,127.45441436767578,46.38035202026367
2021-08-24,146.06088256835938,168.64999389648438,67.00223541259766,153.28494262695312,139.7558135986328,48.309085845947266,111.7179946899414,21.717878341674805,418.68646240234375,126.4632797241211,46.76044845581055
2021-08-25,144.8308868408203,167.47999572753906,67.07096099853516,152.2711181640625,142.63650512695312,48.36083221435547,111.42843627929688,22.136432647705078,419.5650939941406,125.41278076171875,46.844913482666016
2021-08-26,144.03033447265625,167.6699981689453,67.03280639648438,151.45838928222656,143.3721923828125,47.90370559692383,111.39530944824219,21.99193000793457,417.08831787109375,125.76007843017578,46.2114143371582
2021-08-27,145.06515502929688,170.19000244140625,67.21617126464844,151.13504028320312,144.5244903564453,47.99858093261719,112.01593017578125,22.55797576904297,420.8175354003906,126.61573791503906,47.10675811767578
2021-08-30,149.47763061523438,169.35000610351562,67.30023193359375,151.77301025390625,142.21104431152344,48.455711364746094,112.20614624023438,22.60979652404785,422.66815185546875,126.94609832763672,46.59151840209961
2021-08-31,148.21835327148438,169.69000244140625,67.31554412841797,151.30982971191406,141.7767333984375,48.56783676147461,111.94966125488281,22.31177520751953,422.0419006347656,126.08201599121094,46.050926208496094
2021-09-01,148.8821258544922,169.6999969482422,67.37298583984375,151.84292602539062,141.57284545898438,48.89558410644531,112.09393310546875,22.367591857910156,422.26617431640625,126.293212890625,45.417442321777344
2021-09-02,149.9949951171875,169.25,67.45735168457031,152.88296508789062,142.22877502441406,48.9645881652832,112.29283142089844,22.322738647460938,423.5653076171875,126.84459686279297,46.523948669433594
2021-09-03,150.62953186035156,171.05999755859375,67.46499633789062,152.97909545898438,141.3690185546875,48.930084228515625,111.88673400878906,22.768274307250977,423.4624938964844,125.69095611572266,46.346561431884766
2021-09-07,152.96270751953125,167.7100067138672,67.28868865966797,150.60189819335938,141.120849609375,48.015830993652344,111.35625457763672,22.587871551513672,421.9484558105469,124.63070678710938,46.0762825012207
2021-09-08,151.42031860351562,167.2899932861328,67.36536407470703,150.23480224609375,140.49148559570312,48.6627082824707,111.7126235961914,22.26592254638672,421.43438720703125,125.47896575927734,45.65394592285156
2021-09-09,150.40505981445312,168.02999877929688,67.42668914794922,146.8875732421875,141.1030731201172,48.17971420288086,112.44203186035156,22.104454040527344,419.63055419921875,126.99725341796875,45.68772888183594
2021-09-10,145.4263458251953,167.17999267578125,67.3270034790039,145.9261932373047,139.48098754882812,47.96408462524414,112.11878204345703,22.404468536376953,416.3218994140625,125.87765502929688,45.594818115234375
2021-09-13,145.9925537109375,167.74000549316406,67.49565887451172,144.90367126464844,141.69699096679688,48.36083221435547,112.39232635498047,22.079538345336914,417.3873596191406,126.64099884033203,46.76889419555664
2021-09-14,144.59658813476562,168.82000732421875,67.46499633789062,144.0296630859375,139.22393798828125,48.395591735839844,112.73212432861328,22.169240951538086,415.1349182128906,128.17628479003906,46.10160827636719
2021-09-15,145.4849395751953,167.8300018310547,67.56465911865234,144.571533203125,140.19012451171875,48.56071090698242,112.59954833984375,22.267915725708008,418.6023864746094,127.7267837524414,47.655784606933594
2021-09-16,145.25062561035156,164.02999877929688,67.54167175292969,144.396728515625,140.12803649902344,48.10012435913086,112.44203186035156,22.169240951538086,417.93878173828125,127.1414566040039,47.14899826049805
2021-09-17,142.58554077148438,163.77000427246094,67.45735168457031,143.98599243164062,139.7646484375,47.309322357177734,112.1933822631836,21.828359603881836,413.86773681640625,126.53067779541016,46.59151840209961
2021-09-20,139.53981018066406,164.94000244140625,67.21968841552734,143.1644287109375,135.5809326171875,46.979095458984375,112.54148864746094,21.043935775756836,406.96673583984375,128.09996032714844,45.3498649597168
2021-09-21,140.0181427001953,166.0399932861328,67.33468627929688,143.793701171875,135.59866333007812,46.97039794921875,112.53324127197266,21.17650032043457,406.5823059082031,127.98970794677734,45.30762481689453
2021-09-22,142.38058471679688,165.4199981689453,67.45735168457031,143.26930236816406,138.1957550048828,47.039920806884766,112.84813690185547,21.869226455688477,410.5484619140625,128.75308227539062,46.633758544921875
2021-09-23,143.33726501464844,163.50999450683594,67.4880142211914,144.08213806152344,142.866943359375,46.96171569824219,112.06904602050781,22.40845489501953,415.5366516113281,125.84368896484375,48.21327209472656
2021-09-24,143.42510986328125,163.3000030517578,67.38836669921875,143.64512634277344,144.5156707763672,46.831363677978516,111.82866668701172,22.008771896362305,416.22113037109375,124.61376953125,48.64404296875
2021-09-27,141.91197204589844,163.63999938964844,67.3270034790039,142.60508728027344,148.00799560546875,46.588035583496094,111.77063751220703,21.589141845703125,415.0303955078125,124.15565490722656,50.088417053222656
2021-09-28,138.5343017578125,162.0500030517578,67.02039337158203,142.29051208496094,147.2102508544922,45.745086669921875,110.57714080810547,20.631288528442383,406.6667175292969,122.22176361083984,50.61210250854492
2021-09-29,139.43238830566406,161.32000732421875,67.1430892944336,143.34799194335938,147.09503173828125,46.02317810058594,110.55224609375,20.44988250732422,407.3511962890625,122.43373107910156,50.57832336425781
2021-09-30,138.13406372070312,164.22000122070312,67.06639862060547,141.1455841064453,145.091796875,45.59735870361328,110.26216125488281,20.648235321044922,402.3724060058594,122.41680908203125,49.682979583740234
2021-10-01,139.2567138671875,164.58999633789062,67.22714233398438,140.2454071044922,148.14097595214844,46.07530975341797,111.06354522705078,20.674150466918945,407.1542663574219,123.44700622558594,51.46521759033203
2021-10-04,135.83016967773438,165.36000061035156,66.98869323730469,139.15293884277344,147.98143005371094,46.04923629760742,110.880859375,19.667449951171875,401.903564453125,123.13272857666016,52.13249206542969
2021-10-05,137.7532958984375,164.58999633789062,66.95795440673828,139.467529296875,150.39797973632812,46.12746047973633,110.42408752441406,20.384098052978516,406.0853576660156,121.94371032714844,52.04801940917969
2021-10-06,138.62217712402344,165.02999877929688,66.91947937011719,139.7559814453125,150.71900939941406,46.6749382019043,110.45731353759766,20.63228416442871,407.773193359375,122.63169860839844,51.093563079833984
2021-10-07,139.8814697265625,164.16000366210938,66.92718505859375,141.0057373046875,151.67311096191406,46.82266616821289,109.96733093261719,21.006059646606445,411.2986145019531,121.34925842285156,51.237159729003906
2021-10-08,139.50071716308594,164.22999572753906,66.72721862792969,140.6473846435547,151.78904724121094,47.03123092651367,109.46076965332031,20.76285743713379,410.5484619140625,120.49993133544922,52.52103805541992
2021-10-11,139.41287231445312,163.9199981689453,66.51954650878906,140.05313110351562,148.59671020507812,47.1268310546875,109.25316619873047,20.627302169799805,407.57623291015625,120.19417572021484,51.99735641479492
2021-10-12,138.143798828125,164.66000366210938,66.64262390136719,137.8157501220703,147.45529174804688,47.1268310546875,109.95073699951172,20.60338020324707,406.5729675292969,122.24951171875,51.72705841064453
2021-10-13,137.55809020996094,167.58999633789062,66.81952667236328,139.13543701171875,143.5673370361328,47.13551712036133,110.50716400146484,20.87050437927246,408.0356750488281,123.43855285644531,51.583465576171875
2021-10-14,140.34024047851562,168.0,67.19637298583984,139.93075561523438,145.7699432373047,47.457061767578125,111.03031158447266,21.67486572265625,414.8990478515625,123.89714050292969,52.36899185180664
2021-10-15,141.39459228515625,165.3300018310547,67.08102416992188,140.97076416015625,148.56991577148438,47.344078063964844,110.63170623779297,21.790483474731445,418.0588073730469,123.17526245117188,52.867347717285156
2021-10-18,143.06394958496094,164.9199981689453,67.05023956298828,139.93951416015625,148.5164337158203,46.874813079833984,110.5403823852539,22.149311065673828,419.2965087890625,123.75272369384766,52.842010498046875
2021-10-19,145.2213592529297,165.4499969482422,67.09638977050781,143.21688842773438,150.3177032470703,47.057308197021484,109.93413543701172,22.217086791992188,422.5312805175781,122.04570007324219,53.63599395751953
2021-10-20,145.7094268798828,166.89999389648438,67.1194839477539,143.13819885253906,152.34193420410156,47.47443389892578,109.66838836669922,22.030696868896484,424.19097900390625,121.2218246459961,53.931617736816406
2021-10-21,145.9242401123047,166.75,66.95026397705078,142.8060760498047,151.14700317382812,47.23109817504883,109.43585968017578,22.617769241333008,425.2973327636719,121.07745361328125,52.951820373535156
2021-10-22,145.1529998779297,167.77000427246094,66.78873443603516,143.0857696533203,153.1801300048828,47.31801223754883,109.87600708007812,22.65165901184082,424.856689453125,122.41088104248047,53.31501388549805
2021-10-25,145.10421752929688,168.92999267578125,66.90412902832031,143.40040588378906,152.4310760498047,47.1268310546875,109.92584228515625,23.0902156829834,427.1351013183594,122.22409057617188,54.35395431518555
2021-10-26,145.76806640625,167.67999267578125,66.91947937011719,144.85992431640625,152.84129333496094,47.33538818359375,110.39922332763672,24.63614273071289,427.51953125,123.23473358154297,55.61248779296875
2021-10-27,145.30921936035156,168.1199951171875,66.86567687988281,143.103271484375,149.6577911376953,48.24785614013672,111.07180786132812,24.371013641357422,425.62542724609375,125.47686004638672,54.168128967285156
2021-10-28,148.94073486328125,168.0800018310547,67.03485107421875,142.3253936767578,151.91387939453125,48.69975662231445,110.90574645996094,24.859413146972656,429.7322082519531,125.05220794677734,54.320167541503906
2021-10-29,146.2366180419922,166.64999389648438,66.85797882080078,142.3516387939453,151.4947967529297,48.98652267456055,110.84760284423828,25.483362197875977,430.6042785644531,125.43436431884766,54.45531463623047
2021-11-01,145.4165802001953,167.52000427246094,66.78622436523438,142.47398376464844,151.41452026367188,48.81272888183594,110.64956665039062,25.74251365661621,431.344970703125,124.53133392333984,55.43511199951172
2021-11-02,146.4513702392578,167.16000366210938,66.9482192993164,144.72010803222656,152.01199340820312,48.751888275146484,111.07395935058594,26.314634323120117,433.0889587402344,125.08407592773438,54.750946044921875
2021-11-03,147.88644409179688,165.77000427246094,67.07940673828125,144.25689697265625,152.06546020507812,48.917015075683594,110.79100799560547,26.51099395751953,435.7330322265625,123.79145812988281,53.99919509887695
2021-11-04,147.3690185546875,167.64999389648438,67.25687408447266,143.85488891601562,150.06800842285156,49.1864013671875,111.37349700927734,29.70351219177246,437.7864685058594,125.09257507324219,54.404640197753906
2021-11-05,147.89691162109375,169.83999633789062,67.51148986816406,142.8323516845703,149.85400390625,49.39496612548828,112.18891906738281,29.654674530029297,439.3054504394531,126.96343994140625,54.91987228393555
2021-11-08,147.07571411132812,170.4499969482422,67.42658996582031,142.34291076660156,150.75466918945312,48.95176696777344,111.93098449707031,30.703235626220703,439.6805114746094,126.72529602050781,55.51113510131836
2021-11-09,147.43746948242188,171.2899932861328,67.48060607910156,142.02825927734375,149.61326599121094,49.090816497802734,112.23052215576172,30.556711196899414,438.22711181640625,128.3751220703125,56.05172348022461
2021-11-10,144.61207580566406,173.14999389648438,67.10253143310547,143.5664520263672,149.47061157226562,49.29067611694336,111.08226776123047,29.362632751464844,434.70172119140625,126.02803039550781,54.94746780395508
2021-11-11,144.56317138671875,174.1199951171875,66.98683166503906,142.50897216796875,149.461669921875,49.30806350708008,110.76608276367188,30.29058837890625,434.8423767089844,125.84092712402344,55.05018997192383
2021-11-12,146.6357879638672,174.4499969482422,67.00995635986328,144.2132110595703,148.79283142089844,49.195091247558594,110.64956665039062,30.29058837890625,438.1239929199219,125.2881851196289,54.6307373046875
2021-11-15,146.64556884765625,174.17999267578125,66.93280792236328,142.91099548339844,148.5253448486328,49.20378112792969,109.80919647216797,29.926780700683594,438.2740783691406,123.71493530273438,55.1015510559082
2021-11-16,147.6232147216797,172.9199981689453,66.96366882324219,142.16812133789062,147.45529174804688,48.856178283691406,109.62611389160156,30.104196548461914,440.0086364746094,123.4002456665039,55.657955169677734
2021-11-17,150.0575408935547,174.5,66.89421081542969,142.7012176513672,146.6616668701172,48.58677673339844,110.067138671875,29.165283203125,438.9397888183594,124.37821197509766,55.05018997192383
2021-11-18,154.33956909179688,173.94000244140625,66.8402099609375,141.93211364746094,145.3954315185547,48.15227127075195,110.31675720214844,31.57138442993164,440.43060302734375,124.84593963623047,54.45098114013672
2021-11-19,156.95960998535156,172.61000061035156,66.78622436523438,142.36038208007812,143.49603271484375,47.90894317626953,110.7327880859375,32.87710189819336,439.6429748535156,126.16403198242188,51.934303283691406
2021-11-22,157.4191131591797,168.74000549316406,66.53163146972656,140.4866485595703,146.55465698242188,48.204410552978516,109.7676010131836,31.851463317871094,438.4052429199219,124.68437194824219,52.653358459472656
2021-11-23,157.8004150390625,167.27999877929688,66.43901062011719,141.3575439453125,150.0591278076172,48.56071090698242,108.98542022705078,31.64215660095215,438.9866638183594,122.88154602050781,54.040096282958984
2021-11-24,158.31857299804688,167.1199951171875,66.42354583740234,140.961669921875,148.88201904296875,48.16965103149414,109.50962829589844,32.567115783691406,440.15869140625,124.85443115234375,54.339691162109375
2021-11-26,153.3032684326172,166.85000610351562,65.94522857666016,140.04678344726562,144.39666748046875,46.69231414794922,110.39996337890625,31.399944305419922,430.3417663574219,128.0093994140625,52.4307861328125
2021-11-29,156.65658569335938,166.6199951171875,66.35413360595703,140.53065490722656,143.77247619628906,47.43098068237305,110.4748306274414,33.266822814941406,435.62060546875,126.98045349121094,52.72183609008789
2021-11-30,161.60340881347656,165.5,66.07637786865234,137.1702117919922,141.63232421875,45.93343734741211,110.71613311767578,32.56910705566406,427.1444091796875,128.9108428955078,51.223812103271484
2021-12-01,161.08523559570312,166.16000366210938,66.08568572998047,139.06153869628906,140.7941131591797,45.80207824707031,110.73197937011719,31.33600425720215,422.4000549316406,129.70602416992188,51.18101119995117
2021-12-02,160.0978240966797,165.24000549316406,66.5733642578125,138.19068908691406,143.75466918945312,46.47641372680664,110.9903793334961,32.02482986450195,428.86968994140625,129.86776733398438,52.45646667480469
2021-12-03,158.22080993652344,166.6300048828125,66.5733642578125,140.20518493652344,141.15078735351562,46.88801956176758,111.9156723022461,30.596342086791992,425.1379089355469,131.4174346923828,52.12262725830078
2021-12-06,161.62295532226562,166.22000122070312,66.86750030517578,143.3368377685547,142.81829833984375,48.087799072265625,111.34884643554688,29.94240379333496,430.1730041503906,129.61236572265625,52.7132682800293
2021-12-07,167.3518829345703,166.80999755859375,67.22362518310547,143.7063446044922,144.96742248535156,48.35053634643555,111.39886474609375,32.32487869262695,439.0710144042969,128.56512451171875,53.303924560546875
2021-12-08,171.1647186279297,166.89999389648438,67.20811462402344,144.56842041015625,143.30877685546875,48.166622161865234,110.65692901611328,31.72577476501465,440.23370361328125,126.34294128417969,53.458003997802734
2021-12-09,170.6563262939453,165.8800048828125,66.9062271118164,145.94070434570312,143.0858612060547,48.04401397705078,110.56529235839844,30.393980026245117,437.2614440917969,127.04960632324219,53.594970703125
2021-12-10,175.43698120117188,166.5800018310547,67.06103515625,145.58009338378906,142.51513671875,49.28759002685547,110.69029235839844,30.10289764404297,441.3775939941406,126.74304962158203,53.937374114990234
2021-12-13,171.80992126464844,167.0,67.06103515625,148.1839599609375,140.8208465576172,50.58370590209961,111.19046783447266,28.07231330871582,437.4676818847656,128.6162109375,52.756080627441406
2021-12-14,170.4314727783203,165.44000244140625,66.94491577148438,149.8025665283203,141.8998565673828,50.618743896484375,110.69029235839844,28.247760772705078,434.4578857421875,128.3096923828125,52.67903518676758
2021-12-15,175.29031372070312,166.14999389648438,67.20037841796875,150.55032348632812,140.8387451171875,50.846439361572266,110.83203887939453,30.363079071044922,441.2463073730469,127.07514190673828,52.447906494140625
2021-12-16,168.40774536132812,168.16000366210938,67.15065002441406,152.19532775878906,143.041259765625,51.363128662109375,110.82867431640625,28.297603607177734,437.35516357421875,127.12454986572266,52.53350830078125
2021-12-17,167.31283569335938,167.8000030517578,67.08854675292969,147.9904022216797,139.7864532470703,50.55744171142578,111.08756256103516,27.71344566345215,432.700439453125,128.56512451171875,51.386451721191406
2021-12-20,165.9539031982422,167.08999633789062,66.97201538085938,147.5681610107422,137.2718048095703,50.39104080200195,110.60318756103516,27.631711959838867,428.0993957519531,127.60186767578125,50.641719818115234
2021-12-21,169.12139892578125,167.02000427246094,67.32931518554688,147.09315490722656,139.1890106201172,50.592472076416016,110.8203125,28.983436584472656,435.7020263671875,127.11605072021484,51.788780212402344
2021-12-22,171.71214294433594,168.58999633789062,67.50797271728516,147.72650146484375,139.7329864501953,50.95153045654297,110.99568176269531,29.307416915893555,440.0584716796875,127.7042236328125,52.208229064941406
2021-12-23,172.33786010742188,168.97000122070312,67.70215606689453,148.0080108642578,140.2323455810547,50.98655700683594,110.82867431640625,29.54665756225586,442.7965087890625,126.59606170654297,52.23390579223633
2021-12-27,176.29727172851562,169.3699951171875,67.77206420898438,149.25714111328125,141.03488159179688,51.363128662109375,111.1543960571289,30.847543716430664,449.0630798339844,126.90294647216797,52.978641510009766
2021-12-28,175.28054809570312,168.63999938964844,67.7409896850586,149.85536193847656,141.46287536621094,51.5645637512207,111.01242065429688,30.226511001586914,448.6960754394531,126.4000473022461,52.807437896728516
2021-12-29,175.3685302734375,168.58999633789062,67.63225555419922,150.91094970703125,141.3915252685547,51.625858306884766,110.4027328491211,29.906518936157227,449.2700500488281,125.01917266845703,52.34518814086914
2021-12-30,174.21495056152344,169.8000030517578,67.6011734008789,151.5795440673828,141.32020568847656,51.47697448730469,110.84539794921875,29.492828369140625,448.0279846191406,126.06758117675781,52.037025451660156
2021-12-31,173.59901428222656,170.9600067138672,67.58564758300781,150.48875427246094,141.20433044433594,51.85356140136719,110.67832946777344,29.318378448486328,446.89892578125,126.31481170654297,52.37942886352539
2022-01-03,177.93972778320312,168.3300018310547,67.5545883178711,150.9021759033203,144.19155883789062,51.93236541748047,109.50074005126953,30.02614402770996,449.4864501953125,122.9990463256836,54.39105224609375
2022-01-04,175.68138122558594,169.57000732421875,67.38369750976562,150.49752807617188,149.6577911376953,52.79937744140625,109.59259796142578,29.197765350341797,449.33587646484375,122.48759460449219,56.43693542480469
2022-01-05,171.00831604003906,169.05999755859375,66.86327362060547,151.5003662109375,146.92178344726562,53.23725891113281,108.94950866699219,27.517066955566406,440.7076416015625,121.82273864746094,57.138858795166016
2022-01-06,168.153564453125,166.99000549316406,66.87104034423828,150.98138427734375,148.482666015625,52.957008361816406,108.80754089355469,28.089263916015625,440.293701171875,122.13813018798828,58.4827995300293
2022-01-07,168.31976318359375,167.75,66.70016479492188,153.02224731445312,149.95388793945312,52.834407806396484,108.33982849121094,27.16119384765625,438.5529479980469,121.26021575927734,58.9621696472168
2022-01-10,168.33937072753906,168.25999450683594,66.75450897216797,152.26571655273438,150.09742736816406,52.921974182128906,108.23958587646484,27.313711166381836,438.0072326660156,121.55848693847656,58.611209869384766
2022-01-11,171.1647186279297,170.2899932861328,67.06520080566406,150.64710998535156,150.24990844726562,52.93950271606445,108.56532287597656,27.729398727416992,441.9967346191406,122.36823272705078,61.076515197753906
2022-01-12,171.6046600341797,170.74000549316406,67.17398071289062,149.36273193359375,151.10214233398438,53.018310546875,108.49015808105469,27.910825729370117,443.1916809082031,121.89942169189453,60.89674758911133
2022-01-13,168.33937072753906,170.16000366210938,66.93318176269531,148.45664978027344,150.91375732421875,53.33359146118164,108.83258056640625,26.49131202697754,437.08514404296875,122.98197174072266,60.460174560546875
2022-01-14,169.19967651367188,169.6699981689453,66.87104034423828,147.64730834960938,141.63804626464844,53.76270294189453,107.87214660644531,26.857154846191406,437.263916015625,121.12380981445312,61.52165603637695
2022-01-18,166.00277709960938,169.38999938964844,66.5448226928711,146.99635314941406,135.699462890625,53.33359146118164,106.84485626220703,25.821422576904297,429.5201416015625,119.41902160644531,62.55742263793945
2022-01-19,162.5126190185547,172.0800018310547,66.48265075683594,146.53892517089844,133.60031127929688,53.421165466308594,107.01190948486328,24.988056182861328,425.0602111816406,120.2458724975586,62.583099365234375
2022-01-20,160.83106994628906,171.64999389648438,66.3583755493164,145.36895751953125,132.4610595703125,53.202213287353516,106.95344543457031,24.07394790649414,420.3555908203125,120.98741912841797,62.720062255859375
2022-01-21,158.7780303955078,171.08999633789062,66.36616516113281,145.03466796875,130.14662170410156,52.93950271606445,107.65497589111328,23.300392150878906,412.1037902832031,122.42790985107422,61.778446197509766
2022-01-24,158.00572204589844,172.02999877929688,66.29622650146484,143.3632354736328,130.0299835205078,52.5103645324707,107.3209228515625,23.298397064208984,413.85382080078125,121.42210388183594,62.30918502807617
2022-01-25,156.2068328857422,172.5800018310547,66.10205078125,147.46261596679688,131.4473876953125,52.38777542114258,107.0202407836914,22.25369644165039,408.8011474609375,121.22600555419922,64.14105224609375
2022-01-26,156.1188507080078,169.7899932861328,65.87679290771484,148.1223602294922,132.69427490234375,52.19510269165039,106.29364013671875,22.700288772583008,407.7755126953125,119.75996398925781,63.490474700927734
2022-01-27,155.6593780517578,167.60000610351562,65.58940887451172,150.0664825439453,130.3529510498047,52.2388916015625,106.5358657836914,21.87489891052246,405.76190185546875,121.95916748046875,64.30369567871094
2022-01-28,166.52093505859375,167.10000610351562,65.77582550048828,151.12210083007812,131.51913452148438,53.28104019165039,106.65274810791016,22.7680721282959,415.8391418457031,122.00175476074219,64.4406509399414
2022-01-31,170.87139892578125,168.08999633789062,65.79133605957031,151.5619354248047,133.30430603027344,53.42991256713867,106.70288848876953,24.408891677856445,423.32891845703125,121.37097930908203,65.02273559570312
2022-02-01,170.7052459716797,168.22999572753906,66.0525131225586,150.32156372070312,135.59181213378906,53.035823822021484,106.88027954101562,24.560413360595703,426.1892395019531,120.96810150146484,69.19153594970703
2022-02-02,171.90769958496094,168.83999633789062,66.15383911132812,151.9842071533203,134.50636291503906,53.578800201416016,106.8886489868164,25.16250991821289,430.3293762207031,121.3778076171875,69.01176452636719
2022-02-03,169.03347778320312,168.60000610351562,65.56138610839844,151.9754180908203,133.3939971923828,53.95537567138672,106.02677917480469,23.87257957458496,420.2145080566406,120.43034362792969,68.20710754394531
2022-02-04,168.7495574951172,168.86000061035156,65.30411529541016,150.98138427734375,136.85670471191406,53.38613510131836,104.9724349975586,24.242414474487305,422.1904296875,118.65492248535156,69.6880111694336
2022-02-07,168.03494262695312,170.11000061035156,65.25736236572266,150.47994995117188,137.31419372558594,53.94662094116211,105.16490173339844,24.650131225585938,420.8354797363281,118.73177337646484,70.52689361572266
2022-02-08,171.13809204101562,170.6300048828125,65.18719482421875,150.87579345703125,139.897705078125,54.29692077636719,104.77163696289062,25.0289306640625,424.29803466796875,117.93787384033203,68.70359802246094
2022-02-09,172.55743408203125,171.2100067138672,65.53018188476562,150.85821533203125,140.48085021972656,53.456180572509766,105.12305450439453,26.62090301513672,430.50811767578125,118.15986633300781,68.37469482421875
2022-02-10,168.48529052734375,170.55999755859375,64.66487884521484,149.03724670410156,139.897705078125,53.75394058227539,103.69219970703125,25.742673873901367,422.7738037109375,116.2820053100586,67.71692657470703
2022-02-11,165.0788116455078,173.80999755859375,64.43881225585938,147.53298950195312,138.07669067382812,52.79937744140625,104.46202087402344,23.87357521057129,414.4371643066406,118.00617980957031,69.42195892333984
2022-02-14,165.31370544433594,174.74000549316406,64.32968139648438,145.67681884765625,136.7938995361328,53.14092254638672,103.5331802368164,24.19057846069336,413.08233642578125,116.53803253173828,68.35740661621094
2022-02-15,169.14112854003906,173.0800018310547,64.43881225585938,147.18113708496094,138.79434204101562,53.342342376708984,103.01438903808594,26.411561965942383,419.7439880371094,115.21504211425781,67.50054168701172
2022-02-16,168.9062042236328,174.86000061035156,64.79740905761719,147.09315490722656,139.0455322265625,53.33359146118164,103.1650161743164,26.427513122558594,420.2145080566406,115.89788818359375,67.81214141845703
2022-02-17,165.31370544433594,177.25,64.5245361328125,146.1958465576172,135.84300231933594,54.402008056640625,103.2403564453125,24.429821014404297,411.23809814453125,116.760009765625,67.70826721191406
2022-02-18,163.76707458496094,177.1199951171875,64.61809539794922,144.6287841796875,136.4799041748047,54.769832611083984,103.49137115478516,23.56754493713379,408.5752868652344,117.9891357421875,66.95527648925781
2022-02-22,160.8499755859375,177.49000549316406,64.46998596191406,142.66336059570312,136.2376708984375,54.54212188720703,103.35747528076172,23.316333770751953,404.1906433105469,118.2964096069336,66.17631530761719
2022-02-23,156.6897430419922,178.2899932861328,64.35303497314453,142.73416137695312,133.38502502441406,53.93785095214844,102.42029571533203,22.31650161743164,397.0207824707031,116.66606903076172,66.44461822509766
2022-02-24,159.30337524414062,177.13999938964844,64.81298065185547,140.00732421875,129.67115783691406,52.992034912109375,102.9056396484375,23.673213958740234,402.9956359863281,116.74291229248047,65.6051025390625
2022-02-25,161.36880493164062,176.5500030517578,65.17939758300781,146.96609497070312,132.7391357421875,55.04130935668945,103.32402801513672,24.08092498779297,411.8873291015625,116.82825469970703,67.37071228027344
2022-02-28,161.63308715820312,178.3800048828125,65.22615814208984,145.70005798339844,127.20423889160156,54.507102966308594,104.42855834960938,24.308208465576172,410.83349609375,119.38902282714844,67.87271118164062
2022-03-01,159.75364685058594,181.6199951171875,65.0438461303711,145.19537353515625,122.40492248535156,54.2706413269043,104.78573608398438,23.403064727783203,404.576416015625,120.76936340332031,68.52185821533203
2022-03-02,163.04270935058594,179.72999572753906,65.20035552978516,147.00149536132812,124.9435806274414,54.67348861694336,103.19261932373047,24.147842407226562,412.0190124511719,116.64112854003906,69.69892883300781
2022-03-03,162.7196502685547,180.8000030517578,65.00473022460938,149.16172790527344,124.0555191040039,54.70853042602539,103.56993103027344,23.643348693847656,409.96783447265625,117.82913208007812,70.14032745361328
2022-03-04,159.72427368164062,183.67999267578125,64.58221435546875,150.04705810546875,120.56591796875,54.79610061645508,103.67056274414062,22.8676700592041,406.636962890625,119.86334991455078,72.7801284790039
2022-03-07,155.93603515625,186.41000366210938,64.01888275146484,152.4640655517578,115.91014099121094,53.491233825683594,102.41281127929688,21.28838539123535,394.6497497558594,118.94886016845703,75.40258026123047
2022-03-08,154.1152801513672,191.50999450683594,63.791954040527344,149.37420654296875,115.09383392333984,51.37187957763672,101.80074310302734,21.449899673461914,391.65753173828125,117.75222778320312,75.97380828857422
2022-03-09,159.50894165039062,185.82000732421875,64.32401275634766,149.94082641601562,119.70475006103516,51.63460922241211,101.97681427001953,22.945430755615234,402.158203125,116.598388671875,71.65495300292969
2022-03-10,155.1724853515625,186.39999389648438,63.78413772583008,150.20643615722656,118.28736877441406,50.68880081176758,100.81132507324219,22.590496063232422,400.34228515625,114.92313385009766,73.87930297851562
2022-03-11,151.4625244140625,185.08999633789062,63.322509765625,149.9319610595703,115.6230697631836,50.72382354736328,100.76937103271484,22.034154891967773,395.2518615722656,115.30777740478516,73.49848175048828
2022-03-14,147.43930053710938,182.3000030517578,62.57135009765625,152.00367736816406,116.77133178710938,51.65924072265625,99.31041717529297,21.266450881958008,392.36322021484375,112.61547088623047,70.86736297607422
2022-03-15,151.81488037109375,178.88999938964844,63.04081344604492,155.9434356689453,118.84354400634766,52.61228942871094,100.0902099609375,22.90455436706543,400.991455078125,112.41887664794922,66.83412170410156
2022-03-16,156.21986389160156,180.00999450683594,63.924949645996094,154.5092010498047,124.15424346923828,52.47110366821289,100.94548034667969,24.423019409179688,409.8831481933594,113.52145385742188,66.58311462402344
2022-03-17,157.22813415527344,180.88999938964844,64.36312866210938,156.52777099609375,125.72406005859375,53.02705001831055,101.93489074707031,24.692216873168945,415.01129150390625,112.6752700805664,68.35740661621094
2022-03-18,160.51718139648438,179.3000030517578,64.57437133789062,154.79249572753906,125.67920684814453,53.03588104248047,102.13613891601562,26.374183654785156,419.5567626953125,114.05136108398438,68.08909606933594
2022-03-21,161.8876190185547,180.6699981689453,63.83107376098633,155.66891479492188,125.27552795410156,53.4594612121582,100.7190933227539,26.654346466064453,419.4340515136719,111.41033935546875,71.1443099975586
2022-03-22,165.2549591064453,179.36000061035156,64.1596908569336,154.93414306640625,127.9398193359375,53.653594970703125,100.4759292602539,26.444978713989258,424.342041015625,109.98296356201172,70.8327407836914
2022-03-23,166.6156463623047,181.80999755859375,63.95627975463867,154.34979248046875,125.39215087890625,53.30061721801758,100.760986328125,25.557628631591797,418.8771667480469,112.39324188232422,71.94923400878906
2022-03-24,170.3941192626953,183.1300048828125,64.08927154541016,155.14662170410156,126.20849609375,53.81243896484375,100.80293273925781,28.066131591796875,425.19146728515625,111.51292419433594,72.16560363769531
2022-03-25,171.03036499023438,182.3800048828125,63.627662658691406,156.63392639160156,127.31185913085938,54.29780197143555,100.00637817382812,27.609493255615234,427.2679138183594,109.96588134765625,73.74082946777344
2022-03-28,171.89181518554688,179.05999755859375,64.02669525146484,157.43963623046875,126.36996459960938,54.64194869995117,100.55977630615234,28.13492774963379,430.3070983886719,110.90603637695312,71.67227935791016
2022-03-29,175.18084716796875,179.13999938964844,64.81694793701172,157.36000061035156,126.6480484008789,54.85374450683594,101.40660858154297,28.57062339782715,435.6302795410156,111.74365997314453,71.29145050048828
2022-03-30,174.01596069335938,180.5800018310547,64.6213607788086,158.99783325195312,126.07391357421875,54.89786148071289,101.64141845703125,27.607501983642578,432.9403991699219,112.61547088623047,72.51182556152344
2022-03-31,170.92271423339844,180.64999389648438,64.38660430908203,156.90843200683594,122.28831481933594,54.712554931640625,101.40660858154297,27.204700469970703,426.2769775390625,112.88896942138672,71.48184204101562
2022-04-01,170.6290283203125,179.5,64.38190460205078,157.75836181640625,121.38223266601562,55.48029708862305,101.74694061279297,26.632417678833008,427.4849853515625,113.31869506835938,71.9405746459961
2022-04-04,174.67184448242188,180.3699951171875,64.86897277832031,156.23558044433594,121.92049407958984,55.1890869140625,102.099853515625,27.278484344482422,431.1470642089844,112.53115844726562,71.9751968383789
2022-04-05,171.36317443847656,179.24000549316406,64.02838134765625,157.24485778808594,120.50166320800781,55.12731170654297,100.31009674072266,25.853742599487305,425.701171875,109.98883056640625,71.60304260253906
2022-04-06,168.20138549804688,179.66000366210938,63.52557373046875,161.33514404296875,118.82978820800781,55.68324661254883,99.72193145751953,24.33428382873535,421.4443054199219,109.09857177734375,72.3992919921875
2022-04-07,168.5048370361328,180.33999633789062,63.42344284057617,160.91900634765625,118.46829223632812,55.98329162597656,99.25978088378906,24.135875701904297,423.5679626464844,108.27679443359375,73.61100006103516
2022-04-08,166.49813842773438,181.47000122070312,63.03850173950195,161.2377166748047,120.6372299194336,56.32745361328125,98.47833251953125,23.05011749267578,422.4353942871094,107.10404205322266,75.1602554321289
2022-04-11,162.2498016357422,182.3699951171875,62.60639190673828,159.21917724609375,120.19441223144531,56.3098030090332,97.52043914794922,21.851707458496094,415.2150573730469,105.4091567993164,72.57240295410156
2022-04-12,164.1194610595703,183.77000427246094,63.08562088012695,159.2722625732422,118.87499237060547,56.971649169921875,97.5876693725586,21.439931869506836,413.676513671875,105.26361846923828,74.08702850341797
2022-04-13,166.80162048339844,184.64999389648438,63.46273422241211,159.9451446533203,115.04322814941406,57.121673583984375,98.09180450439453,22.13684844970703,418.4146728515625,105.47765350341797,75.13426971435547
2022-04-14,161.79949951171875,184.0399932861328,63.03850173950195,159.2722625732422,113.97682189941406,57.37757873535156,96.94906616210938,21.194665908813477,413.2047424316406,103.36329650878906,76.01708984375
2022-04-18,161.5841827392578,184.61000061035156,62.93634796142578,157.28912353515625,116.09153747558594,56.86575698852539,96.20967102050781,21.71809959411621,413.37457275390625,102.84967041015625,76.64026641845703
2022-04-19,163.86492919921875,181.82000732421875,62.88133239746094,162.08767700195312,118.49539947509766,57.42170715332031,95.44497680664062,22.131864547729492,420.0475158691406,102.07927703857422,75.95651245117188
2022-04-20,163.69854736328125,182.7100067138672,63.0777587890625,162.8047637939453,118.91112518310547,58.207088470458984,96.43646240234375,21.417999267578125,419.736083984375,104.13369750976562,76.1296157836914
2022-04-21,162.9056396484375,182.05999755859375,62.64564895629883,162.33555603027344,117.98932647705078,58.427703857421875,95.41138458251953,20.122867584228516,413.4595031738281,103.36329650878906,75.32469177246094
2022-04-22,158.37339782714844,180.2899932861328,62.268585205078125,160.72422790527344,114.60039520263672,57.58053970336914,95.30213928222656,19.45686149597168,402.11456298828125,102.71271514892578,73.68022918701172
2022-04-25,159.44039916992188,177.0500030517578,62.794944763183594,164.68170166015625,114.5642318725586,58.189449310302734,96.36090087890625,19.84270477294922,404.4457702636719,103.73995208740234,71.19624328613281
2022-04-26,153.4888153076172,177.32000732421875,62.425689697265625,163.50421142578125,111.17530822753906,57.404048919677734,96.31044006347656,18.732027053833008,392.73272705078125,104.78428649902344,71.22222137451172
2022-04-27,153.263671875,175.97999572753906,62.11928176879883,161.22003173828125,109.72935485839844,57.8541145324707,95.38617706298828,18.360139846801758,393.83709716796875,103.44036102294922,73.25614166259766
2022-04-28,160.18435668945312,176.92999267578125,62.464969635009766,162.4241180419922,111.46449279785156,58.410064697265625,95.6718978881836,19.723064422607422,403.78509521484375,103.59441375732422,75.47181701660156
2022-04-29,154.3208465576172,176.91000366210938,61.69508361816406,159.76806640625,107.86770629882812,57.01577377319336,94.61315155029297,18.491743087768555,388.8629150390625,102.2504653930664,73.78410339355469
2022-05-02,154.6243133544922,173.6300048828125,61.6989860534668,158.15676879882812,108.85274505615234,55.98329162597656,94.0522689819336,19.474803924560547,391.2037353515625,100.47809600830078,74.7880859375
2022-05-03,156.11224365234375,174.08999633789062,62.02235794067383,157.84689331054688,111.18434143066406,55.66560745239258,94.65862274169922,19.543596267700195,392.9969482421875,101.1554946899414,76.32868957519531
2022-05-04,162.51405334472656,175.8000030517578,62.65333557128906,159.53787231445312,114.86246490478516,57.386409759521484,95.58499145507812,20.273420333862305,404.96490478515625,101.71283721923828,79.36656951904297
2022-05-05,153.45944213867188,175.1300048828125,61.54127502441406,156.4923095703125,111.98865509033203,56.92753219604492,94.1196517944336,18.787857055664062,390.5712890625,98.92607116699219,78.16353607177734
2022-05-06,154.18484497070312,175.4199981689453,61.19422912597656,156.14703369140625,111.80790710449219,57.13048553466797,93.319580078125,18.61935806274414,388.2400817871094,97.46837615966797,79.3579330444336
2022-05-09,149.06756591796875,172.8800048828125,60.547508239746094,156.9969482421875,110.12699890136719,57.01577377319336,93.64803314208984,16.899497985839844,375.8096618652344,98.32585906982422,73.10035705566406
2022-05-10,151.4693603515625,171.4199981689453,60.89456558227539,156.78448486328125,107.44294738769531,56.48630142211914,94.0438232421875,17.542573928833008,376.6780700683594,99.21761322021484,73.58502960205078
2022-05-11,143.6170196533203,172.82000732421875,60.531768798828125,155.93453979492188,106.7651596069336,56.75103759765625,94.48179626464844,16.5804500579834,370.6939392089844,101.1297836303711,75.11698150634766
2022-05-12,139.7545166015625,170.1699981689453,60.50807189941406,157.4750518798828,106.67478942871094,56.92753219604492,94.52388000488281,16.126806259155273,370.3070068359375,100.94110107421875,75.4579849243164
2022-05-13,144.21498107910156,168.7899932861328,60.579071044921875,156.57199096679688,107.62370300292969,57.99529266357422,94.0269775390625,17.653247833251953,379.16021728515625,99.44913482666016,77.69636535644531
2022-05-16,142.6759033203125,170.39999389648438,60.49232864379883,157.66098022460938,106.87360382080078,58.207088470458984,94.15332794189453,17.212562561035156,377.6217956542969,99.34622192382812,79.52377319335938
2022-05-17,146.3031005859375,169.3300018310547,60.43708419799805,158.3161163330078,110.41619110107422,58.048248291015625,93.6143569946289,18.122844696044922,385.3896179199219,98.1457748413086,80.53804779052734
2022-05-18,138.0487823486328,169.4199981689453,59.94022750854492,155.3767852783203,108.52741241455078,54.0065803527832,93.95962524414062,16.88753890991211,369.8539733886719,100.23798370361328,79.26148986816406
2022-05-19,134.64706420898438,171.91000366210938,60.34245681762695,153.99566650390625,106.9188003540039,52.947635650634766,94.21226501464844,17.072980880737305,367.5887451171875,100.47809600830078,79.68992614746094
2022-05-20,134.88230895996094,172.02999877929688,60.30303192138672,156.68707275390625,106.04216766357422,53.81243896484375,94.67547607421875,16.644264221191406,367.7492370605469,101.6185302734375,80.31946563720703
2022-05-23,140.29373168945312,172.8300018310547,60.53961944580078,159.8858642578125,112.60316467285156,55.47146987915039,94.33860778808594,16.84765625,374.6298522949219,99.94647216796875,82.09442138671875
2022-05-24,137.59783935546875,174.1300048828125,60.90242385864258,161.6322784423828,114.19371032714844,56.4951171875,95.57659149169922,16.10586929321289,371.77001953125,101.91865539550781,82.54035949707031
2022-05-25,137.7547149658203,173.0800018310547,61.8252067565918,160.04627990722656,114.9889907836914,56.539249420166016,96.56190490722656,16.924428939819336,375.0545959472656,102.32164001464844,84.20166015625
2022-05-26,140.95053100585938,172.75999450683594,62.684879302978516,159.90371704101562,116.97716522216797,56.742210388183594,96.5871810913086,17.79781723022461,382.5487060546875,101.85861206054688,84.49893188476562
2022-05-27,146.69522094726562,172.85000610351562,63.244842529296875,161.35609436035156,118.6309814453125,57.07754898071289,97.09245300292969,18.754955291748047,391.9398498535156,102.1072998046875,85.32958221435547
2022-05-31,145.91094970703125,171.13999938964844,62.70063781738281,159.966064453125,119.49854278564453,55.93035125732422,96.37662506103516,18.616369247436523,389.7407531738281,99.94647216796875,83.93933868408203
2022-06-01,145.7835235595703,172.22999572753906,62.468650817871094,158.3444061279297,117.40193939208984,55.65678024291992,95.81441497802734,18.265419006347656,386.5883483886719,99.83219146728516,85.54817962646484
2022-06-02,148.23431396484375,174.35000610351562,62.729923248291016,157.84539794921875,119.29069519042969,56.23920822143555,95.85660552978516,19.533626556396484,393.9502868652344,99.88375854492188,85.39955139160156
2022-06-03,142.51907348632812,172.5800018310547,62.26279830932617,157.1949920654297,117.62784576416016,55.568538665771484,95.55272674560547,18.664226531982422,387.4849853515625,99.66900634765625,86.64114379882812
2022-06-06,143.26406860351562,171.82000732421875,61.79568099975586,157.17715454101562,117.23926544189453,55.48029708862305,94.87735748291016,18.730030059814453,388.664794921875,97.83076477050781,86.42255401611328
2022-06-07,145.7835235595703,172.94000244140625,61.93817901611328,158.90577697753906,117.54651641845703,55.81563186645508,95.38384246826172,18.869611740112305,392.3929138183594,98.88732147216797,90.3834457397461
2022-06-08,145.0482940673828,172.77999877929688,61.40773010253906,157.96127319335938,115.67581939697266,55.49794387817383,94.83515930175781,18.596372604370117,388.12677001953125,98.01113891601562,91.45018005371094
2022-06-09,139.8329620361328,172.22999572753906,60.91683578491211,154.7803192138672,113.24481201171875,54.53605651855469,94.21047973632812,17.99803352355957,378.89599609375,98.33757019042969,89.47409057617188
2022-06-10,134.431396484375,174.5399932861328,59.879642486572266,153.74671936035156,108.03941345214844,54.19189453125,93.29875183105469,16.9270076751709,367.90966796875,97.7276840209961,87.83902740478516
2022-06-13,129.28472900390625,169.92999267578125,57.87652587890625,152.19631958007812,104.8221664428711,54.130126953125,91.14608764648438,15.603680610656738,353.9408264160156,94.66108703613281,83.80819702148438
2022-06-14,130.1473846435547,168.57000732421875,58.256568908691406,149.86184692382812,103.07801055908203,52.645774841308594,90.67334747314453,15.792158126831055,352.874267578125,93.46707916259766,84.02677917480469
2022-06-15,132.76487731933594,170.77000427246094,59.38876724243164,151.4656524658203,104.29800415039062,53.03685760498047,92.091552734375,16.481245040893555,357.905029296875,95.2108383178711,82.96879577636719
2022-06-16,127.50052642822266,172.69000244140625,58.44657516479492,151.54588317871094,102.50865173339844,52.50355911254883,92.19287109375,15.557807922363281,346.05975341796875,95.96674346923828,79.90850830078125
2022-06-17,128.9709930419922,171.27000427246094,58.628692626953125,150.99342346191406,102.14717102050781,52.82353973388672,92.37857055664062,15.83603572845459,346.8057556152344,96.27597045898438,75.30059051513672
2022-06-21,133.1961669921875,170.6300048828125,58.58910369873047,154.15658569335938,104.67759704589844,53.95236587524414,91.44998931884766,16.52013397216797,355.5361328125,94.64391326904297,79.9872055053711
2022-06-22,132.6864471435547,171.30999755859375,58.57326889038086,156.58909606933594,104.09014892578125,54.35234069824219,92.11688232421875,16.31470489501953,354.89154052734375,97.24662017822266,76.82197570800781
2022-06-23,135.5489959716797,170.25999450683594,58.99291229248047,160.0819091796875,102.95148468017578,55.001182556152344,92.82598876953125,16.180078506469727,358.3703308105469,98.04547882080078,74.50489807128906
2022-06-24,138.8722686767578,170.08999633789062,59.41252136230469,162.42530822753906,106.02413177490234,56.03224182128906,92.93575286865234,17.078584671020508,369.76434326171875,96.68830108642578,75.98258209228516
2022-06-27,138.8722686767578,169.89999389648438,59.048316955566406,162.27381896972656,105.17460632324219,55.91667938232422,92.08314514160156,16.822296142578125,368.3518981933594,95.86367797851562,77.84498596191406
2022-06-28,134.73529052734375,169.6199951171875,58.399085998535156,157.6583251953125,104.66854095458984,55.35671615600586,92.05780792236328,15.937750816345215,360.8254699707031,96.31038665771484,80.00469970703125
2022-06-29,136.49008178710938,169.49000549316406,58.31199264526367,157.702880859375,104.19860076904297,55.75669860839844,92.60653686523438,15.498970031738281,360.5316162109375,97.81359100341797,77.04931640625
2022-06-30,134.0294647216797,168.4600067138672,58.28031921386719,158.16619873046875,101.76761627197266,55.91667938232422,92.88510131835938,15.117032051086426,357.6025695800781,98.67256164550781,74.88089752197266
2022-07-01,136.1959686279297,168.32000732421875,58.836238861083984,159.9571990966797,103.0689697265625,57.2232780456543,94.05915832519531,14.482792854309082,361.3847351074219,99.68562316894531,76.55094909667969
2022-07-05,138.7742462158203,164.75,58.78055953979492,158.7275390625,102.67692565917969,56.24554443359375,94.03375244140625,14.922568321228027,362.0672607421875,100.4688491821289,74.1551742553711
2022-07-06,140.107421875,162.13999938964844,58.55789566040039,158.87010192871094,102.01136016845703,56.36111068725586,93.56817626953125,15.088111877441406,363.29010009765625,98.78186798095703,72.81739044189453
2022-07-07,143.46998596191406,162.22999572753906,59.51224136352539,159.0482940673828,104.5915298461914,55.91667938232422,93.55973052978516,15.814095497131348,368.7311096191406,97.91255950927734,75.1432113647461
2022-07-08,144.1463623046875,162.3000030517578,59.559940338134766,158.85227966308594,104.26329803466797,56.12112808227539,93.4073486328125,15.79415225982666,368.427734375,96.82811737060547,75.265625
2022-07-11,142.01907348632812,161.42999267578125,59.225948333740234,158.91468811035156,102.89573669433594,55.94335174560547,93.66975402832031,15.1100492477417,364.2190246582031,98.49783325195312,74.88089752197266
2022-07-12,142.98959350585938,160.8300018310547,59.46452713012695,156.68707275390625,102.99603271484375,55.703369140625,93.80522155761719,15.040242195129395,360.9960632324219,99.08312225341797,73.88411712646484
2022-07-13,142.62692260742188,161.60000610351562,59.400917053222656,156.32177734375,102.02960968017578,55.44561004638672,94.50776672363281,15.122018814086914,359.1001892089844,100.21927642822266,74.181396484375
2022-07-14,145.54823303222656,159.3300018310547,59.289581298828125,156.53562927246094,98.46482849121094,55.26784133911133,93.90680694580078,15.329440116882324,358.2281799316406,99.401611328125,72.69495391845703
2022-07-15,147.2147674560547,159.00999450683594,60.04509735107422,158.80775451660156,102.977783203125,55.55226516723633,94.66011810302734,15.718360900878906,365.0721130371094,99.96104431152344,73.91908264160156
2022-07-18,144.1758270263672,159.16000366210938,59.46452713012695,155.24365234375,101.92019653320312,54.7967529296875,93.9998779296875,16.056421279907227,362.05780029296875,98.9195556640625,75.2831039428711
2022-07-19,148.0284423828125,159.5399932861328,60.251895904541016,152.9804229736328,104.44563293457031,55.57892990112305,94.26231384277344,16.94495391845703,371.8403625488281,98.3859634399414,77.18048095703125
2022-07-20,150.02830505371094,158.0399932861328,60.51432800292969,152.10723876953125,104.42740631103516,54.663429260253906,94.16070556640625,17.757701873779297,374.2101135253906,98.6441650390625,78.02861785888672
2022-07-21,152.29287719726562,160.27000427246094,61.230106353759766,152.64181518554688,105.1385498046875,54.538997650146484,95.44734191894531,18.000028610229492,378.0207824707031,100.34829711914062,76.72581481933594
2022-07-22,151.05763244628906,160.6699981689453,61.150550842285156,153.3635711669922,104.62799072265625,54.7434196472168,96.18378448486328,17.271047592163086,374.5133972167969,102.03531646728516,76.13998413085938
2022-07-25,149.94007873535156,160.22999572753906,61.13465881347656,153.66653442382812,105.04737091064453,55.2767219543457,95.37117767333984,16.97686767578125,374.96844482421875,101.03691864013672,78.67565155029297
2022-07-26,148.61668395996094,160.0399932861328,60.705196380615234,154.75355529785156,103.40629577636719,56.18333435058594,95.35421752929688,16.487226486206055,370.53216552734375,101.11434173583984,78.36962890625
2022-07-27,153.70452880859375,161.6699981689453,61.37321853637695,154.32589721679688,105.06561279296875,56.00556182861328,95.98908996582031,17.74074935913086,380.1535339355469,100.54629516601562,80.0658950805664
2022-07-28,154.25350952148438,163.63999938964844,62.00153732299805,155.21690368652344,104.6735610961914,56.938846588134766,96.7847671508789,17.93421173095703,384.9216003417969,101.34675598144531,81.00146484375
2022-07-29,159.31192016601562,164.10000610351562,62.18446350097656,155.5020294189453,105.17501068115234,57.03662872314453,97.01329040527344,18.11271858215332,390.53326416015625,101.07132720947266,84.75249481201172
2022-08-01,158.3316192626953,165.02999877929688,62.20359802246094,154.95849609375,104.12653350830078,57.347713470458984,97.205078125,18.38994598388672,389.3768005371094,103.5054702758789,82.61029815673828
2022-08-02,156.86111450195312,164.0500030517578,61.91618347167969,154.07640075683594,102.50370025634766,56.56553649902344,96.01716613769531,18.47471046447754,386.80792236328125,101.3153305053711,82.25182342529297
2022-08-03,162.86074829101562,164.4499969482422,62.459110260009766,155.56442260742188,103.57952117919922,56.814414978027344,97.06082916259766,18.8406925201416,392.8651428222656,102.9105224609375,79.58499145507812
2022-08-04,162.5469970703125,167.1699981689453,62.62677001953125,153.06954956054688,102.43987274169922,56.59220504760742,97.21356964111328,19.16179847717285,392.5997009277344,102.87603759765625,76.23615264892578
2022-08-05,162.32122802734375,165.2899932861328,62.30740737915039,152.46363830566406,105.5396957397461,56.33444595336914,95.8983383178711,18.936431884765625,391.93621826171875,100.42723846435547,77.33787536621094
2022-08-08,161.8500213623047,166.69000244140625,62.3632926940918,151.65280151367188,104.25418090820312,55.97002029418945,96.28019714355469,17.743738174438477,391.4812316894531,102.0482406616211,77.7750473022461
2022-08-09,161.89910888671875,167.1999969482422,61.90021896362305,151.63497924804688,105.1932373046875,56.0411262512207,95.84745788574219,17.038694381713867,389.9266052246094,101.651611328125,79.2090072631836
2022-08-10,166.1399688720703,166.77999877929688,62.82638931274414,152.07156372070312,107.93749237060547,56.574432373046875,96.75536346435547,18.046899795532227,398.1166076660156,100.98767852783203,79.96097564697266
2022-08-11,165.4036865234375,166.33999633789062,62.46709060668945,148.92628479003906,109.53301239013672,56.19223403930664,95.8219985961914,17.892324447631836,398.1166076660156,98.63369750976562,82.27407836914062
2022-08-12,168.94760131835938,167.8699951171875,63.025962829589844,147.2867431640625,111.34729766845703,56.618873596191406,96.93353271484375,18.65719985961914,404.8563537597656,99.63392639160156,82.98919677734375
2022-08-15,170.01760864257812,165.7100067138672,62.914207458496094,147.99066162109375,111.64816284179688,57.32994079589844,96.86566925048828,18.979307174682617,406.524658203125,99.54771423339844,81.50598907470703
2022-08-16,169.8605499267578,165.4199981689453,62.61875534057617,149.30938720703125,112.7148666381836,57.801021575927734,96.49231719970703,18.826732635498047,407.3209533691406,99.96159362792969,80.74671936035156
2022-08-17,171.3527069091797,164.35000610351562,61.972068786621094,149.31832885742188,111.76669311523438,57.66769790649414,95.58441162109375,18.28423500061035,404.42974853515625,98.91828155517578,81.40003967285156
2022-08-18,170.96002197265625,163.9199981689453,62.06787872314453,148.59654235839844,110.90055084228516,57.96990203857422,95.83050537109375,18.721027374267578,405.6051940917969,99.06485748291016,83.32467651367188
2022-08-19,168.378173828125,162.72000122070312,61.43717575073242,150.85977172851562,108.15630340576172,57.925445556640625,94.69349670410156,17.799583435058594,400.1545715332031,97.4697036743164,83.05982208251953
2022-08-22,164.5005645751953,161.63999938964844,60.742530822753906,150.33055114746094,106.3693618774414,57.063289642333984,94.05711364746094,16.986841201782227,391.8224182128906,97.14203643798828,82.9980239868164
2022-08-23,164.1667938232422,162.77000427246094,60.89422607421875,149.02090454101562,105.32087707519531,57.12549591064453,94.15890502929688,17.13343620300293,390.87457275390625,96.60743713378906,86.5206527709961
2022-08-24,164.46128845214844,163.25,60.96609115600586,148.52757263183594,105.5761947631836,57.205501556396484,93.87891387939453,17.1743221282959,392.12579345703125,95.90036010742188,87.03270721435547
2022-08-25,166.91551208496094,163.75,61.54092025756836,149.9179229736328,108.08338165283203,57.481040954589844,94.84623718261719,17.8634090423584,397.6616516113281,97.23686218261719,87.48295593261719
2022-08-26,160.62290954589844,161.75999450683594,60.52696228027344,147.35244750976562,104.54592895507812,56.094451904296875,94.27772521972656,16.214981079101562,384.20123291015625,97.96977996826172,86.40589141845703
2022-08-29,158.42393493652344,161.86000061035156,60.29543685913086,146.2132568359375,104.29065704345703,55.75669860839844,93.5819091796875,15.757253646850586,381.6607666015625,97.15926361083984,88.39231872558594
2022-08-30,155.99917602539062,160.50999450683594,59.832359313964844,145.7019500732422,104.30889892578125,55.241172790527344,93.70073699951172,15.425176620483398,377.4709777832031,97.40069580078125,85.02859497070312
2022-08-31,154.34011840820312,159.27000427246094,59.50501251220703,144.72418212890625,103.68892669677734,54.85008239746094,92.7164535522461,15.052210807800293,374.5987243652344,96.4694595336914,84.39292907714844
2022-09-01,155.0666046142578,157.8699951171875,59.66224670410156,148.31227111816406,104.40005493164062,55.10784912109375,92.15826416015625,13.898414611816406,375.77423095703125,94.70328521728516,82.87442779541016
2022-09-02,152.9559783935547,159.25999450683594,59.62213897705078,145.98004150390625,103.67068481445312,54.35234069824219,92.22634887695312,13.60921859741211,371.8118591308594,95.23899841308594,84.39292907714844
2022-09-06,151.69940185546875,158.3300018310547,59.46168518066406,146.3747100830078,103.69803619384766,54.37900924682617,90.97555541992188,13.427721977233887,370.4089660644531,92.88008117675781,83.8279037475586
2022-09-07,153.1032257080078,159.94000244140625,60.3201789855957,147.1730499267578,105.6673355102539,55.383392333984375,92.21784973144531,13.680096626281738,377.0633544921875,94.34901428222656,83.11280822753906
2022-09-08,151.6307373046875,158.97999572753906,60.584957122802734,148.3571014404297,108.12894439697266,55.214500427246094,92.00511932373047,13.955414772033691,379.5279235839844,93.3812255859375,83.79259490966797
2022-09-09,154.4873809814453,159.82000732421875,60.825660705566406,148.64418029785156,108.64862060546875,55.39227294921875,92.21784973144531,14.351431846618652,385.42401123046875,93.58859252929688,85.19636535644531
2022-09-12,160.4364013671875,160.6300048828125,61.01020431518555,148.5813751220703,109.93415832519531,55.55226516723633,92.0136489868164,14.469141006469727,389.56640625,92.81959533691406,86.17633056640625
2022-09-13,151.02203369140625,158.5399932861328,59.62213897705078,144.71522521972656,106.11407470703125,53.747928619384766,91.34996032714844,13.09853744506836,372.6270751953125,93.03560638427734,84.16341400146484
2022-09-14,152.465087890625,157.92999267578125,59.71039962768555,147.70230102539062,105.86792755126953,54.0323600769043,91.78389739990234,13.095545768737793,374.0489807128906,93.35530090332031,86.22930145263672
2022-09-15,149.57896423339844,154.97999572753906,59.33332061767578,148.07904052734375,107.46340942382812,53.29819869995117,91.34147644042969,12.897038459777832,369.80230712890625,93.29480743408203,83.72196197509766
2022-09-16,147.9395294189453,155.83999633789062,59.533897399902344,150.33953857421875,106.7431640625,53.30715560913086,91.12870788574219,13.165369987487793,366.9810485839844,92.51715850830078,82.29174041748047
2022-09-19,151.6503143310547,155.9600067138672,59.758548736572266,149.15545654296875,107.72779083251953,53.710044860839844,91.28189086914062,13.348917961120605,369.82696533203125,92.7331771850586,82.28290557861328
2022-09-20,154.02601623535156,155.07000732421875,59.148780822753906,147.98036193847656,105.60350799560547,53.62946701049805,90.3714599609375,13.143424034118652,365.5819091796875,91.80860137939453,81.61193084716797
2022-09-21,150.9042510986328,155.7899932861328,58.97224426269531,146.46441650390625,102.55838775634766,53.18180847167969,90.7118148803711,13.2282133102417,359.2047424316406,93.3466567993164,80.29644775390625
2022-09-22,149.94223022460938,155.6999969482422,58.61920166015625,149.06573486328125,101.39141082763672,53.05646514892578,89.43548583984375,12.529947280883789,356.18756103515625,90.96180725097656,79.96098327636719
2022-09-23,147.6745147705078,153.00999450683594,57.873050689697266,149.55015563964844,99.50416564941406,52.46554946899414,89.18023681640625,12.48505687713623,350.2196044921875,91.33336639404297,75.70555877685547
2022-09-26,148.0082550048828,151.22999572753906,57.19104766845703,148.63519287109375,97.36163330078125,51.81196975708008,87.631591796875,12.197771072387695,346.75506591796875,89.5879135131836,74.14289855957031
2022-09-27,148.9801483154297,151.5399932861328,57.07069778442383,147.95346069335938,96.50464630126953,50.47795486450195,86.3127670288086,12.382312774658203,345.869873046875,87.22896575927734,75.69673919677734
2022-09-28,147.09532165527344,154.69000244140625,58.08966064453125,149.22720336914062,98.45570373535156,51.01513671875,88.0485610961914,12.704514503479004,352.6752624511719,90.14956665039062,78.45128631591797
2022-09-29,139.8701171875,154.66000366210938,57.544063568115234,147.58567810058594,96.78727722167969,50.64805221557617,87.3934097290039,12.189787864685059,345.3083190917969,89.68296813964844,78.2923583984375
2022-09-30,135.6685333251953,154.6699981689453,57.27930450439453,146.53619384765625,95.2738265991211,50.1556282043457,87.1721420288086,12.108988761901855,339.9686584472656,88.52507781982422,77.08282470703125
2022-10-03,139.8406982421875,158.42999267578125,58.02998352050781,146.3926544189453,98.21865844726562,50.719688415527344,88.78478240966797,12.481067657470703,348.9442138671875,89.93172454833984,81.15283966064453
2022-10-04,143.42384338378906,160.6999969482422,59.27974319458008,148.56346130371094,102.81367492675781,50.83607482910156,89.19454956054688,13.13444709777832,359.7568054199219,89.68053436279297,84.11042785644531
2022-10-05,143.71832275390625,159.80999755859375,59.04591751098633,148.10595703125,101.54425048828125,50.35260009765625,88.52014923095703,13.176342964172363,358.9192199707031,88.82303619384766,87.50946044921875
2022-10-06,142.76609802246094,159.6300048828125,58.86853790283203,145.23548889160156,99.47455596923828,49.26927185058594,88.31525421142578,13.097538948059082,355.2167053222656,88.32935333251953,90.10506439208984
2022-10-07,137.52392578125,157.8800048828125,58.150936126708984,143.7016143798828,97.48763275146484,48.803707122802734,87.43595886230469,12.046144485473633,345.3083190917969,87.47186279296875,89.19571685791016
2022-10-10,137.847900390625,155.47999572753906,57.441375732421875,143.88999938964844,96.57698059082031,48.696266174316406,86.65056610107422,11.64114761352539,342.6717529296875,86.11199188232422,87.26224517822266
2022-10-11,136.43423461914062,155.16000366210938,57.6187629699707,145.97105407714844,93.78976440429688,48.77684020996094,86.47128295898438,11.557355880737305,340.5016174316406,86.49313354492188,86.5206527709961
2022-10-12,135.80596923828125,155.99000549316406,57.71552658081055,145.9351806640625,95.30755615234375,49.36775207519531,86.36882019042969,11.471570014953613,339.3785400390625,86.91751098632812,86.90028381347656
2022-10-13,140.37078857421875,154.91000366210938,57.84452438354492,148.141845703125,100.60598754882812,50.02133560180664,86.52247619628906,11.930431365966797,348.3350524902344,86.08600616455078,89.93733978271484
2022-10-14,135.84523010253906,152.97999572753906,57.659088134765625,147.52291870117188,102.28016662597656,49.22450256347656,85.69438934326172,11.19924545288086,340.39697265625,85.37579345703125,87.57125854492188
2022-10-17,139.8014373779297,153.4199981689453,58.368629455566406,149.4335174560547,106.57594299316406,49.86018371582031,86.10415649414062,11.85860824584961,349.1441650390625,84.96002197265625,88.83374786376953
2022-10-18,141.11683654785156,153.75,58.77984619140625,148.9132537841797,109.317138671875,50.53166961669922,86.61641693115234,11.93741512298584,353.2464599609375,85.15925598144531,88.99267578125
2022-10-19,141.22486877441406,151.69000244140625,58.2154426574707,147.72923278808594,107.17386627197266,50.10190963745117,85.42976379394531,12.021207809448242,350.74322509765625,83.60884857177734,91.63243103027344
2022-10-20,140.76348876953125,151.4499969482422,57.892921447753906,148.10595703125,106.8243179321289,49.31403350830078,84.6870346069336,12.163853645324707,347.8021240234375,82.17974090576172,91.75601959228516
2022-10-21,144.57240295410156,154.14999389648438,58.44926452636719,151.335205078125,112.43550109863281,50.10190963745117,84.92604064941406,12.435179710388184,356.2541809082031,80.69862365722656,93.45995330810547
2022-10-24,146.7124786376953,153.64999389648438,58.48957824707031,153.37139892578125,112.57347869873047,51.543373107910156,84.8833999633789,12.567852973937988,360.6134338378906,80.03168487548828,94.11328125
2022-10-25,149.54949951171875,154.0,59.05399703979492,153.12925720214844,112.86785125732422,52.77891540527344,86.01881408691406,13.2282133102417,366.37188720703125,82.36158752441406,93.47760772705078
2022-10-26,146.6142578125,154.97999572753906,59.21527862548828,154.47474670410156,114.16486358642578,53.172855377197266,86.41150665283203,12.864117622375488,363.6116943359375,83.54822540283203,94.59002685546875
2022-10-27,142.1476287841797,154.74000549316406,59.65065383911133,154.56443786621094,114.61559295654297,53.29819869995117,86.812744140625,13.143424034118652,361.6700134277344,84.42304992675781,94.95199584960938
2022-10-28,152.88726806640625,153.16000366210938,60.11025619506836,156.86080932617188,115.97698974609375,54.3994255065918,86.99201965332031,13.799798011779785,370.27435302734375,83.84274291992188,97.7330093383789
2022-10-31,150.53118896484375,151.91000366210938,59.20719909667969,156.05349731445312,115.79301452636719,53.58469772338867,86.52247619628906,13.46363353729248,367.59979248046875,83.24507904052734,97.83013153076172
2022-11-01,147.89047241210938,153.4600067138672,59.56332015991211,155.26412963867188,117.88111877441406,53.39667510986328,87.14501190185547,13.509516716003418,365.9912109375,84.0230484008789,98.80128479003906
2022-11-02,142.37342834472656,152.38999938964844,59.021018981933594,152.87808227539062,116.7956771850586,52.653564453125,86.72544860839844,13.186319351196289,356.80621337890625,83.65840911865234,96.77070617675781
2022-11-03,136.33607482910156,151.80999755859375,58.60011672973633,153.13819885253906,117.00724029541016,52.626705169677734,86.41716766357422,13.387818336486816,353.13226318359375,83.20687103271484,98.0861587524414
2022-11-04,136.07057189941406,156.47000122070312,59.004844665527344,153.81991577148438,120.20838165283203,53.05646514892578,86.58840942382812,14.121002197265625,358.21490478515625,81.80896759033203,99.15442657470703
2022-11-07,136.60157775878906,155.85000610351562,58.996761322021484,155.1654510498047,120.84309387207031,53.262386322021484,86.2716064453125,14.265642166137695,361.6414489746094,80.99278259277344,100.3286361694336
2022-11-08,137.17190551757812,159.4499969482422,58.940093994140625,155.9368896484375,120.91668701171875,53.36086654663086,86.63124084472656,14.565899848937988,363.5926208496094,81.87840270996094,100.6464614868164
2022-11-09,132.61915588378906,158.64999389648438,58.23590087890625,154.6900177001953,119.34370422363281,52.61774826049805,86.40858459472656,13.741943359375,356.10186767578125,82.14759063720703,96.14386749267578
2022-11-10,144.41885375976562,163.47999572753906,60.0489616394043,156.5019989013672,124.25578308105469,54.506874084472656,89.30286407470703,15.711063385009766,375.6711730957031,85.30810546875,97.55645751953125
2022-11-11,147.20169067382812,164.55999755859375,60.25939178466797,151.81956481933594,124.45816802978516,54.900814056396484,89.54261016845703,16.28663444519043,379.30706787109375,84.99552917480469,100.60232543945312
2022-11-14,145.80535888671875,164.9199981689453,59.81423568725586,154.20565795898438,123.17955780029297,54.3725700378418,89.08879089355469,16.254714965820312,376.0804138183594,84.7871322631836,100.89603424072266
2022-11-15,147.53599548339844,165.5,60.34035110473633,154.63623046875,122.28731536865234,54.283042907714844,90.33040618896484,16.624797821044922,379.2879943847656,86.15899658203125,101.57239532470703
2022-11-16,146.3068389892578,165.1199951171875,60.21086502075195,155.59605407714844,122.45287322998047,54.1845588684082,91.1010971069336,15.870664596557617,376.3945617675781,88.04316711425781,100.48663330078125
2022-11-17,148.2046356201172,163.9199981689453,59.951820373535156,156.85183715820312,121.9193344116211,54.35466766357422,90.6130142211914,15.638243675231934,375.2428283691406,87.1141128540039,100.6201171875
2022-11-18,148.76513671875,162.7899932861328,60.08134078979492,158.05381774902344,123.11518096923828,54.739646911621094,90.60443878173828,15.370904922485352,376.94659423828125,86.51499938964844,99.74796295166016
2022-11-21,145.53988647460938,161.8800048828125,60.05704879760742,158.86636352539062,122.38848114013672,55.58125305175781,90.46743774414062,15.279133796691895,375.5759582519531,86.87969207763672,98.76007843017578
2022-11-22,147.67364501953125,162.07000732421875,60.49413299560547,159.63375854492188,124.21903228759766,55.82298278808594,91.27235412597656,15.998351097106934,380.6300964355469,88.11264038085938,101.61688232421875
2022-11-23,148.54881286621094,163.0800018310547,60.83408737182617,159.8052520751953,125.5436019897461,56.073673248291016,92.18860626220703,16.478160858154297,383.0286560058594,89.64947509765625,101.10960388183594
2022-11-25,145.63818359375,163.22000122070312,60.7126579284668,160.01290893554688,125.78278350830078,56.127384185791016,92.28276824951172,16.229780197143555,382.9429931640625,89.3456039428711,100.75362396240234
2022-11-28,141.81312561035156,161.92999267578125,60.073238372802734,160.09417724609375,123.58432006835938,56.136348724365234,91.61488342285156,15.787872314453125,376.8323974609375,89.59736633300781,97.72771453857422
2022-11-29,138.81399536132812,162.72999572753906,60.33225631713867,158.97470092773438,125.61721801757812,55.93937683105469,91.1610336303711,15.600335121154785,376.18511962890625,88.54678344726562,98.37739562988281
2022-11-30,145.5595245361328,164.80999755859375,61.23877716064453,160.69908142089844,127.10741424560547,57.35499572753906,92.27422332763672,16.885482788085938,388.03521728515625,89.1979751586914,99.08937072753906
2022-12-01,145.83485412597656,167.83999633789062,61.465545654296875,161.3671112060547,125.3228530883789,57.51728820800781,93.42875671386719,17.097013473510742,387.7496643066406,92.04750061035156,98.60877990722656
2022-12-02,145.34320068359375,167.25999450683594,61.416786193847656,161.4935302734375,124.32940673828125,58.02222442626953,93.9957046508789,16.838584899902344,387.3022766113281,93.20498657226562,97.77220916748047
2022-12-05,144.1829071044922,164.38999938964844,60.83153533935547,161.4031982421875,120.84309387207031,57.228759765625,93.19682312011719,16.57317543029785,380.3350830078125,91.8995361328125,95.09339904785156
2022-12-06,140.5249786376953,164.83999633789062,60.61210250854492,158.98370361328125,121.04547882080078,57.20171356201172,93.48030853271484,15.951556205749512,374.8525695800781,93.08318328857422,92.45018768310547
2022-12-07,138.58787536621094,166.3300018310547,60.94534683227539,159.94972229003906,120.96269226074219,57.2918815612793,94.51973724365234,16.084260940551758,374.21490478515625,95.2764663696289,92.24549102783203
2022-12-08,140.2693328857422,166.47000122070312,60.994102478027344,159.97682189941406,122.23210906982422,57.53532409667969,94.21907043457031,17.130935668945312,377.1464538574219,95.0153579711914,92.93077087402344
2022-12-09,139.7875213623047,167.05999755859375,60.994102478027344,158.65872192382812,121.56980895996094,56.93120574951172,93.51467895507812,16.963308334350586,374.3290710449219,92.5435791015625,92.14759826660156
2022-12-12,142.07861328125,165.67999267578125,61.22985076904297,160.5546112060547,123.45553588867188,57.679595947265625,93.3944091796875,17.496124267578125,379.7258605957031,92.8395004272461,94.41702270507812
2022-12-13,143.04225158691406,168.50999450683594,61.86384582519531,161.7914581298828,123.3359603881836,57.697635650634766,94.21047973632812,18.031936645507812,382.600341796875,93.73595428466797,95.44938659667969
2022-12-14,140.8199920654297,168.10000610351562,61.51433181762695,162.2879638671875,122.71967315673828,57.697635650634766,94.29637908935547,17.634817123413086,380.1541748046875,94.1363296508789,94.7463150024414
2022-12-15,134.22198486328125,165.35000610351562,61.282257080078125,160.23861694335938,119.67487335205078,56.9041633605957,94.37565612792969,16.914417266845703,370.8549499511719,94.50359344482422,93.83855438232422
2022-12-16,132.26516723632812,166.7899932861328,60.95542907714844,158.5955047607422,118.9297866821289,56.57956314086914,93.97066497802734,16.534259796142578,366.47662353515625,93.44793701171875,93.17996215820312
2022-12-19,130.16087341308594,166.32000732421875,60.64493179321289,158.42398071289062,119.63807678222656,56.660709381103516,93.02288818359375,16.217960357666016,363.3690185546875,91.87753295898438,93.59823608398438
2022-12-20,130.09207153320312,169.0800018310547,60.48969268798828,158.5955047607422,120.21759033203125,56.615623474121094,91.92860412597656,16.049335479736328,363.8662414550781,90.24607849121094,94.95101928710938
2022-12-21,133.18948364257812,168.8000030517578,61.00446319580078,160.41014099121094,121.56980895996094,57.52630615234375,92.55760192871094,16.464412689208984,369.30694580078125,90.47289276123047,96.17025756835938
2022-12-22,130.02322387695312,166.75999450683594,60.628570556640625,159.82333374023438,120.19000244140625,57.11154556274414,92.5317611694336,15.304991722106934,364.0382995605469,90.45545196533203,94.2301254272461
2022-12-23,129.65940856933594,167.25999450683594,60.78384017944336,160.22958374023438,120.76033020019531,57.544334411621094,92.24738311767578,15.172290802001953,366.1323547363281,89.12931823730469,96.72203826904297
2022-12-27,127.8599624633789,168.6699981689453,60.154685974121094,160.18443298339844,121.1834716796875,57.895992279052734,91.05835723876953,14.089694023132324,364.68853759765625,87.36698150634766,98.06591796875
2022-12-28,123.9365234375,167.91000366210938,59.345760345458984,159.48931884765625,121.84577178955078,57.31893539428711,90.77397155761719,14.004880905151367,360.1562805175781,86.85224151611328,96.45506286621094
2022-12-29,127.44696807861328,168.85000610351562,60.11381149291992,160.30181884765625,122.54485321044922,57.661556243896484,91.42023468017578,14.570624351501465,366.63916015625,87.83811950683594,97.18482971191406
2022-12-30,127.76160430908203,169.63999938964844,60.1628303527832,159.48023986816406,123.35437774658203,57.35499572753906,90.84291076660156,14.581600189208984,365.67340087890625,86.86096954345703,98.1637954711914
2023-01-03,122.98270416259766,171.05999755859375,60.2772216796875,160.87059020996094,124.29261016845703,56.759891510009766,91.471923828125,14.283262252807617,364.1340026855469,88.51860809326172,94.79080200195312
2023-01-04,124.25119018554688,172.6699981689453,60.971763610839844,162.62205505371094,125.45162200927734,56.732845306396484,92.13540649414062,14.716300964355469,366.94512939453125,89.73133087158203,95.06671142578125
2023-01-05,122.93354797363281,170.52000427246094,60.84921646118164,161.4213104248047,125.4238510131836,56.083641052246094,92.06644439697266,14.23337459564209,362.7570495605469,90.10646057128906,97.1937255859375
2023-01-06,127.45675659179688,173.7100067138672,61.715335845947266,162.73036193847656,127.82390594482422,57.16564178466797,93.57434844970703,14.826056480407715,371.075927734375,91.7641372680664,98.3685073852539
2023-01-09,127.9779281616211,174.10000610351562,61.93593215942383,158.51425170898438,127.29569244384766,56.45332336425781,93.9448471069336,15.593352317810059,370.8654479980469,92.25267028808594,96.53515625
2023-01-10,128.54823303222656,174.74000549316406,61.8624153137207,158.13510131835938,128.4355010986328,56.02053451538086,93.62604522705078,15.873729705810547,373.46630859375,90.72590637207031,97.97688293457031
2023-01-11,131.26217651367188,174.6199951171875,62.27096176147461,157.88232421875,129.38995361328125,55.912322998046875,94.4273681640625,15.965524673461914,378.1898498535156,92.20034790039062,99.11608123779297
2023-01-12,131.1835479736328,176.63999938964844,62.62228012084961,157.0878448486328,129.26022338867188,55.19099426269531,95.49578857421875,16.474393844604492,379.5667419433594,94.01506042480469,100.76251983642578
2023-01-13,132.51100158691406,178.75999450683594,62.62228012084961,156.57322692871094,132.52206420898438,55.38935852050781,95.18561553955078,16.86153221130371,381.0392761230469,93.13389587402344,100.7002182006836
2023-01-17,133.67129516601562,177.58999633789062,62.409854888916016,155.6072235107422,130.47413635253906,55.614776611328125,94.84097290039062,17.662755966186523,380.3413391113281,92.53187561035156,100.50444030761719
2023-01-18,132.95347595214844,177.0800018310547,62.48340606689453,153.25997924804688,126.55436706542969,53.92866897583008,95.95248413085938,17.338476181030273,374.33648681640625,94.7740478515625,98.439697265625
2023-01-19,133.01251220703125,179.88999938964844,62.115692138671875,153.05230712890625,124.86785888671875,53.84751510620117,95.75428009033203,16.727832794189453,371.6112976074219,94.18081665039062,99.07157135009766
2023-01-20,135.56907653808594,179.2899932861328,62.23828125,152.33908081054688,125.17361450195312,54.172115325927734,95.2545394897461,17.79945182800293,378.53411865234375,92.6540298461914,100.87821960449219
2023-01-23,138.75503540039062,179.6300048828125,62.230098724365234,151.9508819580078,127.20307159423828,54.3073616027832,94.97883605957031,19.150447845458984,383.075927734375,92.21780395507812,100.35314178466797
2023-01-24,140.15133666992188,180.27999877929688,62.27096176147461,151.9508819580078,128.2965087890625,54.59589767456055,95.47858428955078,19.2222900390625,382.6648864746094,93.54393768310547,101.28759002685547
2023-01-25,139.4925079345703,181.11000061035156,62.26277542114258,153.0342254638672,128.91734313964844,54.93852996826172,95.52163696289062,19.280162811279297,382.8082275390625,93.77074432373047,100.75362396240234
2023-01-26,141.55746459960938,179.47000122070312,62.41802978515625,152.47450256347656,129.7142791748047,54.83032989501953,95.48719787597656,19.758098602294922,387.01544189453125,93.33451080322266,104.80298614501953
2023-01-27,143.49456787109375,179.22000122070312,62.230098724365234,151.87864685058594,130.02938842773438,54.54179763793945,95.21144104003906,20.31985092163086,387.9046630859375,93.0989761352539,102.88954162597656
2023-01-30,140.61351013183594,178.75999450683594,61.88692092895508,146.25418090820312,128.9266357421875,54.67704391479492,94.84956359863281,19.119516372680664,383.0376892089844,92.75872802734375,101.06511688232422
2023-01-31,141.88194274902344,179.41000366210938,62.3690071105957,147.53619384765625,129.69573974609375,55.29018020629883,95.53028106689453,19.493688583374023,388.669677734375,93.50028228759766,103.24554443359375
2023-02-01,143.0029296875,181.6699981689453,63.024200439453125,148.890380859375,129.3529052734375,55.29918670654297,96.50003051757812,20.89657211303711,392.80035400390625,94.62427520751953,102.11528778076172
2023-02-02,148.302978515625,177.89999389648438,63.38545227050781,149.4501190185547,128.7505645751953,54.35244369506836,96.63829803466797,21.66086769104004,398.5183410644531,94.74674224853516,98.92028045654297
2023-02-03,151.92156982421875,173.4600067138672,62.720420837402344,148.61050415039062,130.74290466308594,53.946693420410156,95.54064178466797,21.053218841552734,394.2824401855469,93.32971954345703,99.60554504394531
2023-02-06,149.19776916503906,173.82000732421875,62.318115234375,147.4820098876953,131.51205444335938,54.25326156616211,94.80598449707031,21.042247772216797,391.8728332519531,92.63872528076172,99.43646240234375
2023-02-07,152.0690460205078,173.97999572753906,62.5397834777832,147.5181121826172,133.11512756347656,54.16309356689453,94.4948501586914,22.123844146728516,396.9980163574219,91.89522552490234,102.27548217773438
2023-02-08,149.3845977783203,174.41000366210938,62.27701950073242,147.70773315429688,132.17921447753906,53.84751510620117,94.58990478515625,22.155771255493164,392.6568908691406,92.33258056640625,101.385498046875
2023-02-09,148.35215759277344,173.02999877929688,61.874725341796875,145.71250915527344,130.1220245361328,53.75733947753906,93.79471588134766,22.287473678588867,389.2529602050781,91.45789337158203,101.76818084716797
2023-02-10,148.71653747558594,173.36000061035156,61.39851760864258,146.3896026611328,130.69654846191406,53.75733947753906,93.13786315917969,21.217853546142578,390.1613464355469,90.43451690673828,106.0578384399414
2023-02-13,151.51339721679688,172.47999572753906,61.55450439453125,146.93128967285156,132.1143341064453,54.64097595214844,93.48358154296875,21.739696502685547,394.74139404296875,91.19550323486328,105.64530944824219
2023-02-14,150.87326049804688,172.61000061035156,61.57094192504883,146.290283203125,132.6981201171875,53.73028564453125,93.25020599365234,22.920074462890625,394.5596923828125,90.98552703857422,104.40769958496094
2023-02-15,152.9709014892578,170.88999938964844,61.472415924072266,143.8798065185547,133.25413513183594,53.73028564453125,92.89585876464844,22.713529586791992,395.84100341796875,90.1371078491211,104.09381866455078
2023-02-16,151.37554931640625,170.75,60.979774475097656,142.85964965820312,131.41934204101562,53.39667892456055,92.15254211425781,21.95322036743164,390.39080810546875,88.86006927490234,103.78889465332031
2023-02-17,150.23313903808594,171.25999450683594,61.21788787841797,145.84213256835938,131.8085479736328,54.20817184448242,92.51557922363281,21.340579986572266,389.4154968261719,89.5510482788086,99.79804992675781
2023-02-21,146.22496032714844,170.6199951171875,60.273681640625,143.66893005371094,129.38995361328125,53.919639587402344,91.20179748535156,20.60920524597168,381.6033935546875,87.8104248046875,99.69940948486328
2023-02-22,146.64842224121094,169.66000366210938,60.667781829833984,143.46890258789062,128.39842224121094,54.08194351196289,91.4610824584961,20.70798683166504,381.0775146484375,88.61514282226562,98.4079818725586
2023-02-23,147.13096618652344,169.57000732421875,61.26715850830078,143.4234161376953,129.42701721191406,54.181121826171875,92.17847442626953,23.611536026000977,383.1046447753906,89.48107147216797,99.31375122070312
2023-02-24,144.4818572998047,168.35000610351562,60.89766311645508,141.8230438232422,130.59457397460938,53.95570755004883,91.48704528808594,23.234376907348633,379.01220703125,88.31774139404297,99.32273864746094
2023-02-27,145.67347717285156,169.00999450683594,61.308197021484375,141.51388549804688,131.7344512939453,53.93767547607422,91.51296997070312,23.448896408081055,380.30303955078125,88.56266784667969,99.14336395263672
2023-02-28,145.17120361328125,169.77999877929688,61.19325256347656,139.35885620117188,132.837158203125,53.65815734863281,91.54753875732422,23.16452980041504,378.8974304199219,88.96501159667969,98.56942749023438
2023-03-01,143.10308837890625,170.75999450683594,61.01978302001953,138.7314453125,132.09580993652344,53.07207489013672,90.9768295288086,22.647676467895508,377.444091796875,88.00926971435547,99.44828033447266
2023-03-02,143.69400024414062,170.66000366210938,61.0941162109375,138.62234497070312,130.724365234375,53.84751510620117,91.05484771728516,23.262311935424805,380.3794860839844,87.22887420654297,99.90564727783203
2023-03-03,148.7362060546875,172.49000549316406,61.721920013427734,140.04995727539062,133.12440490722656,53.59503936767578,92.08702087402344,23.837034225463867,386.47998046875,89.34205627441406,101.1701889038086
2023-03-06,151.4936981201172,171.6199951171875,61.721920013427734,141.45025634765625,132.34603881835938,54.42457580566406,91.83551025390625,23.501779556274414,386.7476501464844,88.64933776855469,102.06698608398438
2023-03-07,149.2975616455078,168.6199951171875,61.284141540527344,140.1135711669922,128.45404052734375,54.10899353027344,91.57528686523438,23.240314483642578,380.8193664550781,89.19298553466797,100.093994140625
2023-03-08,150.5482635498047,168.5399932861328,60.994998931884766,139.08604431152344,127.69418334960938,54.13604736328125,91.42781829833984,24.131486892700195,381.44091796875,89.28069305419922,98.6321792602539
2023-03-09,148.30291748046875,170.1999969482422,60.65632629394531,137.52207946777344,120.78126525878906,53.61307144165039,91.3410873413086,23.38801383972168,374.4033203125,89.49988555908203,97.86988830566406
2023-03-10,146.24465942382812,173.8699951171875,60.664588928222656,137.85855102539062,123.84852600097656,53.387664794921875,92.65079498291016,22.91797637939453,369.0009460449219,92.58639526367188,96.65917205810547
2023-03-13,148.1847381591797,177.86000061035156,60.334171295166016,139.17698669433594,121.62454223632812,53.92866897583008,92.72886657714844,22.918973922729492,368.47503662109375,92.79685974121094,95.547119140625
2023-03-14,150.2725372314453,176.8300018310547,60.771968841552734,139.95899963378906,124.74736785888672,54.12702560424805,92.4512939453125,24.013729095458984,374.5659484863281,91.2711410522461,95.90584564208984
2023-03-15,150.66648864746094,178.2100067138672,60.57373046875,140.3499755859375,118.85379028320312,54.487693786621094,93.33602905273438,24.17839241027832,372.2232666015625,93.03359985351562,91.13478088378906
2023-03-16,153.48300170898438,178.57000732421875,60.9702033996582,140.0590057373047,121.16117858886719,54.78752517700195,93.197265625,25.48870277404785,378.7539367675781,92.3058090209961,90.60563659667969
2023-03-17,152.64596557617188,183.77000427246094,60.606754302978516,138.5586700439453,116.5834732055664,54.53312683105469,93.66560363769531,25.67232322692871,374.3253173828125,93.69121551513672,89.53842163085938
2023-03-20,155.00946044921875,183.83999633789062,60.4415397644043,139.93170166015625,117.81595611572266,55.06010437011719,93.38806915283203,25.846967697143555,377.9246826171875,92.86698913574219,91.87913513183594
2023-03-21,156.8609161376953,180.3699951171875,61.10238265991211,139.93170166015625,120.97586822509766,54.805702209472656,93.8390884399414,26.145353317260742,382.8870544433594,92.06907653808594,95.99553680419922
2023-03-22,155.43296813964844,183.44000244140625,61.16019821166992,137.34930419921875,117.85299682617188,54.56037902832031,94.38553619384766,26.413803100585938,376.36016845703125,93.29667663574219,93.79833221435547
2023-03-23,156.5162353515625,185.74000549316406,60.920658111572266,137.42205810546875,117.53793334960938,54.442256927490234,94.6543960571289,27.13532829284668,377.37762451171875,93.29667663574219,92.74009704589844
2023-03-24,157.81622314453125,183.64999389648438,60.79673385620117,138.80418395996094,115.74949645996094,55.33268356323242,94.94930267333984,26.72416877746582,379.85394287109375,93.69121551513672,92.84770202636719
2023-03-27,155.87611389160156,181.9499969482422,60.648067474365234,139.39523315429688,119.06694030761719,55.74152755737305,93.81305694580078,26.47667694091797,380.5642395019531,91.49032592773438,94.88348388671875
2023-03-28,155.2556915283203,183.44000244140625,60.615013122558594,138.04946899414062,119.42832946777344,55.80514144897461,93.65694427490234,26.355926513671875,379.71002197265625,91.65692138671875,96.06727600097656
2023-03-29,158.32830810546875,182.52999877929688,61.37498474121094,139.40432739257812,119.66927337646484,56.20491409301758,94.09062194824219,26.928749084472656,385.2290954589844,91.47280883789062,97.7174301147461
2023-03-30,159.89414978027344,184.17999267578125,61.73841857910156,139.513427734375,119.30786895751953,56.195831298828125,94.22071838378906,27.32693099975586,387.4846496582031,91.89366912841797,98.1927490234375
2023-03-31,162.39556884765625,183.22000122070312,62.40754699707031,140.94102478027344,120.7534408569336,56.359375,95.07071685791016,27.720125198364258,392.9461364746094,93.27035522460938,98.34521484375
2023-04-03,163.64627075195312,184.5399932861328,62.3593864440918,142.62322998046875,120.61444854736328,56.695552825927734,95.64495086669922,27.907739639282227,394.4434509277344,93.70899963378906,104.1476058959961
2023-04-04,163.11448669433594,187.97999572753906,62.176849365234375,144.114501953125,119.0020523071289,56.52291488647461,95.76676940917969,27.396787643432617,392.2549743652344,94.1749038696289,103.15215301513672
2023-04-05,161.2728729248047,187.8300018310547,61.82834243774414,150.5886688232422,119.17951202392578,57.05898666381836,96.07999420166016,26.82596206665039,391.22802734375,95.15946960449219,104.91886901855469
2023-04-06,162.15921020507812,186.49000549316406,62.102169036865234,150.17039489746094,119.04876708984375,57.09532928466797,95.99297332763672,26.981639862060547,392.7541198730469,95.40558624267578,103.17906951904297
2023-04-10,159.56915283203125,185.11000061035156,62.04409408569336,149.41567993164062,119.44100189208984,56.95903396606445,95.54924011230469,27.52252960205078,393.1572570800781,93.86724853515625,102.72166442871094
2023-04-11,158.3578643798828,186.27999877929688,62.176849365234375,149.37020874023438,120.02938842773438,56.859100341796875,95.52315521240234,27.113370895385742,393.2628479003906,94.06063079833984,103.4480972290039
2023-04-12,157.66848754882812,187.19000244140625,62.16025924682617,149.0519561767578,120.01071166992188,56.95903396606445,95.32303619384766,26.440752029418945,391.659912109375,93.96392059326172,103.3404769897461
2023-04-13,163.04554748535156,189.72000122070312,62.58345413208008,151.0433349609375,120.46834564208984,57.376983642578125,95.48834228515625,26.4088134765625,396.8622741699219,93.22550201416016,103.82478332519531
2023-04-14,162.70086669921875,186.36000061035156,62.46728515625,150.7978057861328,129.56488037109375,57.2861328125,95.17508697509766,26.703210830688477,395.892822265625,92.37279510498047,104.07585906982422
2023-04-17,162.7205352783203,185.52999877929688,62.30131149291992,150.64320373535156,130.5921630859375,57.65864562988281,94.57477569580078,26.946706771850586,397.3133544921875,91.27397155761719,102.86517333984375
2023-04-18,163.94174194335938,186.25,62.342796325683594,146.40591430664062,132.05848693847656,57.74950408935547,94.88799285888672,27.610349655151367,397.572509765625,91.5992202758789,104.87405395507812
2023-04-19,165.0841064453125,185.36000061035156,62.09386444091797,147.78802490234375,131.89035034179688,57.85853576660156,94.41817474365234,27.873809814453125,397.5054016113281,91.51132202148438,104.542236328125
2023-04-20,164.1189727783203,186.08999633789062,62.03578186035156,148.7427978515625,131.50746154785156,58.11293411254883,94.77490234375,27.048503875732422,395.3361511230469,92.29368591308594,103.70817565917969
2023-04-21,162.51373291015625,184.25,62.22665023803711,147.9335174560547,131.25527954101562,58.19471740722656,94.8358154296875,27.0634708404541,395.64324951171875,91.77501678466797,104.04000854492188
2023-04-24,162.8190460205078,184.80999755859375,62.4008903503418,148.8336944580078,131.43272399902344,58.10384750366211,95.25343322753906,26.986629486083984,396.05596923828125,92.66289520263672,106.0040283203125
2023-04-25,161.28273010253906,185.75,62.30131149291992,150.19764709472656,128.57489013671875,58.012996673583984,95.67106628417969,26.18726921081543,389.7690734863281,94.02547454833984,104.49737548828125
2023-04-26,161.2728729248047,184.74000549316406,62.0606689453125,147.869873046875,126.29608917236328,57.740421295166016,95.25343322753906,26.900802612304688,388.11810302734375,93.0233383178711,103.53777313232422
2023-04-27,165.8522491455078,184.75,62.26812744140625,148.2154083251953,127.99586486816406,57.85853576660156,94.9054183959961,27.17025375366211,395.8448486328125,92.10031127929688,104.77538299560547
2023-04-28,167.1029510498047,184.8000030517578,62.53366470336914,148.85189819335938,129.10726928710938,58.28556823730469,95.64495086669922,27.692184448242188,399.22344970703125,93.5859146118164,106.12959289550781
2023-05-01,167.01437377929688,183.97000122070312,62.24697494506836,148.76100158691406,131.87171936035156,58.42185974121094,94.10147094726562,28.850805282592773,398.82025146484375,90.8874282836914,102.83826446533203
2023-05-02,165.98028564453125,187.52000427246094,62.18864822387695,150.06126403808594,129.7423095703125,58.15837478637695,95.23638916015625,28.152236938476562,394.3377990722656,93.15234375,98.73979949951172
2023-05-03,164.90682983398438,189.11000061035156,62.15530776977539,148.0972137451172,126.99655151367188,57.83128356933594,95.39353942871094,27.745075225830078,391.6311340332031,93.67229461669922,96.793701171875
2023-05-04,163.27203369140625,190.44000244140625,61.97193145751953,147.42433166503906,125.25942993164062,57.89488220214844,95.13165283203125,27.50556755065918,388.85723876953125,92.7469253540039,95.09870910644531
2023-05-05,170.9339141845703,187.4600067138672,62.30533218383789,147.92442321777344,127.70635223388672,58.16745376586914,94.7562484741211,28.621274948120117,396.05596923828125,92.43848419189453,97.46630859375
2023-05-08,170.86495971679688,187.69000244140625,62.13029861450195,147.58799743652344,128.01451110839844,58.07659149169922,94.07528686523438,29.091312408447266,396.1614990234375,91.14300537109375,97.85196685791016
2023-05-09,169.1612548828125,189.02000427246094,61.97193145751953,146.44227600097656,127.3981704711914,57.59504699707031,94.04036712646484,28.512496948242188,394.42425537109375,90.81693267822266,97.87886810302734
2023-05-10,170.924072265625,188.75,62.34699249267578,146.98785400390625,127.46350860595703,57.69499206542969,94.78243255615234,28.825855255126953,396.26715087890625,91.69820404052734,96.62329864501953
2023-05-11,171.11114501953125,187.1300048828125,62.24697494506836,146.38772583007812,127.06192779541016,58.02208709716797,95.14910125732422,28.519489288330078,395.5760803222656,92.66763305664062,94.87450408935547
2023-05-12,170.18414306640625,186.80999755859375,62.021949768066406,146.19676208496094,125.24075317382812,58.24922180175781,94.5641860961914,28.28196907043457,395.0577697753906,91.89208221435547,94.86554718017578
2023-05-15,169.69107055664062,187.2100067138672,62.00529479980469,145.07833862304688,126.29608917236328,58.094764709472656,94.05784606933594,28.89371681213379,396.42071533203125,90.9403076171875,95.04646301269531
2023-05-16,169.69107055664062,184.8699951171875,61.5718994140625,144.8874053955078,125.44620513916016,57.440589904785156,93.5864028930664,29.15318489074707,393.7715148925781,90.6670913696289,92.73973083496094
2023-05-17,170.30247497558594,184.22999572753906,61.73858642578125,144.56915283203125,129.3033905029297,57.376983642578125,93.57769012451172,30.1162052154541,398.5514831542969,90.40269470214844,94.8203125
2023-05-18,172.62989807128906,181.83999633789062,61.77193832397461,144.10537719726562,130.2840118408203,57.05898666381836,93.18482208251953,31.613136291503906,402.390869140625,89.73294830322266,95.67967987060547
2023-05-19,172.73834228515625,183.63999938964844,61.838626861572266,144.4963836669922,129.985107421875,57.086238861083984,93.07134246826172,31.19998550415039,401.8053894042969,89.0984115600586,96.1229248046875
2023-05-22,171.79161071777344,183.2100067138672,62.1136360168457,143.71763610839844,128.91111755371094,55.886905670166016,93.03642272949219,31.112165451049805,401.9685363769531,88.78113555908203,94.95600891113281
2023-05-23,169.1881103515625,183.42999267578125,61.7885856628418,143.66268920898438,127.56626892089844,55.786964416503906,93.22846984863281,30.625165939331055,397.4573059082031,89.03670501708984,96.24957275390625
2023-05-24,169.46424865722656,181.9499969482422,61.35523986816406,143.52525329589844,126.39883422851562,55.31450271606445,92.86182403564453,30.47547149658203,394.5777893066406,88.5960693359375,97.32604217529297
2023-05-25,170.5983428955078,180.1999969482422,61.313560485839844,141.46389770507812,126.7070541381836,54.88746643066406,92.55626678466797,37.9022331237793,397.99481201171875,88.3757553100586,95.58016967773438
2023-05-26,173.00462341308594,180.9199981689453,61.688594818115234,141.408935546875,127.89314270019531,54.751182556152344,92.94910430908203,38.86625289916992,403.14910888671875,89.08958435058594,94.95600891113281
2023-05-30,174.8487548828125,182.0399932861328,61.95527648925781,141.42724609375,128.37875366210938,54.315059661865234,93.64751434326172,40.028873443603516,403.30267333984375,89.97968292236328,94.1147232055664
2023-05-31,174.7994384765625,182.32000732421875,61.76359176635742,142.05941772460938,126.74437713623047,54.20603561401367,93.95307159423828,37.75653076171875,401.0663146972656,90.7640151977539,92.4321517944336
2023-06-01,177.6001739501953,183.75999450683594,62.13457489013672,141.58302307128906,128.4908447265625,54.51495361328125,94.24121856689453,39.688568115234375,404.8768005371094,91.12015533447266,93.49958801269531
2023-06-02,178.44830322265625,181.0500030517578,62.4527702331543,143.8092498779297,131.18994140625,55.568904876708984,93.98723602294922,39.2464714050293,410.7318115234375,90.12161254882812,95.6706314086914
2023-06-05,177.09722900390625,182.13999938964844,62.40251159667969,145.0460662841797,129.9010772705078,55.196388244628906,93.78577423095703,39.09079360961914,409.94482421875,89.95372772216797,95.2454605102539
2023-06-06,176.7323455810547,182.33999633789062,62.50300216674805,144.9178009033203,130.13455200195312,54.79661560058594,93.96969604492188,38.574851989746094,410.83740234375,90.48394012451172,96.02344512939453
2023-06-07,175.36160278320312,180.14999389648438,62.15968704223633,145.22930908203125,131.39537048339844,54.71483612060547,93.12889099121094,37.40213394165039,409.41693115234375,89.14081573486328,98.17637634277344
2023-06-08,178.0735626220703,182.52999877929688,62.55323791503906,146.8234100341797,131.43272399902344,54.851131439208984,93.75076293945312,38.43513107299805,411.8931884765625,90.18348693847656,97.86880493164062
2023-06-09,178.45819091796875,182.0399932861328,62.570003509521484,146.5944061279297,131.69424438476562,54.941993713378906,93.5055160522461,38.69462203979492,412.63226318359375,90.05979919433594,97.14513397216797
2023-06-12,181.24900817871094,181.8800048828125,62.50300216674805,146.4936065673828,131.68490600585938,54.70574951171875,93.80329895019531,39.40522766113281,416.3756408691406,90.32486724853516,96.26766204833984
2023-06-13,180.7756805419922,180.5399932861328,62.57837677001953,147.26319885253906,132.63754272460938,54.92381286621094,93.3829116821289,40.94223403930664,419.1207580566406,89.43240356445312,96.2857666015625
2023-06-14,181.4068145751953,180.63999938964844,62.603519439697266,148.01443481445312,132.14256286621094,55.29633331298828,93.67190551757812,42.91340255737305,419.619873046875,90.14814758300781,95.12788391113281
2023-06-15,183.4383544921875,181.91000366210938,62.904972076416016,150.00247192382812,133.63682556152344,56.05619812011719,94.48646545410156,42.570072174072266,424.82220458984375,91.01412200927734,95.7882308959961
2023-06-16,182.36343383789062,181.6300048828125,62.7458381652832,150.46054077148438,133.79559326171875,56.45901870727539,94.320068359375,42.60899353027344,423.3751220703125,90.6606674194336,95.10072326660156
2023-06-20,182.4521484375,179.75,62.57837677001953,150.36892700195312,133.11383056640625,56.08366775512695,94.66165161132812,43.72282409667969,421.1785888671875,91.28803253173828,92.92064666748047
2023-06-21,181.4166717529297,179.49000549316406,62.41928482055664,150.13990783691406,132.91770935058594,56.23929977416992,94.5565414428711,42.961307525634766,419.0206298828125,91.50894165039062,93.9609375
2023-06-22,184.41465759277344,177.7100067138672,62.23505401611328,151.73403930664062,130.35874938964844,56.62380599975586,94.0660629272461,42.94134521484375,420.5330810546875,90.40438842773438,93.4453125
2023-06-23,184.09906005859375,178.1999969482422,62.126216888427734,151.60574340820312,129.6769256591797,56.02873611450195,94.32881164550781,42.12693786621094,417.3539123535156,91.30569458007812,92.63119506835938
2023-06-26,182.70858764648438,178.50999450683594,62.15968704223633,149.91087341308594,129.99449157714844,56.04704284667969,94.4339370727539,40.55299758911133,415.648681640625,91.40292358398438,94.34086608886719
2023-06-27,185.45999145507812,177.69000244140625,62.36905288696289,149.59938049316406,130.0038299560547,55.92803192138672,94.32881164550781,41.79458236694336,420.20556640625,91.16433715820312,94.57605743408203
2023-06-28,186.63356018066406,177.27999877929688,62.7291259765625,149.2970428466797,129.43411254882812,55.406192779541016,94.74047088623047,41.03705596923828,420.41754150390625,91.55310821533203,95.34497833251953
2023-06-29,186.96884155273438,177.08999633789062,62.5616455078125,150.3415069580078,133.95436096191406,54.94845199584961,94.02227783203125,40.74263381958008,422.07452392578125,89.9007339477539,96.52095031738281
2023-06-30,191.28829956054688,178.27000427246094,62.863101959228516,151.6424102783203,135.83155822753906,55.13154220581055,94.71419525146484,42.21976089477539,427.05535888671875,90.96109008789062,97.01848602294922
2023-07-03,189.79916381835938,178.47000122070312,62.76460266113281,149.6543731689453,136.9242706298828,55.461124420166016,94.44881439208984,42.330528259277344,427.546630859375,90.44542694091797,97.20845794677734
2023-07-05,188.68478393554688,177.83999633789062,62.570945739746094,149.15963745117188,136.01214599609375,55.87310028076172,93.77227020263672,42.23472213745117,426.910888671875,89.58597564697266,96.71092224121094
2023-07-06,189.1581573486328,177.30999755859375,62.11632537841797,148.0510711669922,134.66744995117188,55.44281005859375,92.82328033447266,42.02113723754883,423.56781005859375,88.31893920898438,93.1015625
2023-07-07,188.04376220703125,178.63999938964844,62.17525863647461,145.8981170654297,135.73004150390625,54.71040725708008,92.73541259765625,42.42035675048828,422.4984436035156,87.78736114501953,93.31867218017578
2023-07-10,186.00241088867188,178.77999877929688,62.48675537109375,146.1362762451172,136.49171447753906,54.298431396484375,93.21868896484375,42.097984313964844,423.56781005859375,87.90252685546875,94.70269775390625
2023-07-11,185.479736328125,179.4499969482422,62.82353591918945,145.33009338378906,138.62632751464844,54.49068832397461,93.65802764892578,42.32254409790039,426.265380859375,88.35440826416016,95.86060333251953
2023-07-12,187.14637756347656,181.8800048828125,63.31184387207031,144.82618713378906,139.31277465820312,54.783653259277344,94.48396301269531,43.8166389465332,429.6950378417969,89.33789825439453,96.33098602294922
2023-07-13,187.9056854248047,182.00999450683594,63.690711975097656,145.49497985839844,139.9898223876953,55.250553131103516,95.15177154541016,45.88760757446289,433.10540771484375,90.27708435058594,94.56703186035156
2023-07-14,188.05364990234375,181.42999267578125,63.22763442993164,146.46612548828125,140.83612060546875,55.754085540771484,94.4136734008789,45.380592346191406,432.8357238769531,89.7454605102539,91.31045532226562
2023-07-17,191.3080291748047,181.55999755859375,63.34550857543945,145.73318481445312,144.23080444335938,55.671695709228516,94.57185363769531,46.37065887451172,434.3386535644531,89.78976440429688,91.70848083496094
2023-07-18,191.05162048339844,183.63999938964844,63.5223274230957,145.72406005859375,144.49412536621094,55.451969146728516,94.80907440185547,47.40165710449219,437.5659484863281,90.19731140136719,91.2923583984375
2023-07-19,192.40267944335938,183.6699981689453,63.57283020019531,145.43087768554688,145.04893493652344,56.431556701660156,95.34510040283203,46.985469818115234,438.5390625,91.21626281738281,91.92557525634766
2023-07-20,190.45993041992188,182.74000549316406,63.295005798339844,154.2626190185547,146.8355712890625,57.11818313598633,94.70365905761719,45.43149185180664,435.6296081542969,90.1087417602539,93.54483032226562
2023-07-21,189.28634643554688,182.17999267578125,63.45496368408203,155.92086791992188,145.7071075439453,57.16395568847656,94.87056732177734,44.22283935546875,435.6296081542969,90.13533020019531,93.97903442382812
2023-07-24,190.08514404296875,181.39999389648438,63.34550857543945,156.7362518310547,148.57521057128906,57.1822624206543,94.75636291503906,44.52526092529297,437.57562255859375,89.80747985839844,95.45352172851562
2023-07-25,190.94314575195312,182.41000366210938,63.303401947021484,157.93641662597656,147.46559143066406,56.990013122558594,94.60697937011719,45.590179443359375,438.7702941894531,89.63912963867188,95.5982666015625
2023-07-26,191.8109588623047,183.3000030517578,63.55598068237305,158.23875427246094,148.3494873046875,57.7224235534668,95.04633331298828,45.36363220214844,438.83770751953125,89.72773742675781,95.06454467773438
2023-07-27,190.54867553710938,180.4199981689453,63.05086898803711,159.12741088867188,146.71334838867188,57.16395568847656,93.886474609375,45.81075668334961,435.9281921386719,87.98226165771484,95.36307525634766
2023-07-28,193.12257385253906,181.86000061035156,63.41286849975586,159.85118103027344,147.5502471923828,57.20058059692383,94.50154876708984,46.65910339355469,440.19610595703125,88.43415069580078,94.2232894897461
2023-07-31,193.73397827148438,182.35000610351562,63.564414978027344,153.48391723632812,148.53759765625,56.697052001953125,94.76514434814453,46.63814163208008,441.0342102050781,88.64679718017578,97.00943756103516
2023-08-01,192.9056396484375,180.4600067138672,63.249717712402344,154.72984313964844,147.8041229248047,56.550575256347656,93.82086181640625,46.41657257080078,439.772216796875,87.19413757324219,96.4485855102539
2023-08-02,189.91749572753906,179.60000610351562,62.97903823852539,155.66433715820312,146.13026428222656,56.72452163696289,93.2477798461914,44.182926177978516,433.6545715332031,86.26124572753906,95.2454605102539
2023-08-03,188.52700805664062,179.5399932861328,62.77600860595703,156.33314514160156,147.02365112304688,56.431556701660156,92.41016387939453,44.42844772338867,432.4118347167969,84.2710952758789,96.90090942382812
2023-08-04,179.4739227294922,180.19000244140625,63.14820861816406,154.8672637939453,146.71334838867188,55.58013916015625,93.3712158203125,44.5931282043457,430.4561462402344,85.76371002197266,97.17228698730469
2023-08-07,176.37733459472656,179.77999877929688,63.26667785644531,158.58689880371094,147.4091796875,56.01958465576172,93.14195251464844,45.328697204589844,434.2133483886719,84.9196548461914,96.97325134277344
2023-08-08,177.314208984375,178.63999938964844,63.40200424194336,158.66017150878906,146.5816650390625,55.77238845825195,93.51227569580078,44.57716369628906,432.3250732421875,85.90586853027344,97.45270538330078
2023-08-09,175.72645568847656,177.7899932861328,63.410465240478516,158.55941772460938,144.61631774902344,55.90056228637695,93.60043334960938,42.47126007080078,429.4349060058594,86.35008239746094,99.10811614990234
2023-08-10,175.50950622558594,177.60000610351562,63.3935432434082,157.73486328125,144.4000701904297,55.77238845825195,92.93916320800781,42.30558395385742,429.5890808105469,84.92857360839844,99.61470031738281
2023-08-11,175.56875610351562,177.60000610351562,63.30046844482422,159.2740478515625,145.23696899414062,56.00126647949219,92.62176513671875,40.77556228637695,429.3385925292969,84.73310852050781,101.16156768798828
2023-08-14,177.21792602539062,177.05999755859375,63.29204177856445,158.8983917236328,145.5378875732422,55.735774993896484,92.58647155761719,43.66792678833008,431.7085266113281,84.54651641845703,101.24297332763672
2023-08-15,175.2329864501953,176.58999633789062,63.088985443115234,158.44027709960938,141.83291625976562,55.36042022705078,92.10155487060547,43.85457229614258,426.67962646484375,84.03118896484375,98.64372253417969
2023-08-16,174.3639678955078,175.57000732421875,62.89443588256836,157.93641662597656,141.23106384277344,55.36957550048828,91.68716430664062,43.40143966674805,423.548583984375,83.37372589111328,96.98385620117188
2023-08-17,171.82611083984375,175.3000030517578,62.63220977783203,159.42059326171875,139.76416015625,55.48859786987305,91.44025421142578,43.25972366333008,420.3211975097656,83.01836395263672,98.86260223388672
2023-08-18,172.30999755859375,175.3300018310547,62.674495697021484,158.0280303955078,140.0838623046875,55.79986572265625,91.78416442871094,43.214813232421875,420.5234375,83.31153869628906,100.35832977294922
2023-08-21,173.64309692382812,175.80999755859375,62.65757751464844,153.3189697265625,140.5634307861328,55.32379913330078,91.23750305175781,46.87567901611328,423.25946044921875,82.20095825195312,99.14533233642578
2023-08-22,175.0157470703125,176.10000610351562,62.69142150878906,152.1005096435547,137.6483612060547,54.98507308959961,91.51966094970703,45.57920837402344,422.1131286621094,82.8317642211914,98.58900451660156
2023-08-23,178.85716247558594,177.88999938964844,63.19898223876953,150.7354278564453,138.57928466796875,55.17731857299805,92.80692291259766,47.02439880371094,426.8144836425781,84.88414764404297,97.72258758544922
2023-08-24,174.17637634277344,177.85000610351562,62.85213851928711,151.24847412109375,138.4476318359375,55.03083801269531,92.489501953125,47.07130432128906,420.89923095703125,84.32440948486328,96.99296569824219
2023-08-25,176.3784942626953,177.6199951171875,63.11439514160156,153.4170684814453,138.27838134765625,55.287174224853516,92.54238891601562,45.92852020263672,423.8665466308594,84.59982299804688,98.72579956054688
2023-08-28,177.9387664794922,178.1300048828125,63.35122299194336,151.60836791992188,138.75794982910156,55.44281005859375,92.83335876464844,46.74393844604492,426.5544128417969,84.68866729736328,99.55574798583984
2023-08-29,181.81967163085938,179.8699951171875,63.74882125854492,151.62681579589844,139.88638305664062,55.38787841796875,93.57400512695312,48.68914031982422,432.7201232910156,85.56822967529297,100.1485366821289
2023-08-30,185.3055419921875,180.32000732421875,63.72343063354492,151.09156799316406,139.3221893310547,55.36042022705078,93.4417495727539,49.168209075927734,434.5024108886719,85.47942352294922,101.12442016601562
2023-08-31,185.52279663085938,180.02000427246094,63.681175231933594,149.19981384277344,137.60133361816406,54.774497985839844,93.60043334960938,49.259037017822266,433.86651611328125,85.86144256591797,101.40713500976562
2023-09-01,187.0929718017578,180.11000061035156,63.80097198486328,148.09243774414062,138.06211853027344,54.298431396484375,92.93413543701172,48.41468048095703,434.67578125,84.52384948730469,103.5321273803711
2023-09-05,187.3299560546875,178.63999938964844,63.384525299072266,148.27699279785156,136.53875732421875,53.84983825683594,92.27053833007812,48.453609466552734,432.7971496582031,83.33863067626953,103.54125213623047
2023-09-06,180.62478637695312,177.8300018310547,63.23154830932617,145.8131103515625,136.31307983398438,53.8132209777832,92.18203735351562,46.97336196899414,429.8877258300781,83.54360961914062,104.43502807617188
2023-09-07,175.34161376953125,178.02000427246094,63.444026947021484,147.67718505859375,135.1470184326172,53.401241302490234,92.58908081054688,46.1548957824707,428.56787109375,83.77529907226562,103.92430877685547
2023-09-08,175.953857421875,178.0800018310547,63.418540954589844,148.166259765625,135.25050354003906,53.401241302490234,92.65985870361328,45.48713684082031,429.21331787109375,84.09611511230469,105.43824768066406
2023-09-11,177.119140625,178.41000366210938,63.52903747558594,150.1041717529297,135.84288024902344,53.90476608276367,92.48290252685547,45.0938720703125,432.0361328125,83.49014282226562,104.11583709716797
2023-09-12,174.0973663330078,177.49000549316406,63.427032470703125,150.9531707763672,137.6107177734375,53.373775482177734,92.45635223388672,44.786441802978516,429.6661071777344,83.97134399414062,107.15283966064453
2023-09-13,172.0334930419922,177.0800018310547,63.59699630737305,151.33152770996094,137.67657470703125,53.501953125,92.65985870361328,45.40030288696289,430.1671447753906,83.95352935791016,106.19522857666016
2023-09-14,173.54437255859375,177.1699981689453,63.67349624633789,151.10079956054688,140.34713745117188,53.94486999511719,92.49176025390625,45.496124267578125,433.8761901855469,83.34757232666016,108.09220123291016
2023-09-15,172.82347106933594,178.33999633789062,63.435523986816406,148.98756408691406,139.93338012695312,53.46503829956055,92.35015869140625,43.81825256347656,428.648681640625,82.83964538574219,106.43235778808594
2023-09-18,175.74649047851562,179.38999938964844,63.47803497314453,149.9288330078125,140.2248992919922,53.7972297668457,92.5271224975586,43.884124755859375,428.9001159667969,83.31193542480469,107.2896499633789
2023-09-19,176.83273315429688,179.22000122070312,63.282554626464844,149.67967224121094,140.04624938964844,53.68650436401367,92.2174301147461,43.438961029052734,428.0106506347656,82.6970443725586,107.00691986083984
2023-09-20,173.29747009277344,179.35000610351562,63.23154830932617,150.33489990234375,139.45384216308594,53.926422119140625,92.25283813476562,42.16034698486328,424.07574462890625,82.95548248291016,106.15875244140625
2023-09-21,171.7569580078125,178.0500030517578,62.78110885620117,149.1813507080078,138.363037109375,53.09593200683594,91.3237533569336,40.940616607666016,417.0665283203125,80.82568359375,104.66303253173828
2023-09-22,172.60621643066406,178.6199951171875,62.8915901184082,148.11093139648438,137.037109375,53.15129852294922,91.8812026977539,41.53252410888672,416.12872314453125,81.4761734008789,104.82720184326172
2023-09-25,173.88011169433594,177.6999969482422,62.806617736816406,147.88943481445312,137.71417236328125,52.597633361816406,90.9875259399414,42.143375396728516,417.8786315917969,79.47113037109375,106.00371551513672
2023-09-26,169.81161499023438,176.27999877929688,62.53465270996094,146.74513244628906,136.28485107421875,52.16393280029297,90.73091888427734,41.832950592041016,411.7393798828125,79.19488525390625,106.16785430908203
2023-09-27,168.30072021484375,174.10000610351562,62.44965744018555,144.9825897216797,137.08413696289062,51.62873840332031,90.30618286132812,42.388919830322266,411.9037780761719,78.78497314453125,109.62442016601562
2023-09-28,168.55747985839844,173.22999572753906,62.74710464477539,144.77032470703125,138.7861785888672,51.49955368041992,90.46546936035156,43.008766174316406,414.2917785644531,79.02559661865234,108.95864868164062
2023-09-29,169.07093811035156,171.4499969482422,62.65364074707031,143.72755432128906,136.36947631835938,51.65641784667969,90.27082061767578,43.41800308227539,413.28631591796875,79.03446960449219,107.23493957519531
2023-10-02,171.57920837402344,169.64999389648438,62.273441314697266,143.1738739013672,135.19403076171875,51.195037841796875,89.44378662109375,44.698612213134766,413.1219482421875,77.71143341064453,105.45648956298828
2023-10-03,170.24609375,169.16000366210938,61.6412353515625,143.34921264648438,134.197265625,50.64137268066406,88.41336059570312,43.435970306396484,407.5918884277344,76.03972625732422,105.6388931274414
2023-10-04,171.49032592773438,169.13999938964844,61.95734786987305,143.5153350830078,134.79910278320312,50.78902053833008,89.18617248535156,43.958988189697266,410.5599670410156,77.11248016357422,101.68986511230469
2023-10-05,172.7247314453125,168.8300018310547,62.01716232299805,145.01026916503906,135.36744689941406,48.33446502685547,89.07960510253906,44.60478591918945,410.4052734375,76.72808837890625,99.40069580078125
2023-10-06,175.2725067138672,169.6999969482422,62.10256576538086,145.47166442871094,137.45147705078125,49.03575897216797,88.8130874633789,45.676788330078125,415.2779541015625,75.7983627319336,97.74082946777344
2023-10-09,176.75376892089844,172.82000732421875,62.563934326171875,146.3022003173828,137.13890075683594,48.79584503173828,89.91459655761719,45.188697814941406,417.9366149902344,77.57733917236328,101.16089630126953
2023-10-10,176.1612548828125,172.52999877929688,62.54683303833008,146.1361083984375,137.97250366210938,49.85702896118164,89.95013427734375,45.71271514892578,420.11187744140625,77.47006225585938,100.73224639892578
2023-10-11,177.55364990234375,173.7899932861328,62.538291931152344,144.1243438720703,138.4461669921875,49.56174087524414,90.50089263916016,46.718841552734375,421.83282470703125,79.08814239501953,97.12066650390625
2023-10-12,178.45228576660156,173.25999450683594,62.205116271972656,144.2628173828125,138.1240692138672,48.73125457763672,89.55924987792969,46.85758590698242,419.2611083984375,76.942626953125,97.10242462158203
2023-10-13,176.6155242919922,178.8300018310547,62.15382385253906,144.74266052246094,140.19863891601562,48.80506896972656,90.05670928955078,45.3763427734375,417.1728210449219,78.31932067871094,100.20327758789062
2023-10-16,176.4871063232422,177.9600067138672,62.13676071166992,145.37014770507812,140.0565185546875,49.303367614746094,89.4349136352539,46.0091667175293,421.5621643066406,77.058837890625,100.2762222290039
2023-10-17,174.93673706054688,178.2899932861328,61.846275329589844,144.0413360595703,139.75341796875,49.8939323425293,88.72425842285156,43.85618591308594,421.5428161621094,76.20958709716797,101.58954620361328
2023-10-18,173.64309692382812,180.8699951171875,61.547264099121094,140.94065856933594,138.2188262939453,49.87548065185547,88.01363372802734,42.11742401123047,415.9256591796875,75.53911590576172,103.01229858398438
2023-10-19,173.26788330078125,183.08999633789062,61.32511520385742,140.56231689453125,137.63148498535156,50.152305603027344,87.3029556274414,42.022605895996094,412.2711486816406,73.99259948730469,103.07614135742188
2023-10-20,170.7200927734375,183.58999633789062,61.45325469970703,141.1898193359375,135.4148406982422,50.35532760620117,87.64940643310547,41.309940338134766,407.2052001953125,74.41273498535156,101.30680847167969
2023-10-23,170.83859252929688,182.97000122070312,61.70105743408203,139.70411682128906,133.56761169433594,49.90316390991211,88.33341217041016,42.89497375488281,406.4993896484375,75.30668640136719,99.82022094726562
2023-10-24,171.2731170654297,182.9499969482422,62.01716232299805,139.5564422607422,133.7286376953125,51.342674255371094,88.83086395263672,43.581695556640625,409.56414794921875,76.29899597167969,98.85350036621094
2023-10-25,168.96234130859375,183.72000122070312,61.68394088745117,139.8701934814453,132.9992218017578,51.785606384277344,88.02249145507812,41.70119857788086,403.68597412109375,74.60050201416016,99.03590393066406
2023-10-26,164.80494689941406,184.00999450683594,61.89750289916992,137.49859619140625,133.34027099609375,51.47187042236328,88.6620864868164,40.250911712646484,398.8520812988281,75.7447280883789,98.13299560546875
2023-10-27,166.11830139160156,186.14999389648438,61.82064437866211,134.36105346679688,128.5375518798828,50.973575592041016,88.4843978881836,40.424583435058594,397.0440979003906,75.42291259765625,96.26335906982422
2023-10-30,168.16244506835938,185.10000610351562,61.83771896362305,135.6806640625,130.1763153076172,51.813289642333984,88.2179183959961,41.08435821533203,401.79107666015625,75.0832290649414,96.56432342529297
2023-10-31,168.636474609375,184.08999633789062,62.00007629394531,136.88955688476562,131.72984313964844,52.127037048339844,88.09353637695312,40.704063415527344,404.3144226074219,74.71665954589844,96.5369644165039
2023-11-01,171.79647827148438,183.50999450683594,62.59099197387695,137.21250915527344,131.6162109375,52.08089065551758,89.35426330566406,42.24618911743164,408.6263122558594,76.3366928100586,96.34544372558594
2023-11-02,175.35150146484375,184.1199951171875,63.29534912109375,138.64288330078125,133.96551513671875,52.68069076538086,90.41523742675781,43.424991607666016,416.4574279785156,78.0769271850586,99.51016235351562
2023-11-03,174.44297790527344,184.7899932861328,63.913795471191406,139.657958984375,135.4622039794922,52.35771942138672,90.86103820800781,44.92120361328125,420.2569580078125,78.60618591308594,98.29715728759766
2023-11-06,176.99075317382812,183.35000610351562,63.656097412109375,139.99020385742188,136.4852752685547,52.56996154785156,90.37957763671875,45.665802001953125,421.2237243652344,77.84371185302734,96.55521392822266
2023-11-07,179.54843139648438,182.58999633789062,63.6646842956543,139.25192260742188,136.4189453125,52.763736724853516,91.10177612304688,45.86942672729492,422.4224853515625,78.99189758300781,95.04126739501953
2023-11-08,180.60504150390625,180.77000427246094,63.69906997680664,138.74441528320312,137.09153747558594,52.68069076538086,91.56538391113281,46.487274169921875,422.7319030761719,80.33743286132812,93.87387084960938
2023-11-09,180.1310272216797,181.49000549316406,63.30391311645508,136.04055786132812,136.68417358398438,52.28389358520508,90.63813781738281,46.86257553100586,419.4351806640625,78.48955535888672,93.90122985839844
2023-11-10,184.3136749267578,179.50999450683594,63.61314010620117,135.88369750976562,138.71136474609375,52.33926773071289,91.09284210205078,48.2449951171875,425.9803161621094,78.92911529541016,94.62171936035156
2023-11-13,182.73159790039062,180.50999450683594,63.55302047729492,136.2343292236328,138.09567260742188,52.533050537109375,91.10177612304688,48.529457092285156,425.5743103027344,78.74971008300781,95.6158447265625
2023-11-14,185.342041015625,182.1199951171875,64.19721221923828,136.26202392578125,140.61546325683594,52.68991470336914,92.5282974243164,49.563533782958984,433.8307800292969,80.53477478027344,95.9839859008789
2023-11-15,185.90565490722656,181.63999938964844,63.991065979003906,137.3140411376953,141.846923828125,52.79141616821289,92.04682159423828,48.79697036743164,434.7492370605469,79.40453338623047,95.40415954589844
2023-11-16,187.58663940429688,183.69000244140625,64.07698059082031,138.51370239257812,143.466796875,52.736053466796875,92.80467987060547,49.38786315917969,435.28094482421875,80.39127349853516,94.29971313476562
2023-11-17,187.56686401367188,183.6699981689453,64.22299194335938,138.22763061523438,144.76455688476562,52.837554931640625,93.0721664428711,49.206207275390625,435.8223876953125,80.76799774169922,96.60060119628906
2023-11-20,189.30715942382812,183.3699951171875,64.29169464111328,139.44618225097656,145.2097930908203,52.96674728393555,93.44662475585938,50.315128326416016,439.1770935058594,81.2613754272461,96.17723846435547
2023-11-21,188.5062255859375,185.35000610351562,64.37760162353516,140.57171630859375,144.90667724609375,53.5480842590332,93.4733657836914,49.85099792480469,438.2200927734375,81.22547912597656,96.14043426513672
2023-11-22,189.16873168945312,184.55999755859375,64.4892578125,140.29266357421875,145.24769592285156,53.9079704284668,93.84783935546875,48.62528991699219,439.9118957519531,81.51254272460938,95.72627258300781
2023-11-24,187.84371948242188,185.52000427246094,64.42054748535156,141.85540771484375,145.44662475585938,54.04637908935547,93.36636352539062,47.687042236328125,440.1825866699219,80.55272674560547,96.2416763305664
2023-11-27,187.6657257080078,186.77000427246094,64.5150375366211,140.72055053710938,145.11505126953125,53.94486999511719,94.12421417236328,48.15216827392578,439.38983154296875,81.89826202392578,95.68025207519531
2023-11-28,188.26889038085938,189.25999450683594,64.79847717285156,141.04612731933594,145.44662475585938,54.055606842041016,94.4986801147461,47.731956481933594,439.82489013671875,82.05973052978516,95.62503051757812
2023-11-29,187.2504425048828,189.5399932861328,65.150634765625,141.4926300048828,146.1855010986328,53.73263931274414,95.26542663574219,48.050357818603516,439.5155029296875,83.09131622314453,94.18927764892578
2023-11-30,187.82394409179688,188.75,65.03038024902344,143.8646240234375,147.85272216796875,54.35581588745117,94.76616668701172,46.68291473388672,441.24603271484375,82.13148498535156,94.55741882324219
2023-12-01,189.09950256347656,192.00999450683594,65.56883239746094,147.32496643066406,148.57264709472656,54.541839599609375,95.90715026855469,46.67792510986328,443.8564147949219,83.67835998535156,94.78751373291016
2023-12-04,187.3097686767578,187.86000061035156,65.40489196777344,147.79005432128906,149.66204833984375,54.47672653198242,95.46863555908203,45.425254821777344,441.5264892578125,83.34540557861328,94.27210998535156
2023-12-05,191.25509643554688,187.14999389648438,65.46528625488281,147.4831085205078,149.64309692382812,54.5604362487793,96.22931671142578,46.483375549316406,441.43939208984375,85.1361312866211,92.44059753417969
2023-12-06,190.16744995117188,187.83999633789062,65.47390747070312,145.68780517578125,148.0706024169922,54.504634857177734,96.58727264404297,45.42225646972656,439.6605224609375,86.26994323730469,91.2165298461914
2023-12-07,192.0955810546875,188.14999389648438,65.5860824584961,144.55294799804688,148.52529907226562,54.63485336303711,96.59625244140625,46.51332092285156,443.01531982421875,85.77503967285156,90.58148193359375
2023-12-08,193.51947021484375,185.63999938964844,65.45664978027344,143.64137268066406,150.16409301757812,54.513938903808594,96.07720184326172,47.42171096801758,444.91986083984375,85.07313537597656,91.62149810791016
2023-12-11,191.01776123046875,183.58999633789062,65.41350555419922,144.23672485351562,150.7135467529297,54.91387939453125,96.05034637451172,46.54426956176758,446.65045166015625,84.89318084716797,91.68592834472656
2023-12-12,192.53070068359375,183.49000549316406,65.56018829345703,144.24603271484375,152.05865478515625,55.267330169677734,96.59625244140625,47.572444915771484,448.6904296875,85.14511108398438,90.24095916748047
2023-12-13,195.7443084716797,187.6300048828125,66.56111145019531,144.91575622558594,152.5702362060547,55.74168014526367,98.21601104736328,48.00267791748047,454.8779296875,87.14282989501953,91.04165649414062
2023-12-14,195.89260864257812,188.72999572753906,66.85507202148438,145.9203643798828,155.3457794189453,54.91387939453125,99.26051330566406,48.26420593261719,456.33770751953125,89.40967559814453,93.48979949951172
2023-12-15,195.35865783691406,187.0,66.70765686035156,144.32972717285156,156.5204315185547,54.504634857177734,99.1168212890625,48.80324935913086,455.5864562988281,89.50894927978516,92.86396789550781
2023-12-18,193.6974639892578,187.85000610351562,66.75100708007812,144.59019470214844,157.46766662597656,54.895286560058594,98.70369720458984,49.98814010620117,458.14910888671875,88.79579162597656,93.55422973632812
2023-12-19,194.7357177734375,189.1300048828125,66.9417724609375,145.5389862060547,159.57066345214844,54.718563079833984,98.8294448852539,49.5159912109375,460.9350891113281,89.27425384521484,94.78751373291016
2023-12-20,192.64932250976562,188.10000610351562,66.95045471191406,142.57167053222656,157.77081298828125,53.58382034301758,99.08990478515625,48.025634765625,454.5477600097656,89.87908935546875,93.20449829101562
2023-12-21,192.50099182128906,189.42999267578125,67.25394439697266,144.0320587158203,158.67076110839844,53.93726348876953,99.05397033691406,48.903079986572266,458.8577880859375,89.31036376953125,93.62787628173828
2023-12-22,191.43307495117188,190.27000427246094,67.1759033203125,144.6088104248047,158.57603454589844,54.24420166015625,98.8833236694336,48.74335479736328,459.7799072265625,88.90413665771484,93.79352569580078
2023-12-26,190.8892822265625,191.72000122070312,67.30596923828125,145.24131774902344,159.51382446289062,54.46743392944336,99.08990478515625,49.19156265258789,461.7213134765625,89.15689086914062,94.00521087646484
2023-12-27,190.98812866210938,192.58999633789062,67.58343505859375,145.43667602539062,160.47061157226562,54.60694885253906,100.01496124267578,49.32931900024414,462.55621337890625,90.73674011230469,93.56343841552734
2023-12-28,191.41334533691406,191.47000122070312,67.36666107177734,145.650634765625,161.32318115234375,54.64414978027344,99.7544937133789,49.43413543701172,462.73089599609375,90.07772064208984,92.21051025390625
2023-12-29,190.37506103515625,191.1699981689453,67.10652923583984,145.79945373535156,161.1337127685547,54.81157302856445,99.38626861572266,49.43413543701172,461.391357421875,89.26522064208984,92.01724243164062
2024-01-02,183.56219482421875,190.72000122070312,66.88107299804688,148.80398559570312,163.00933837890625,55.63936996459961,98.71268463134766,48.0825309753418,458.8092041015625,88.7506332397461,94.20770263671875
2024-01-03,182.187744140625,189.1300048828125,66.69902038574219,149.73419189453125,162.29885864257812,55.76958465576172,98.48814392089844,47.484596252441406,455.0622253417969,89.12078857421875,94.99920654296875
2024-01-04,179.87393188476562,189.32000732421875,66.43885803222656,149.41790771484375,163.37591552734375,55.583560943603516,97.9402847290039,47.912837982177734,453.5964050292969,87.76665496826172,94.1708755493164
2024-01-05,179.15206909179688,189.35000610351562,66.49087524414062,149.88302612304688,164.1956024169922,55.49985885620117,97.59003448486328,49.009883880615234,454.21771240234375,86.92706298828125,94.45618438720703
2024-01-08,183.4830780029297,187.8699951171875,66.86373138427734,150.25509643554688,163.9573211669922,55.90910339355469,98.33545684814453,52.1602897644043,460.7021484375,87.78469848632812,92.88236999511719
2024-01-09,183.06776428222656,187.92999267578125,66.96778106689453,150.34812927246094,162.6610870361328,55.806793212890625,98.506103515625,53.04572296142578,460.0032043457031,87.2249984741211,91.73193359375
2024-01-10,184.1060333251953,187.5,67.08920288085938,150.5713653564453,163.0041961669922,55.99281311035156,98.38038635253906,54.253562927246094,462.604736328125,86.8187484741211,90.8299789428711
2024-01-11,183.51275634765625,187.8699951171875,67.30596923828125,149.901611328125,162.31793212890625,55.63007354736328,98.97313690185547,54.7247200012207,462.4009094238281,87.30622100830078,90.81156921386719
2024-01-12,183.83905029296875,189.7100067138672,67.37533569335938,151.05506896972656,161.12652587890625,56.16953659057617,99.18868255615234,54.6129264831543,462.72119140625,87.13471221923828,91.98963165283203
2024-01-16,181.57469177246094,187.91000366210938,66.95045471191406,149.31558227539062,160.1162109375,55.79749298095703,98.18278503417969,56.28195571899414,461.0224609375,85.5999984741211,89.90962982177734
2024-01-17,180.6352996826172,185.83999633789062,66.66429138183594,149.2318572998047,159.2583770751953,55.79749298095703,97.97621154785156,55.95354461669922,458.4597473144531,85.46456909179688,89.25616455078125
2024-01-18,186.5187225341797,187.3699951171875,66.80303955078125,149.9574432373047,159.57290649414062,55.95561218261719,97.78761291503906,57.00566864013672,462.5367736816406,84.670166015625,89.09050750732422
2024-01-19,189.41592407226562,187.92999267578125,66.915771484375,150.39462280273438,162.32745361328125,55.648677825927734,97.88640594482422,59.38544464111328,468.3028259277344,84.94097137451172,89.22856140136719
2024-01-22,191.7198486328125,187.22000122070312,66.96778106689453,151.1294708251953,162.13682556152344,55.40684509277344,98.15583801269531,59.548160552978516,469.29296875,85.446533203125,89.10890197753906
2024-01-23,192.9954071044922,187.9499969482422,66.88975524902344,148.6551513671875,161.0693359375,55.667274475097656,97.79657745361328,59.766761779785156,470.6615905761719,84.76947021484375,90.11209869384766
2024-01-24,192.32302856445312,186.39999389648438,66.85507202148438,147.86447143554688,162.508544921875,54.792972564697266,97.60797882080078,61.25312423706055,471.1761474609375,84.27294921875,91.66749572753906
2024-01-25,191.99673461914062,187.13999938964844,67.36666107177734,148.42259216308594,164.8341827392578,55.02549743652344,98.254638671875,61.50767135620117,473.7388610839844,84.82365417480469,93.99601745605469
2024-01-26,190.26629638671875,187.00999450683594,67.31465148925781,148.36679077148438,164.20513916015625,55.2208251953125,97.97621154785156,60.92271423339844,473.13702392578125,84.66114044189453,94.79671478271484
2024-01-29,189.58401489257812,188.3300018310547,67.4620590209961,148.23655700683594,164.634033203125,55.5556640625,98.38038635253906,62.35416793823242,476.88397216796875,85.63611602783203,94.91636657714844
2024-01-30,185.93531799316406,188.58999633789062,67.37533569335938,147.687744140625,168.0081024169922,55.71377944946289,98.6947250366211,62.66261291503906,476.51507568359375,86.4124984741211,96.49937438964844
2024-01-31,182.33607482910156,188.4499969482422,67.18457794189453,147.80868530273438,166.18765258789062,55.33243942260742,98.94618225097656,61.4178352355957,468.7396545410156,87.26110076904297,94.62184143066406
2024-02-01,184.7685546875,190.41000366210938,67.57149505615234,147.30638122558594,165.58714294433594,56.718299865722656,99.7114028930664,62.915164947509766,474.87457275390625,88.97281646728516,94.23530578613281
2024-02-02,183.76983642578125,188.61000061035156,67.26649475097656,145.67852783203125,166.54031372070312,56.30905532836914,98.80109405517578,66.04261016845703,479.873779296875,87.00750732421875,93.84874725341797
2024-02-05,185.57936096191406,187.57000732421875,66.95276641845703,144.925048828125,166.32106018066406,55.843994140625,97.8547134399414,69.208984375,478.1264953613281,85.25048828125,93.46220397949219
2024-02-06,187.1811981201172,188.5500030517578,67.19676971435547,147.0272979736328,166.8929443359375,55.75098419189453,98.40450286865234,68.10195922851562,479.5146179199219,86.083740234375,94.1064453125
2024-02-07,187.2899627685547,188.5,67.31005859375,146.95286560058594,167.20748901367188,55.79749298095703,98.11609649658203,69.97462463378906,483.5140075683594,85.6671371459961,94.07884216308594
2024-02-08,186.21221923828125,188.3300018310547,67.27519226074219,145.483154296875,166.6070098876953,55.648677825927734,97.61135864257812,69.5174331665039,483.7275390625,85.16899871826172,95.68946075439453
2024-02-09,186.97454833984375,187.60000610351562,67.41462707519531,145.8180389404297,166.8071746826172,55.397552490234375,97.48516845703125,72.00501251220703,486.523193359375,84.9969253540039,93.66468048095703
2024-02-12,185.29141235351562,187.11000061035156,67.26649475097656,146.8319854736328,167.55059814453125,55.52776336669922,97.49418640136719,72.11981201171875,486.3096008300781,85.0965576171875,94.95317840576172
2024-02-13,183.20237731933594,184.52999877929688,66.7261962890625,145.54830932617188,166.0923309326172,55.20222091674805,96.421630859375,72.0000228881836,479.61163330078125,83.63841247558594,94.13573455810547
2024-02-14,182.32119750976562,184.4199981689453,66.98763275146484,144.8692626953125,167.77935791015625,55.14641189575195,96.87228393554688,73.76889038085938,483.97021484375,84.06407928466797,93.67127990722656
2024-02-15,182.03408813476562,185.66000366210938,67.22293090820312,146.89706420898438,171.4393768310547,55.24873352050781,97.22380828857422,72.5290756225586,487.3094482421875,84.49880981445312,96.3558349609375
2024-02-16,180.49949645996094,186.33999633789062,67.02249145507812,146.72837829589844,170.63873291015625,55.239418029785156,96.87228393554688,72.4841537475586,484.8826599121094,84.00972747802734,96.3558349609375
2024-02-20,179.75692749023438,187.47000122070312,67.16194915771484,147.95619201660156,171.30592346191406,56.45787048339844,97.19676208496094,69.32876586914062,482.21319580078125,84.08219909667969,95.44548797607422
2024-02-21,180.5093994140625,187.47999572753906,67.03990936279297,148.72471618652344,172.42111206054688,56.96013641357422,96.95342254638672,67.35228729248047,482.6499938964844,83.4844741821289,97.39620971679688
2024-02-22,182.53903198242188,187.55999755859375,67.36235809326172,150.38365173339844,174.48941040039062,56.87643051147461,97.10664367675781,78.39865112304688,492.63873291015625,83.89200592041016,97.31261444091797
2024-02-23,180.70741271972656,188.6199951171875,67.40594482421875,151.68649291992188,175.3662872314453,56.92292785644531,97.39503479003906,78.6771469116211,492.9783935546875,85.0150375366211,96.45800018310547
2024-02-26,179.3609161376953,188.1999969482422,67.18806457519531,150.70237731933594,174.76580810546875,56.467166900634766,97.08860778808594,78.95167541503906,491.1728820800781,84.76143646240234,96.8388671875
2024-02-27,180.81631469726562,188.0,67.27519226074219,150.8804168701172,174.85159301757812,56.1230354309082,96.95342254638672,78.56136322021484,492.0853271484375,84.16371154785156,96.63451385498047
2024-02-28,179.6183319091797,188.33999633789062,67.26649475097656,151.41468811035156,175.73800659179688,56.17884063720703,96.94439697265625,77.52519989013672,491.43505859375,84.69805145263672,96.90389251708984
2024-02-29,178.95497131347656,189.30999755859375,67.38848114013672,151.25534057617188,177.33924865722656,55.82539749145508,97.03453063964844,78.97163391113281,493.20172119140625,85.2957763671875,97.08966064453125
2024-03-01,177.8758087158203,192.88999938964844,67.64092254638672,151.9489288330078,176.60533142089844,55.36964416503906,97.62522888183594,82.13300323486328,497.8320007324219,85.8272705078125,98.31582641601562
2024-03-04,173.361083984375,196.00999450683594,67.62337493896484,149.81195068359375,177.93020629882812,55.63007354736328,97.4443130493164,85.08575439453125,497.2981262207031,85.48202514648438,96.9410400390625
2024-03-05,168.4305419921875,197.19000244140625,67.57078552246094,149.93382263183594,179.71255493164062,55.36033630371094,97.97801208496094,85.81549835205078,492.3280334472656,86.69947052001953,98.13004302978516
2024-03-06,167.44049072265625,198.80999755859375,67.73731231689453,149.34335327148438,180.64663696289062,55.38824462890625,98.24036407470703,88.5467758178711,494.8227844238281,87.20822143554688,99.17972564697266
2024-03-07,167.3216552734375,199.94000244140625,67.81616973876953,148.90280151367188,179.0644073486328,55.28593063354492,98.48458862304688,92.5089111328125,499.7346496582031,87.12645721435547,99.73706817626953
2024-03-08,169.0344696044922,201.6300048828125,67.83370208740234,149.5120391845703,179.3980255126953,55.36033630371094,98.62030029296875,87.37679290771484,496.73516845703125,86.97200775146484,100.67525482177734
2024-03-11,171.034423828125,202.0,67.82493591308594,151.11476135253906,179.4647216796875,56.0300178527832,98.63838195800781,85.62582397460938,496.3079833984375,86.92656707763672,101.26976776123047
2024-03-12,171.50962829589844,199.7899932861328,67.88629913330078,152.530029296875,180.9420928955078,56.271846771240234,98.32180786132812,91.75421905517578,501.64697265625,86.19976806640625,100.61952209472656
2024-03-13,169.43051147460938,201.19000244140625,67.9125747680664,150.992919921875,182.409912109375,56.8485221862793,98.22227478027344,90.73099517822266,500.8606262207031,85.78185272216797,101.74349975585938
2024-03-14,171.2819366455078,200.35000610351562,67.58831787109375,149.22149658203125,179.15975952148438,56.72195053100586,97.49859619140625,87.79207611083984,499.8705139160156,84.4645004272461,103.54560852050781
2024-03-15,170.9057159423828,199.7100067138672,67.54452514648438,148.25608825683594,181.38052368164062,56.14067077636719,97.52571105957031,87.68526458740234,496.4381408691406,84.43724060058594,103.35979461669922
2024-03-18,171.99478149414062,200.02999877929688,67.7022476196289,146.92520141601562,183.62991333007812,56.375064849853516,97.3628921508789,88.30218505859375,499.3885192871094,84.18287658691406,104.31658172607422
2024-03-19,174.33135986328125,199.8000030517578,67.97393035888672,146.40969848632812,184.70692443847656,56.468814849853516,97.64331817626953,89.24356842041016,502.16375732421875,84.4190673828125,105.05042266845703
2024-03-20,176.89564514160156,202.17999267578125,68.20179748535156,145.9879150390625,187.12789916992188,56.956336975097656,97.82424926757812,90.21588134765625,506.8083190917969,84.39179992675781,104.9575424194336
2024-03-21,169.66810607910156,201.97000122070312,68.16673278808594,145.97854614257812,189.7299346923828,56.69382858276367,97.96897888183594,91.27703857421875,508.4831848144531,84.57351684570312,105.42198944091797
2024-03-22,170.569091796875,200.35000610351562,68.09661865234375,145.4911651611328,187.40428161621094,56.71257781982422,98.30369567871094,94.12611389160156,507.5192565917969,85.38211822509766,105.42198944091797
2024-03-25,169.15330505371094,200.99000549316406,67.99146270751953,145.4818115234375,185.6886749267578,56.62820053100586,97.96897888183594,94.83787536621094,506.1170349121094,84.95509338378906,106.49952697753906
2024-03-26,168.02464294433594,201.63999938964844,67.9125747680664,145.99732971191406,186.55601501464844,56.759456634521484,97.94183349609375,92.4011001586914,505.1822509765625,85.19131469726562,105.7006607055664
2024-03-27,171.58885192871094,203.10000610351562,68.27189636230469,148.04991149902344,190.1684112548828,57.21885299682617,98.62030029296875,90.09408569335938,509.4278259277344,86.03623962402344,106.79678344726562
2024-03-28,169.77703857421875,205.72000122070312,68.12291717529297,148.2655029296875,190.91180419921875,57.35948944091797,98.52984619140625,90.19991302490234,509.3303527832031,85.96355438232422,107.97648620605469
2024-04-01,168.34146118164062,207.82000732421875,67.84544372558594,147.88121032714844,189.6155548095703,56.890708923339844,97.58639526367188,90.20690155029297,508.4443054199219,84.3611068725586,108.67317199707031
2024-04-02,167.16326904296875,210.88999938964844,67.73094940185547,147.83433532714844,189.53932189941406,56.3938102722168,97.44111633300781,89.2974624633789,505.2115173339844,83.89624786376953,110.80038452148438
2024-04-03,167.96522521972656,212.74000549316406,67.78376770019531,144.58203125,189.00555419921875,56.09379577636719,97.50466918945312,88.81031036376953,505.7664489746094,83.87799072265625,110.81895446777344
2024-04-04,167.14346313476562,211.52000427246094,67.73094940185547,142.93247985839844,187.56752014160156,55.59688186645508,97.61363220214844,85.75659942626953,499.593017578125,84.47957611083984,111.20909881591797
2024-04-05,167.8959197998047,215.13999938964844,67.66925048828125,142.82933044433594,189.2931671142578,55.79376983642578,97.18684387207031,87.85596466064453,504.81219482421875,83.30374908447266,112.7417984008789
2024-04-08,166.77713012695312,216.47999572753906,67.82782745361328,142.07955932617188,190.28060913085938,55.56876754760742,97.17778778076172,86.98247528076172,505.0945739746094,83.29463958740234,111.9801025390625
2024-04-09,167.98500061035156,217.6699981689453,67.9687728881836,142.73562622070312,189.0055694580078,55.99066162109375,97.67719268798828,85.20653533935547,505.6788635253906,84.06942749023438,112.56529998779297
2024-04-10,166.11376953125,215.61000061035156,67.3697738647461,140.77674865722656,187.39495849609375,55.2406120300293,96.28789520263672,86.88864135742188,500.6154479980469,82.23725891113281,113.5127944946289
2024-04-11,173.3016815185547,219.8000030517578,67.30810546875,139.4552001953125,187.3566131591797,55.36249923706055,96.088134765625,90.4594497680664,504.3935241699219,81.86353302001953,113.13194274902344
2024-04-12,174.7967071533203,216.88999938964844,67.27290344238281,138.26490783691406,175.23876953125,54.64058303833008,96.30606079101562,88.03363800048828,497.4313659667969,82.30107879638672,111.81289672851562
2024-04-15,170.97503662109375,220.9499969482422,66.88529968261719,138.3305206298828,175.33465576171875,54.50932693481445,95.24366760253906,85.85243225097656,491.199462890625,81.02494812011719,111.17195129394531
2024-04-16,167.69790649414062,221.22000122070312,66.6650619506836,135.3874969482422,173.33099365234375,54.434326171875,94.92584991455078,87.26399230957031,490.3036193847656,80.48714447021484,110.25233459472656
2024-04-17,166.3316192626953,219.58999633789062,66.7531509399414,135.68743896484375,172.6407470703125,54.85621643066406,95.44342803955078,83.88983154296875,487.4018859863281,81.38043975830078,110.19659423828125
2024-04-18,165.381103515625,220.33999633789062,66.80599212646484,136.5965576171875,173.7624053955078,55.23124694824219,95.25274658203125,84.52472686767578,486.39892578125,80.97024536132812,110.09439849853516
2024-04-19,163.36138916015625,221.02999877929688,66.92933654785156,138.6304168701172,178.1244354248047,56.41255569458008,95.35260772705078,76.06836700439453,482.1534729003906,81.26193237304688,111.35772705078125
2024-04-22,164.1930389404297,215.57000732421875,67.29930114746094,139.76451110839844,181.58531188964844,56.76883316040039,95.58871459960938,79.3806381225586,486.59368896484375,81.12521362304688,111.98938751220703
2024-04-23,165.2425079345703,215.0399932861328,67.57238006591797,140.17689514160156,184.20252990722656,56.853206634521484,95.75215911865234,82.28060913085938,492.3679504394531,81.15253448486328,112.42597198486328
2024-04-24,167.3414764404297,214.63999938964844,67.42261505126953,139.21153259277344,185.10369873046875,57.70637893676758,95.3798599243164,79.53936767578125,492.1342468261719,80.57828521728516,112.4445571899414
2024-04-25,168.2028350830078,215.9199981689453,67.28167724609375,137.6088409423828,185.38172912597656,57.884517669677734,95.09839630126953,82.4892578125,490.2646484375,80.01314544677734,112.70465850830078
2024-04-26,167.61871337890625,216.6199951171875,67.49309539794922,136.9714813232422,185.4967498779297,57.884517669677734,95.46158599853516,87.58344268798828,494.9093322753906,80.43244934082031,109.57421875
2024-04-29,171.7769775390625,216.17999267578125,67.69569396972656,137.6088409423828,185.29544067382812,58.16577911376953,95.86112213134766,87.60540771484375,496.662109375,81.1069564819336,111.1347885131836
2024-04-30,168.6384735107422,211.8699951171875,67.202392578125,135.5187225341797,183.81906127929688,57.91264343261719,95.33445739746094,86.25273132324219,488.7943420410156,80.41421508789062,109.86217498779297
2024-05-01,167.61871337890625,213.7899932861328,67.55661010742188,141.6952667236328,183.93409729003906,58.062652587890625,95.73101806640625,82.89753723144531,487.2071533203125,81.0069580078125,107.78141784667969
2024-05-02,171.3116455078125,213.1300048828125,67.97279357910156,140.51431274414062,183.74234008789062,58.1189079284668,96.32359313964844,85.66876220703125,491.76422119140625,81.35456085205078,107.97648620605469
2024-05-03,181.55886840820312,212.9600067138672,68.25617218017578,139.9051055908203,182.63986206054688,58.287654876708984,96.99818420410156,88.6356201171875,497.85980224609375,82.17779541015625,107.7535400390625
2024-05-06,179.9054412841797,215.1999969482422,68.33587646484375,139.25839233398438,184.0683135986328,58.4564208984375,97.27169036865234,91.98082733154297,503.0011291503906,82.4979476928711,108.45022583007812
2024-05-07,180.58859252929688,214.2100067138672,68.3447265625,139.3896026611328,183.82861328125,58.709564208984375,97.31727600097656,90.3975830078125,503.55609130859375,83.00102233886719,107.91146850585938
2024-05-08,180.92523193359375,213.5800018310547,68.18534088134766,139.60516357421875,187.56752014160156,58.925193786621094,97.07113647460938,90.25582122802734,503.6047668457031,82.4979476928711,107.89289855957031
2024-05-09,182.73704528808594,216.9499969482422,68.20304870605469,140.44871520996094,189.34112548828125,58.95333480834961,97.22610473632812,88.59368896484375,506.50640869140625,82.90040588378906,110.02010345458984
2024-05-10,181.47793579101562,218.7100067138672,68.09678649902344,140.5049591064453,190.5586395263672,59.309600830078125,96.91615295410156,89.72273254394531,507.1589050292969,82.43391418457031,109.57421875
2024-05-13,184.68020629882812,216.25999450683594,68.07905578613281,141.73275756835938,190.52029418945312,59.609615325927734,96.95262145996094,90.24284362792969,507.2270202636719,82.644287109375,109.52777862548828
2024-05-14,185.82034301757812,218.08999633789062,68.18534088134766,141.88272094726562,193.18544006347656,59.159584045410156,97.23524475097656,91.19818878173828,509.55426025390625,83.11079406738281,110.19267272949219
2024-05-15,188.09066772460938,220.88999938964844,68.58382415771484,143.09178161621094,193.76068115234375,59.18771743774414,98.10130310058594,94.4665298461914,515.8641967773438,84.24504852294922,111.0448226928711
2024-05-16,188.20965576171875,220.02999877929688,68.42440795898438,144.6007843017578,194.10577392578125,59.3658447265625,97.94629669189453,94.19599151611328,514.8026733398438,84.16270446777344,110.37994384765625
2024-05-17,188.23939514160156,223.66000366210938,68.43327331542969,144.93817138671875,196.32992553710938,59.09395980834961,97.71841430664062,92.3192367553711,515.5427856445312,83.59558868408203,112.0374755859375
2024-05-20,189.39932250976562,224.55999755859375,68.46868133544922,142.92567443847656,187.50042724609375,58.662681579589844,97.67282104492188,94.61626434326172,516.1367797851562,83.34864044189453,111.12911224365234
2024-05-21,190.69808959960938,224.22999572753906,68.41555786132812,142.8973388671875,191.27767944335938,58.98145294189453,97.8369140625,95.22122955322266,517.402587890625,83.77853393554688,110.36121368408203
2024-05-22,189.26052856445312,220.11000061035156,68.26502227783203,145.0326690673828,190.11764526367188,59.06583023071289,97.69105529785156,94.78597259521484,515.9127807617188,83.87916564941406,108.14183044433594
2024-05-23,185.27505493164062,215.72000122070312,68.02593231201172,141.44229125976562,188.78504943847656,58.2126579284668,97.26258087158203,103.61968231201172,512.1444091796875,83.33948516845703,106.29700469970703
2024-05-24,188.3484344482422,215.9199981689453,68.26502227783203,138.86288452148438,192.41851806640625,58.12828063964844,97.5269546508789,106.28507232666016,515.5330200195312,83.5864486694336,106.21270751953125
2024-05-28,188.3583526611328,218.19000244140625,67.9905014038086,136.41574096679688,191.25848388671875,57.95952224731445,96.94348907470703,113.70423126220703,515.893310546875,82.38817596435547,107.56121826171875
2024-05-29,188.65576171875,216.16000366210938,67.78685760498047,136.4724578857422,189.9259033203125,57.84701156616211,96.42385864257812,114.62664794921875,512.28076171875,81.39112091064453,106.40937042236328
2024-05-30,189.6471710205078,216.57000732421875,68.06137084960938,137.26609802246094,191.09548950195312,58.100154876708984,97.01644134521484,110.30911254882812,508.88238525390625,82.17779541015625,106.74650573730469
2024-05-31,190.59896850585938,215.3000030517578,68.30042266845703,138.57943725585938,194.25918579101562,59.000205993652344,97.44489288330078,109.44361877441406,513.517333984375,82.73574829101562,109.80870056152344
2024-06-03,192.3636474609375,217.22000122070312,68.51219177246094,139.5904083251953,193.48265075683594,59.000205993652344,98.11752319335938,114.80133819580078,513.9360961914062,84.073974609375,107.1772689819336
2024-06-04,192.680908203125,215.27000427246094,68.47660064697266,139.64710998535156,190.93252563476562,59.9471321105957,98.5018539428711,116.23584747314453,514.5106201171875,85.05606842041016,105.51036834716797
2024-06-05,194.1878662109375,217.82000732421875,68.69902038574219,137.9180450439453,189.1110076904297,59.92837905883789,98.83129119873047,122.22848510742188,520.6256103515625,85.68018341064453,105.9317855834961
2024-06-06,192.80975341796875,219.42999267578125,68.58335876464844,138.34323120117188,188.77548217773438,60.144020080566406,98.76721954345703,120.78897094726562,520.615966796875,85.55167388916016,106.72777557373047
2024-06-07,195.1990966796875,211.60000610351562,68.40544128417969,138.96682739257812,191.68988037109375,59.91900634765625,97.87959289550781,120.6791763305664,519.9829711914062,83.98218536376953,105.58529663085938
2024-06-10,191.4614715576172,213.5399932861328,68.46772003173828,139.0140380859375,191.36395263671875,59.61899185180664,97.6782455444336,121.5796127319336,521.5895385742188,83.42230987548828,105.89432525634766
2024-06-11,205.37095642089844,214.14999389648438,68.5566635131836,138.66445922851562,186.330810546875,59.581485748291016,98.09921264648438,120.7110595703125,522.8458251953125,84.28508758544922,105.04214477539062
2024-06-12,211.24017333984375,214.72000122070312,68.83248138427734,137.38894653320312,183.6177215576172,58.95333480834961,98.70317840576172,124.99397277832031,527.1399536132812,84.91837310791016,103.88095092773438
2024-06-13,212.40008544921875,212.97000122070312,68.82357788085938,137.4267120361328,185.65975952148438,59.056461334228516,99.1698989868164,129.39674377441406,528.2013549804688,86.1666488647461,103.04751586914062
2024-06-14,210.66510009765625,215.72999572753906,68.5566635131836,137.5117645263672,185.77474975585938,59.098976135253906,99.25224304199219,131.66299438476562,528.522705078125,86.8917236328125,102.17662048339844
2024-06-17,214.80923461914062,214.61000061035156,68.60114288330078,137.89915466308594,186.92518615722656,59.16511154174805,98.78553009033203,130.7644805908203,532.7291870117188,86.02897644042969,101.4742660522461
2024-06-18,212.44964599609375,215.47000122070312,68.8146743774414,137.61569213867188,188.8617706298828,59.174556732177734,99.24308776855469,135.35691833496094,534.0825805664062,86.81830596923828,102.429443359375
2024-06-20,207.87924194335938,218.16000366210938,68.77019500732422,139.62820434570312,190.4627685546875,58.749393463134766,98.91363525390625,130.56480407714844,532.6318359375,86.24008178710938,104.63948059082031
2024-06-21,205.70806884765625,214.77999877929688,68.85025787353516,140.54470825195312,188.190673828125,59.30683517456055,98.94110870361328,126.36173248291016,531.917724609375,86.24008178710938,103.72174835205078
2024-06-24,206.3524627685547,215.6300048828125,68.77906799316406,140.894287109375,190.66409301757812,60.44063186645508,99.0417709350586,117.91564178466797,530.1886596679688,86.58885192871094,106.80268859863281
2024-06-25,207.27450561523438,214.55999755859375,68.8680419921875,139.07073974609375,189.88755798339844,60.31780242919922,99.00516510009766,125.88250732421875,532.230224609375,86.73571014404297,107.10234832763672
2024-06-26,211.41859436035156,212.5800018310547,68.716796875,138.72119140625,189.2740020751953,60.51622009277344,98.46524810791016,126.19200897216797,532.89453125,85.49662780761719,107.13980865478516
2024-06-27,212.2613067626953,214.99000549316406,68.79686737060547,137.75743103027344,190.9420928955078,60.38393783569336,98.65740203857422,123.78597259521484,533.7346801757812,85.83621978759766,107.59867095947266
2024-06-28,208.81117248535156,215.00999450683594,68.62784576416016,138.09754943847656,193.9044647216797,60.13828659057617,98.02600860595703,123.33671569824219,531.6343383789062,84.23918914794922,107.80470275878906
2024-07-01,214.88851928710938,215.57000732421875,68.61442565917969,138.36212158203125,196.962646484375,59.7886962890625,97.44377899169922,124.0954818725586,532.728515625,82.7853012084961,107.65486145019531
2024-07-02,218.37828063964844,215.55999755859375,68.80224609375,137.9747314453125,200.2030487060547,59.665870666503906,98.0682373046875,122.46814727783203,536.3136596679688,83.4298324584961,106.92442321777344
2024-07-03,219.6473388671875,217.99000549316406,69.04370880126953,137.6534881591797,200.06883239746094,59.835941314697266,98.79371643066406,128.06893920898438,538.70703125,84.52552795410156,107.46757507324219
2024-07-05,224.3961639404297,220.92999267578125,69.24942779541016,138.39993286132812,197.41783142089844,60.24221420288086,99.30797576904297,125.62294006347656,541.8134155273438,85.22531127929688,106.1659164428711
2024-07-08,225.86346435546875,218.19000244140625,69.23152923583984,137.455078125,197.78414916992188,59.48634719848633,99.29878997802734,127.98904418945312,542.4386596679688,85.4094467163086,105.05152130126953
2024-07-09,226.71609497070312,218.55999755859375,69.15103149414062,138.93844604492188,200.1555938720703,59.23124694824219,99.11511993408203,131.163818359375,542.9661254882812,85.03194427490234,103.89031982421875
2024-07-10,230.97914123535156,219.36000061035156,69.31201934814453,141.1871795654297,200.31948852539062,59.363525390625,99.35389709472656,134.68800354003906,548.3389282226562,85.2989730834961,104.80804443359375
2024-07-11,225.61561584472656,223.25,69.56243896484375,141.44229125976562,199.98207092285156,59.618629455566406,99.88652038574219,127.19036865234375,543.6109008789062,86.12763214111328,106.05352020263672
2024-07-12,228.5601043701172,223.11000061035156,69.74129486083984,141.6123809814453,197.56243896484375,60.185523986816406,100.25385284423828,129.02732849121094,547.0397338867188,86.49596405029297,106.07225036621094
2024-07-15,232.386962890625,223.8300018310547,69.75025939941406,141.00767517089844,202.4884796142578,59.91152572631836,99.7028579711914,128.2286376953125,548.5441284179688,85.50154113769531,107.88897705078125
2024-07-16,232.80335998535156,228.2899932861328,70.01856231689453,142.68002319335938,205.92996215820312,60.72407150268555,100.28140258789062,126.15206909179688,551.7969360351562,86.70773315429688,108.66622924804688
2024-07-17,226.9143524169922,227.22999572753906,69.93805694580078,147.94281005859375,209.0629425048828,61.612213134765625,100.32732391357422,117.79583740234375,544.060302734375,86.72616577148438,110.16456604003906
2024-07-18,222.25473022460938,225.77999877929688,69.79497528076172,146.8467559814453,202.42098999023438,61.59331512451172,99.89571380615234,120.89073944091797,539.8792724609375,86.0632095336914,111.2508544921875
2024-07-19,222.3835906982422,221.72999572753906,69.74129486083984,146.1570281982422,202.22817993164062,61.68780517578125,99.52837371826172,117.73595428466797,536.2940673828125,85.5567855834961,108.69434356689453
2024-07-22,222.03660583496094,221.8000030517578,70.00067138671875,145.73187255859375,202.71018981933594,61.19648361206055,99.4732666015625,123.33671569824219,541.8231811523438,85.30817413330078,107.94515991210938
2024-07-23,223.0775909423828,222.5800018310547,70.0096206665039,143.94615173339844,202.75840759277344,61.37601089477539,99.39981079101562,122.38827514648438,540.973388671875,85.18846130371094,106.203369140625
2024-07-24,216.6631622314453,221.8000030517578,69.78604125976562,147.65933227539062,201.08103942871094,62.17911148071289,98.79371643066406,114.06201171875,528.7135009765625,84.26771545410156,107.70169067382812
2024-07-25,215.62220764160156,218.3300018310547,69.79497528076172,150.833984375,201.15814208984375,62.424766540527344,99.18859100341797,112.0952377319336,525.958740234375,84.95829772949219,109.96790313720703
2024-07-26,216.08815002441406,220.6300048828125,70.01856231689453,151.77882385253906,204.59963989257812,63.3506965637207,99.73959350585938,112.87396240234375,531.849365234375,85.62123107910156,109.87425994873047
2024-07-29,216.36573791503906,220.32000732421875,69.95594787597656,149.8135528564453,203.2596893310547,63.1428337097168,99.95079040527344,111.40637969970703,532.161865234375,86.08161926269531,108.7224349975586
2024-07-30,216.9209442138672,222.52000427246094,69.99172973632812,152.43075561523438,207.4434356689453,63.9459342956543,100.03346252441406,103.55931091308594,529.4657592773438,86.41310119628906,110.66088104248047
2024-07-31,220.17276000976562,226.5500030517578,70.24214172363281,149.14273071289062,205.1394805908203,63.057796478271484,100.61202239990234,116.82743072509766,538.0719604492188,87.29702758789062,111.05419921875
2024-08-01,216.48472595214844,225.77000427246094,70.0884017944336,151.89219665527344,200.47372436523438,64.21048736572266,100.94563293457031,109.03028869628906,530.452392578125,88.0499267578125,109.51841735839844
2024-08-02,217.97181701660156,225.33999633789062,69.85467529296875,155.08575439453125,191.97120666503906,65.50491333007812,101.93177795410156,107.0934829711914,520.5762939453125,90.79370880126953,109.45285034179688
2024-08-05,207.4728240966797,222.47999572753906,69.4231185913086,152.35516357421875,187.88385009765625,64.3427734375,101.6737289428711,100.28471374511719,505.4150695800781,91.27410125732422,107.47693634033203
2024-08-06,205.45025634765625,220.6999969482422,69.683837890625,150.2009735107422,193.12803649902344,64.29552459716797,101.0101547241211,104.07845306396484,510.07476806640625,89.23243713378906,106.90570831298828
2024-08-07,208.01805114746094,220.5500030517578,69.81871032714844,150.1348114013672,193.1858673095703,64.68290710449219,100.54932403564453,98.74723815917969,506.66552734375,88.60424041748047,108.32910919189453
2024-08-08,211.4781036376953,224.00999450683594,70.10639190673828,151.38198852539062,196.714111328125,64.9380111694336,100.59542083740234,104.79727172851562,518.3782348632812,88.05915069580078,110.39867401123047
2024-08-09,214.3829345703125,224.55999755859375,70.09740447998047,151.7599334716797,198.39146423339844,64.8907699584961,101.11153411865234,104.57763671875,520.6640625,88.92757415771484,111.29769134521484
2024-08-12,215.9114532470703,228.41000366210938,70.14234924316406,151.06076049804688,198.76744079589844,64.40890502929688,101.32349395751953,108.84061431884766,520.9376220703125,89.25090026855469,111.43814086914062
2024-08-13,219.62362670898438,228.05999755859375,70.46600341796875,149.65292358398438,200.45443725585938,64.68290710449219,102.03316497802734,115.94889068603516,529.5047607421875,89.86986541748047,110.37059020996094
2024-08-14,220.07029724121094,226.1999969482422,70.59186553955078,149.73797607421875,202.67164611816406,64.7962875366211,102.48474884033203,117.88569641113281,531.1753540039062,90.43341064453125,111.39131164550781
2024-08-15,223.0479736328125,226.91000366210938,70.65479278564453,150.3143310546875,203.93447875976562,64.86243438720703,102.17140197753906,122.6578369140625,540.2797241210938,89.7035903930664,112.08043670654297
2024-08-16,224.36807250976562,231.99000549316406,70.87953186035156,150.5977783203125,206.26736450195312,65.36318969726562,102.47554779052734,124.37500762939453,541.490966796875,90.01769256591797,111.55179595947266
2024-08-19,224.20925903320312,231.61000061035156,70.99640655517578,150.8245391845703,207.69407653808594,65.17420959472656,102.71514892578125,129.7860565185547,546.66845703125,90.43341064453125,111.89163970947266
2024-08-20,224.8246307373047,232.4600067138672,70.93350219726562,151.32530212402344,206.7975616455078,65.5521469116211,102.982421875,127.04061889648438,545.779541015625,91.15399932861328,108.16285705566406
2024-08-21,224.71546936035156,232.14999389648438,71.09532928466797,152.52523803710938,206.8747100830078,65.73165893554688,103.21284484863281,128.28857421875,547.6550903320312,91.20943450927734,107.47374725341797
2024-08-22,222.85939025878906,229.3699951171875,71.00541687011719,153.39451599121094,208.83160400390625,65.50491333007812,102.78887176513672,123.53638458251953,543.3568115234375,90.30406188964844,108.30445098876953
2024-08-23,225.15220642089844,232.02000427246094,71.38300323486328,155.07630920410156,210.45111083984375,65.93951416015625,103.37874603271484,129.15713500976562,549.130126953125,90.89533233642578,109.80540466308594
2024-08-26,225.48965454101562,232.75999450683594,71.23917388916016,155.5298309326172,211.28016662597656,66.93159484863281,103.24971771240234,126.25191497802734,547.8212280273438,90.66435241699219,112.15596771240234
2024-08-27,226.33334350585938,233.38999938964844,71.28411865234375,155.12998962402344,212.25379943847656,67.55517578125,103.166748046875,128.0889129638672,548.5733642578125,90.50732421875,111.0892333984375
2024-08-28,224.8048095703125,231.75,71.24815368652344,156.05343627929688,213.32382202148438,67.79138946533203,102.95477294921875,125.40331268310547,545.3887939453125,90.39646911621094,109.99420166015625
2024-08-29,228.0802459716797,232.9499969482422,71.32010650634766,156.3485565185547,214.2107391357422,68.07483673095703,102.77967071533203,117.39649963378906,545.4376220703125,90.10083770751953,111.5140380859375
2024-08-30,227.29612731933594,231.2899932861328,71.32905578613281,157.90032958984375,216.70748901367188,68.47166442871094,102.49395751953125,119.17359161376953,550.644287109375,89.14006042480469,111.3346939086914
2024-09-03,221.1124725341797,230.2899932861328,71.0761489868164,159.13795471191406,212.3695068359375,68.98187255859375,102.80382537841797,107.82228088378906,539.3126220703125,90.59795379638672,109.00301361083984
2024-09-04,219.20675659179688,230.42999267578125,71.33808135986328,159.32835388183594,211.4344024658203,68.55669403076172,103.44210052490234,106.03521728515625,538.2086791992188,91.76580047607422,107.6719741821289
2024-09-05,220.72540283203125,232.35000610351562,71.58202362060547,157.0720977783203,209.79562377929688,67.24340057373047,103.9508285522461,107.03358459472656,536.8997192382812,92.2847900390625,106.83182525634766
2024-09-06,219.17697143554688,230.6300048828125,71.49169158935547,156.4913787841797,204.81173706054688,67.21503448486328,103.90457916259766,102.66079711914062,527.86376953125,92.27552795410156,106.33151245117188
2024-09-09,219.26632690429688,231.60000610351562,71.6633071899414,158.6143341064453,209.005126953125,67.88587951660156,104.13583374023438,106.2947998046875,533.773681640625,92.67406463623047,108.56877899169922
2024-09-10,218.47225952148438,232.6199951171875,71.52782440185547,159.34738159179688,198.1601104736328,67.6024169921875,104.42259979248047,107.92211151123047,536.0986938476562,93.32284545898438,104.61343383789062
2024-09-11,221.0032958984375,232.25,71.63621520996094,156.91026306152344,199.76998901367188,67.1583480834961,104.46882629394531,116.7176284790039,541.5984497070312,93.24869537353516,103.57505798339844
2024-09-12,221.1124725341797,236.3300018310547,71.73556518554688,156.7388916015625,199.1626739501953,67.30008697509766,104.39484405517578,118.95413970947266,546.1605224609375,92.81310272216797,105.00048828125
2024-09-13,220.84446716308594,238.67999267578125,71.93431854248047,157.57666015625,196.96478271484375,67.93270111083984,104.71858978271484,118.9141845703125,549.0130615234375,93.0633544921875,104.92495727539062
2024-09-16,214.7104949951172,238.66000366210938,72.1150131225586,158.9761199951172,200.37733459472656,68.58910369873047,105.18109130859375,116.59780883789062,549.8237915039062,93.91603088378906,106.3975830078125
2024-09-17,215.1769561767578,237.33999633789062,72.13306427001953,159.05227661132812,201.71726989746094,68.3037109375,105.19033813476562,115.40966796875,550.0484619140625,93.46187591552734,107.78526306152344
2024-09-18,219.0479736328125,235.50999450683594,72.1962890625,158.1764373779297,200.05918884277344,68.25614929199219,104.75558471679688,113.1931381225586,548.4171752929688,92.30332946777344,108.16285705566406
2024-09-19,227.16709899902344,239.1699981689453,72.41311645507812,156.91026306152344,202.90298461914062,67.18116760253906,104.84807586669922,117.68611145019531,557.7755126953125,91.99748992919922,109.50332641601562
2024-09-20,226.5020751953125,242.2100067138672,72.50342559814453,156.28192138671875,203.4910430908203,68.1514892578125,104.94055938720703,115.81902313232422,556.8114013671875,91.6452865600586,108.814208984375
2024-09-23,224.7849578857422,242.67999267578125,72.3679428100586,155.38705444335938,203.82843017578125,68.23711395263672,104.79259490966797,116.07862854003906,558.2027587890625,91.45065307617188,110.78716278076172
2024-09-24,225.67825317382812,246.07000732421875,72.3769760131836,154.96815490722656,203.97303771972656,67.85659790039062,104.96833038330078,120.68143463134766,559.7999267578125,91.43212127685547,110.4945297241211
2024-09-25,224.68568420410156,245.72999572753906,72.29564666748047,152.89276123046875,202.62342834472656,67.97074127197266,104.34857940673828,123.31730651855469,558.5653076171875,90.67210388183594,108.34221649169922
2024-09-26,225.82713317871094,246.97999572753906,72.41311645507812,153.6448516845703,202.22817993164062,67.92318725585938,104.34857940673828,123.84648895263672,560.77978515625,90.88526153564453,106.4825439453125
2024-09-27,226.09510803222656,245.02000427246094,72.59375762939453,153.6543731689453,202.9222869873047,68.29419708251953,104.76483917236328,121.2105941772461,559.966552734375,91.35794830322266,109.33341217041016
2024-09-30,231.26637268066406,243.05999755859375,72.5395736694336,154.28273010253906,203.26931762695312,68.36079406738281,104.50582122802734,121.25054931640625,562.21044921875,90.92237091064453,110.65502166748047
2024-10-01,224.52688598632812,245.61000061035156,72.50325012207031,154.216064453125,199.58682250976562,68.21809387207031,105.0080795288086,116.81745910644531,557.1738891601562,91.57880401611328,113.21322631835938
2024-10-02,225.0926513671875,245.66000366210938,72.5123291015625,153.43540954589844,199.82781982421875,67.55217742919922,104.77598571777344,118.6645736694336,557.4090576171875,90.80706787109375,114.71417236328125
2024-10-03,223.99087524414062,245.49000549316406,72.33985137939453,152.79757690429688,197.84197998046875,67.08602905273438,104.09829711914062,122.65834045410156,556.3900756835938,89.95162963867188,115.71481323242188
2024-10-04,225.11248779296875,245.0,72.25816345214844,152.59765625,204.86410522460938,66.7530746459961,103.53195190429688,124.72510528564453,561.4461059570312,88.84512329101562,117.83880615234375
2024-10-07,220.04052734375,244.1699981689453,71.94951629638672,151.87411499023438,204.5828399658203,65.64956665039062,103.00279235839844,127.52073669433594,556.370361328125,88.1756591796875,118.34856414794922
2024-10-08,224.0901641845703,242.3699951171875,72.12198638916016,152.0264434814453,204.40823364257812,65.81129455566406,103.20703125,132.68267822265625,561.63232421875,88.32441711425781,115.20506286621094
2024-10-09,227.83209228515625,241.0500030517578,72.07660675048828,152.94036865234375,206.99790954589844,66.18229675292969,103.00279235839844,132.44302368164062,565.5225219726562,87.82231140136719,115.25225067138672
2024-10-10,227.33583068847656,242.82000732421875,72.04029846191406,152.80709838867188,206.43536376953125,65.87786865234375,102.89139556884766,134.59970092773438,564.53271484375,87.47827911376953,116.24344635009766
2024-10-11,225.85693359375,245.47000122070312,72.23094940185547,153.7115020751953,215.60101318359375,66.18229675292969,102.87281799316406,134.5897216796875,567.9132690429688,87.12492370605469,116.68712615966797
2024-10-14,229.57899475097656,245.07000732421875,72.2672348022461,153.8447723388672,214.8153839111328,66.91480255126953,102.8821029663086,137.85459899902344,572.557861328125,87.19001007080078,117.13080596923828
2024-10-15,232.11004638671875,245.9199981689453,72.24907684326172,156.2248077392578,215.697998046875,66.91480255126953,103.38343811035156,131.39471435546875,568.1091918945312,88.25003051757812,113.60971069335938
2024-10-16,230.05543518066406,247.14999389648438,72.37618255615234,156.39614868164062,216.91038513183594,67.13359832763672,103.7083511352539,135.50823974609375,570.57861328125,88.62195587158203,113.90233612060547
2024-10-17,230.42266845703125,248.6300048828125,72.2672348022461,156.5770263671875,217.6669158935547,66.4962158203125,102.93780517578125,136.7163848876953,570.6275024414062,87.21791076660156,113.60971069335938
2024-10-18,233.25146484375,251.27000427246094,72.43970489501953,157.19586181640625,218.58831787109375,67.00993347167969,102.81712341308594,137.78469848632812,572.8224487304688,87.28301239013672,113.28874969482422
2024-10-21,234.720458984375,251.22000122070312,72.14923095703125,155.01576232910156,216.28965759277344,66.06812286376953,101.76806640625,143.48580932617188,571.8817138671875,85.75809478759766,113.35481262207031
2024-10-22,234.1051025390625,253.92999267578125,72.04936218261719,155.60598754882812,217.37594604492188,66.06812286376953,101.7587661743164,143.36599731445312,571.5780029296875,85.84175872802734,113.94010162353516
2024-10-23,229.04299926757812,250.8699951171875,71.83151245117188,157.90032958984375,216.68731689453125,64.69824981689453,101.4152603149414,139.34226989746094,566.3552856445312,85.60931396484375,113.53419494628906
2024-10-24,228.8544464111328,252.8000030517578,72.04029846191406,155.81544494628906,218.21006774902344,64.0228271484375,101.72163391113281,140.19094848632812,567.5801391601562,86.15791320800781,112.89227294921875
2024-10-25,229.6881866455078,253.32000732421875,71.96768188476562,153.1593475341797,215.62042236328125,63.66133117675781,101.48026275634766,141.31918334960938,567.3841552734375,85.67439270019531,112.79786682128906
2024-10-28,231.66339111328125,253.3300018310547,72.14923095703125,153.8447723388672,218.7144012451172,63.42350769042969,101.3967056274414,140.30076599121094,569.1381225585938,85.44194030761719,112.24091339111328
2024-10-29,231.931396484375,256.0899963378906,72.1673812866211,152.4072265625,216.19264221191406,62.3675537109375,101.51741790771484,141.02963256835938,570.0592041015625,85.57213592529297,110.71163940429688
2024-10-30,228.387939453125,257.5,72.04029846191406,152.90228271484375,217.6572265625,62.71002960205078,101.38741302490234,139.1226043701172,568.3345947265625,85.82316589355469,110.15469360351562
2024-10-31,224.2291259765625,253.50999450683594,71.84059143066406,152.18826293945312,215.24212646484375,62.129730224609375,101.18319702148438,132.55287170410156,557.1934814453125,85.96263885498047,110.2396469116211
2024-11-01,221.25143432617188,252.47000122070312,71.84516143798828,152.44532775878906,216.23146057128906,61.84434127807617,100.62885284423828,135.18875122070312,559.545166015625,84.7507095336914,108.51213073730469
2024-11-04,220.3581085205078,252.8300018310547,72.04586791992188,150.64605712890625,213.16653442382812,61.93947219848633,101.3741683959961,135.83775329589844,558.33984375,86.06621551513672,111.96715545654297
2024-11-05,221.78741455078125,253.39999389648438,72.24658203125,150.75074768066406,214.82510375976562,62.18681335449219,101.8586196899414,139.6917266845703,565.0912475585938,86.52335357666016,112.29755401611328
2024-11-06,221.06283569335938,245.6999969482422,72.37430572509766,150.3033447265625,239.62564086914062,60.59813690185547,100.79655456542969,145.3828125,579.1426391601562,84.15361785888672,114.22330474853516
2024-11-07,225.78744506835938,249.64999389648438,72.68447875976562,149.20849609375,229.2670440673828,60.560081481933594,101.98907470703125,148.6477508544922,583.62060546875,85.20787811279297,114.36490631103516
2024-11-08,225.51913452148438,247.9600067138672,72.8030776977539,148.00897216796875,229.84898376464844,60.80742263793945,102.34310913085938,147.39967346191406,586.1486206054688,86.29011535644531,114.3271484375
2024-11-11,222.8064727783203,242.13999938964844,72.72096252441406,147.599609375,232.08944702148438,60.27469253540039,102.14745330810547,145.03338623046875,586.7071533203125,85.87029266357422,113.72298431396484
2024-11-12,222.8064727783203,240.0500030517578,72.42904663085938,145.3147735595703,232.35133361816406,60.12248611450195,101.22511291503906,148.0586395263672,584.8847045898438,84.58280181884766,113.60971069335938
2024-11-13,223.69082641601562,237.6300048828125,72.4472885131836,145.88600158691406,233.9031982421875,59.93222427368164,100.84312438964844,146.04177856445312,585.1688232421875,83.78044128417969,114.66697692871094
2024-11-14,226.77114868164062,237.00999450683594,72.29219818115234,144.58172607421875,234.59181213378906,59.50413131713867,100.81517791748047,146.53102111816406,581.4061279296875,84.26557922363281,114.74311065673828
2024-11-15,223.5716094970703,236.58999633789062,72.28307342529297,146.60952758789062,237.9282989501953,58.733577728271484,100.86176300048828,141.7584991455078,573.9591064453125,84.0416488647461,113.55343627929688
2024-11-18,226.5724334716797,241.08999633789062,72.41990661621094,147.3425750732422,237.65672302246094,58.84772872924805,101.04808807373047,139.93133544921875,576.310791015625,84.19094848632812,114.50518035888672
2024-11-19,226.83074951171875,243.25,72.52938842773438,145.65750122070312,235.77511596679688,59.54218292236328,101.26238250732422,146.7806396484375,578.41748046875,84.62010192871094,112.90623474121094
2024-11-20,227.54620361328125,244.6199951171875,72.51115417480469,145.76223754882812,233.53463745117188,59.922706604003906,101.02014923095703,145.66238403320312,578.6133422851562,84.34953308105469,114.51468658447266
2024-11-21,227.0692596435547,246.66000366210938,72.53852081298828,148.03750610351562,237.3948516845703,60.655208587646484,100.89903259277344,146.4412078857422,581.7196655273438,84.28424072265625,116.04701232910156
2024-11-22,228.4106903076172,249.83999633789062,72.52027893066406,147.72337341308594,241.07083129882812,60.80742263793945,100.99219512939453,141.72853088378906,583.5225830078125,84.33088684082031,115.91377258300781
2024-11-25,231.39163208007812,242.47999572753906,72.7939682006836,148.3040771484375,242.7584686279297,61.245018005371094,102.24992370605469,135.8077850341797,585.501953125,86.51403045654297,114.18159484863281
2024-11-26,233.56771850585938,242.9499969482422,72.65711212158203,148.28488159179688,242.44808959960938,61.40674591064453,101.98907470703125,136.70640563964844,588.5592041015625,86.17816925048828,112.27808380126953
2024-11-27,233.4385528564453,243.49000549316406,72.8760757446289,149.12937927246094,242.2734832763672,61.29258728027344,102.36174774169922,135.1288604736328,586.7757568359375,86.77526092529297,111.98304748535156
2024-11-29,235.8233184814453,245.58999633789062,73.02204895019531,148.75511169433594,242.20562744140625,61.4219856262207,102.99526977539062,138.03431701660156,590.4208984375,87.6709213256836,112.26856231689453
2024-12-02,238.06895446777344,243.44000244140625,72.99546813964844,148.55360412597656,238.84002685546875,61.00982666015625,103.15701293945312,138.41371154785156,591.4791870117188,87.8815689086914,112.16387176513672
2024-12-03,241.10952758789062,243.92999267578125,72.99546813964844,146.21205139160156,237.4530792236328,60.885215759277344,102.79239654541016,140.0411834716797,591.7534790039062,87.12322235107422,111.99256896972656
2024-12-04,241.46725463867188,244.6699981689453,73.16959381103516,144.3983154296875,236.0757598876953,59.629554748535156,103.28790283203125,144.91355895996094,595.427978515625,88.05943298339844,108.76612091064453
2024-12-05,241.49705505371094,242.86000061035156,73.10542297363281,143.4866485595703,238.0931854248047,60.31010055541992,103.25983428955078,144.8436737060547,594.4481201171875,88.23733520507812,109.24198913574219
2024-12-06,241.29830932617188,242.9499969482422,73.22457122802734,143.28512573242188,239.91664123535156,59.936283111572266,103.49356842041016,142.22760009765625,595.5750122070312,88.36837005615234,108.09037780761719
2024-12-09,245.1835174560547,245.36000061035156,73.13292694091797,143.5634307861328,236.47344970703125,60.00337219238281,103.23179626464844,138.6029815673828,592.5079956054688,87.55388641357422,107.45271301269531
2024-12-10,246.19703674316406,248.58999633789062,73.16959381103516,143.20834350585938,235.5520477294922,60.30051803588867,103.07288360595703,134.86859130859375,590.6658935546875,87.1419448852539,107.23380279541016
2024-12-11,244.92514038085938,250.9600067138672,73.18792724609375,140.7228546142578,236.20187377929688,60.04171371459961,102.79239654541016,139.10223388671875,595.2320556640625,86.3180923461914,106.51998138427734
2024-12-12,246.3858184814453,247.27999877929688,72.98629760742188,140.33900451660156,234.2620391845703,61.19194412231445,102.2127456665039,137.13519287109375,592.1650390625,85.26954650878906,106.42481231689453
2024-12-13,246.55474853515625,244.2899932861328,72.7755126953125,140.7036590576172,232.71990966796875,60.50181198120117,101.64247131347656,134.0498046875,592.0475463867188,84.39888763427734,105.4920883178711
2024-12-16,249.44625854492188,244.8800048828125,72.9129867553711,138.0454559326172,232.37074279785156,59.9554443359375,101.77335357666016,131.80313110351562,594.5755615234375,84.65164947509766,103.23644256591797
2024-12-17,251.8707733154297,243.94000244140625,72.75718688964844,140.5021514892578,231.1874237060547,60.77019500732422,101.78270721435547,130.195556640625,592.1257934570312,84.85762786865234,102.79865264892578
2024-12-18,246.4752655029297,239.25999450683594,72.01009368896484,138.90914916992188,223.4378662109375,60.243003845214844,100.52079772949219,128.71774291992188,574.4783935546875,83.79654693603516,101.28536224365234
2024-12-19,248.20420837402344,239.60000610351562,71.93640899658203,137.78634643554688,225.949951171875,59.85960006713867,99.97662353515625,130.485107421875,574.302001953125,82.52772521972656,100.41926574707031
2024-12-20,252.87437438964844,242.10000610351562,72.3877944946289,138.64041137695312,230.45033264160156,59.9554443359375,100.37069702148438,134.49911499023438,581.199951171875,82.99765014648438,100.76190948486328
2024-12-23,253.64942932128906,240.9600067138672,72.19434356689453,139.40814208984375,231.21653747558594,59.79249954223633,100.07984161376953,139.46170043945312,584.6803588867188,82.23637390136719,101.17115783691406
2024-12-24,256.5608215332031,241.44000244140625,72.42463684082031,139.96470642089844,235.01856994628906,60.233421325683594,100.38944244384766,140.01089477539062,591.1791381835938,82.5841293334961,101.26632690429688
2024-12-26,257.3756103515625,243.07000732421875,72.60887145996094,139.7056121826172,235.8236083984375,59.97461700439453,100.4832763671875,139.7213134765625,591.218505859375,82.53714752197266,101.35198211669922
2024-12-27,253.96739196777344,241.39999389648438,72.36015319824219,139.19703674316406,233.91290283203125,59.85960006713867,100.06107330322266,136.8056640625,584.9949340820312,81.86045837402344,101.34246826171875
2024-12-30,250.59889221191406,240.6300048828125,72.46150207519531,137.55601501464844,232.1185760498047,59.45701599121094,100.49266815185547,137.2849578857422,578.3192749023438,82.51834869384766,100.6572036743164
2024-12-31,248.83021545410156,242.1300048828125,72.45226287841797,138.7843780517578,232.49684143066406,59.67747497558594,100.23932647705078,134.0897216796875,576.2152709960938,82.07662963867188,102.37986755371094
2025-01-02,242.3019256591797,245.4199981689453,72.62728118896484,138.20858764648438,232.778076171875,59.27489471435547,100.24871063232422,138.10374450683594,574.7994384765625,82.30217742919922,102.1324234008789
2025-01-03,241.81503295898438,243.49000549316406,72.73785400390625,138.3717041015625,235.9593963623047,59.18863296508789,100.01416015625,144.2545623779297,581.9864501953125,82.03900909423828,102.6558837890625
2025-01-06,243.4446258544922,243.19000244140625,72.8667984008789,137.8631134033203,234.80899047851562,58.287620544433594,99.7608413696289,149.2071533203125,585.3390502929688,81.67247772216797,102.54167175292969
2025-01-07,240.67233276367188,244.55999755859375,72.62728118896484,140.32940673828125,237.07078552246094,58.31637954711914,99.30111694335938,139.93099975585938,578.7222900390625,80.75143432617188,103.50294494628906
2025-01-08,241.1592254638672,245.86000061035156,72.71942901611328,136.52919006347656,237.0318145751953,59.150291442871094,99.46062469482422,139.9010467529297,579.56787109375,80.85481262207031,101.770751953125
2025-01-10,235.3463592529297,248.2100067138672,72.34172821044922,136.32766723632812,233.8535614013672,58.536834716796875,98.8883056640625,135.70733642578125,570.7194213867188,80.31910705566406,101.39957427978516
2025-01-13,232.9119110107422,245.74000549316406,72.32331085205078,138.64041137695312,238.08470153808594,59.09278869628906,98.60684204101562,133.03131103515625,571.604248046875,80.29090881347656,104.01688385009766
2025-01-14,231.7990264892578,247.02999877929688,72.4154052734375,138.90914916992188,241.26292419433594,59.466609954833984,98.71942901611328,131.56349182128906,572.3906860351562,80.15931701660156,104.42613983154297
2025-01-15,236.35989379882812,248.8800048828125,73.0510482788086,139.12025451660156,246.02056884765625,59.20780563354492,99.90156555175781,136.03683471679688,582.8026123046875,81.54090118408203,106.12976837158203
2025-01-16,226.81089782714844,250.60000610351562,73.13396453857422,141.80728149414062,247.8923797607422,59.66789627075195,100.09860229492188,133.3708038330078,581.681640625,81.80406188964844,105.94894409179688
2025-01-17,228.5199737548828,249.27000427246094,73.19844818115234,141.0971221923828,252.6597442626953,60.10881042480469,100.18303680419922,137.50462341308594,587.521728515625,81.94502258300781,106.90069580078125
2025-01-21,221.22657775878906,253.1300048828125,73.39189910888672,142.17190551757812,256.4326477050781,59.83083724975586,100.7647476196289,140.61996459960938,592.8995971679688,82.67811584472656,106.09170532226562
2025-01-22,222.4090118408203,254.42999267578125,73.29056549072266,139.40814208984375,256.2474365234375,59.2173957824707,100.44573211669922,146.85067749023438,596.2326049804688,82.24578857421875,104.24529266357422
2025-01-23,222.24009704589844,254.07000732421875,73.38267517089844,140.7228546142578,259.2794494628906,58.97775650024414,100.30501556396484,147.00047302246094,599.4868774414062,81.606689453125,104.83539581298828
2025-01-24,221.3656768798828,255.64999389648438,73.4655990600586,140.89561462402344,258.1972961425781,59.35158157348633,100.50204467773438,142.4073028564453,597.73681640625,81.97323608398438,103.41728210449219
2025-01-27,228.40072631835938,252.99000549316406,73.5208511352539,146.7206573486328,259.18194580078125,61.220699310302734,101.19631958007812,118.24339294433594,589.2816162109375,82.94125366210938,104.85442352294922
2025-01-28,236.74740600585938,255.17999267578125,73.49323272705078,144.31195068359375,260.4395751953125,59.77333068847656,101.05557250976562,128.79763793945312,594.3449096679688,82.8848876953125,102.82719421386719
2025-01-29,237.8404083251953,254.1999969482422,73.44717407226562,145.05087280273438,259.89361572265625,60.223838806152344,100.92423248291016,123.5155258178711,591.6804809570312,82.71570587158203,103.42680358886719
2025-01-30,236.08163452148438,258.04998779296875,73.58534240722656,146.7014617919922,261.5022888183594,61.39323043823242,101.1493911743164,124.46410369873047,594.8561401367188,83.0258560180664,104.28337860107422
2025-01-31,234.5017547607422,258.55999755859375,73.4379653930664,146.01052856445312,260.5955810546875,60.84687423706055,100.82103729248047,119.89093017578125,591.6903686523438,82.48072814941406,101.67558288574219
2025-02-03,226.5624542236328,259.94000244140625,73.34542846679688,145.74183654785156,260.11785888671875,60.722267150878906,100.98016357421875,116.48603057861328,587.70849609375,83.15230560302734,101.92303466796875
2025-02-04,231.3220672607422,262.5,73.57677459716797,147.2964630126953,261.21954345703125,60.070472717285156,101.17790222167969,118.47305297851562,591.6510620117188,83.40697479248047,104.65454864501953
2025-02-05,230.99417114257812,264.1300048828125,73.7710952758789,148.44802856445312,263.6470642089844,60.50181198120117,101.88410949707031,124.64384460449219,594.0499267578125,84.78404998779297,104.57842254638672
2025-02-06,231.73939514160156,263.42999267578125,73.66004943847656,147.31565856933594,269.95477294921875,60.731849670410156,101.69581604003906,128.48806762695312,596.1146850585938,84.74630737304688,103.19837188720703
2025-02-07,226.1848907470703,263.8999938964844,73.42870330810547,146.9413604736328,268.8823547363281,61.19194412231445,101.25323486328125,129.6463623046875,590.657958984375,84.19927215576172,103.63619232177734
2025-02-10,226.45346069335938,268.3699951171875,73.57677459716797,148.01620483398438,264.24176025390625,61.872493743896484,101.281494140625,133.3708038330078,594.6693725585938,83.94458770751953,105.61582946777344
2025-02-11,231.39735412597656,267.3900146484375,73.54901123046875,149.8299102783203,268.0926818847656,64.79597473144531,101.05549621582031,132.6019744873047,595.1216430664062,83.40697479248047,106.28205108642578
2025-02-12,235.62501525878906,267.6700134277344,73.39167785644531,148.99502563476562,268.5411682128906,65.85994720458984,100.50935363769531,130.94444274902344,593.2044677734375,82.27515411376953,103.08436584472656
2025-02-13,240.26051330566406,270.30999755859375,73.72481536865234,150.90472412109375,269.38934326171875,66.61717224121094,101.29090118408203,135.08824157714844,599.4672241210938,83.64276885986328,103.83338165283203
2025-02-14,243.31439208984375,266.2900085449219,73.80811309814453,149.84912109375,269.652587890625,66.0133056640625,101.68639373779297,138.64292907714844,599.4376831054688,84.0860595703125,103.93900299072266
2025-02-18,243.18507385253906,270.70001220703125,73.74332427978516,149.92649841308594,272.92828369140625,66.18584442138672,101.2720718383789,139.19210815429688,601.1975708007812,83.0957260131836,105.76351165771484
2025-02-19,243.58297729492188,270.8500061035156,73.79884338378906,152.73175048828125,272.2458190917969,67.16352081298828,101.32857513427734,139.02235412597656,602.6133422851562,83.199462890625,105.91715240478516
2025-02-20,244.53793334960938,270.989990234375,73.84513092041016,154.46327209472656,260.10809326171875,67.134765625,101.57339477539062,139.9010467529297,600.1062622070312,83.51072692871094,107.54959869384766
2025-02-21,244.2593994140625,270.739990234375,73.70630645751953,156.9976806640625,257.6123046875,68.39042663574219,101.93120574951172,134.22952270507812,589.842041015625,84.51995849609375,106.29165649414062
2025-02-24,245.80125427246094,272.2099914550781,73.79884338378906,158.39064025878906,254.78504943847656,67.66195678710938,102.19486236572266,130.08570861816406,587.1580200195312,84.76518249511719,106.84860229492188
2025-02-25,245.74156188964844,268.6199951171875,73.98393249511719,160.66384887695312,250.94386291503906,68.52462005615234,102.97640991210938,126.4411392211914,584.2379150390625,86.22712707519531,105.36980438232422
2025-02-26,239.09664916992188,269.0299987792969,74.08572387695312,157.75222778320312,252.2990264892578,67.86324310302734,103.19298553466797,131.08424377441406,584.5328979492188,86.7364501953125,105.11052703857422
2025-02-27,236.05276489257812,264.92999267578125,73.9469223022461,158.38095092773438,252.552490234375,67.93035125732422,102.75982666015625,119.97080993652344,575.2025756835938,86.12338256835938,105.77310943603516
2025-02-28,240.56887817382812,263.2699890136719,74.1504898071289,159.6288299560547,258.01202392578125,68.25623321533203,103.21183013916016,124.73370361328125,584.178955078125,87.17977905273438,106.90621948242188
2025-03-03,236.77891540527344,266.739990234375,73.99616241455078,161.8149871826172,254.0830841064453,69.32018280029297,103.53792572021484,113.88990020751953,573.9442138671875,87.58663177490234,103.47808837890625
2025-03-04,234.68994140625,269.05999755859375,73.98685455322266,160.01576232910156,243.9732208251953,67.27854919433594,103.1976547241211,115.81702423095703,567.1504516601562,86.50797271728516,103.2668228149414
2025-03-05,234.50094604492188,269.6199951171875,74.02406311035156,159.72555541992188,245.22109985351562,67.17311096191406,102.8668212890625,117.12506866455078,573.24609375,85.81726837158203,101.2502670288086
2025-03-06,234.09310913085938,268.25,73.7451400756836,160.41236877441406,240.35626220703125,67.53733825683594,102.54546356201172,110.40511322021484,563.0702514648438,85.53343963623047,103.34364318847656
2025-03-07,237.81346130371094,268.3900146484375,73.86600494384766,161.24427795410156,236.203125,68.46710968017578,102.38477325439453,112.52194213867188,566.2261962890625,85.259033203125,104.68801879882812
2025-03-10,226.2843780517578,266.0400085449219,73.58708190917969,162.22125244140625,226.3954620361328,68.48627471923828,102.73448944091797,106.82044982910156,551.1445922851562,86.14845275878906,107.3575439453125
2025-03-11,219.6792755126953,269.1600036621094,73.32677459716797,160.44137573242188,223.3927001953125,68.09329223632812,102.06340789794922,108.59780883789062,546.5628662109375,85.53343963623047,104.82245635986328
2025-03-12,215.8395538330078,270.3299865722656,73.41045379638672,157.52972412109375,222.18380737304688,67.0389175415039,101.76092529296875,115.57803344726562,549.4631958007812,85.02250671386719,104.79364013671875
2025-03-13,208.5779266357422,275.1300048828125,73.00137329101562,157.6651611328125,219.54177856445312,66.73218536376953,102.08230590820312,115.41825103759766,542.1386108398438,85.76998138427734,104.3519287109375
2025-03-14,212.367919921875,275.239990234375,73.3360595703125,157.49102783203125,226.6099395751953,66.78047943115234,102.03504180908203,121.49972534179688,553.3369750976562,85.31580352783203,107.45357513427734
2025-03-17,212.87522888183594,276.7300109863281,73.5126953125,157.52003479003906,228.0625457763672,67.70744323730469,102.24298095703125,119.36272430419922,557.6038818359375,85.74159240722656,109.23966979980469
2025-03-18,211.57208251953125,279.9599914550781,73.38253784179688,158.8839874267578,229.07647705078125,66.99290466308594,102.4887466430664,115.2684555053711,551.5770874023438,85.82674407958984,109.12442779541016
2025-03-19,214.1086883544922,281.1099853515625,73.86600494384766,157.6651611328125,233.1126251220703,66.89634704589844,103.09367370605469,117.35552978515625,557.584228515625,86.27143859863281,110.82410430908203
2025-03-20,212.97470092773438,280.75,73.76372528076172,157.69415283203125,233.01513671875,67.31153869628906,102.94244384765625,118.3641128540039,555.9718017578125,86.32820129394531,111.29462432861328
2025-03-21,217.1227569580078,278.489990234375,73.65218353271484,158.28424072265625,235.56944274902344,66.30732727050781,102.8006591796875,117.5352783203125,556.1552124023438,85.81726837158203,110.91051483154297
2025-03-24,219.56983947753906,277.25,73.86600494384766,157.95533752441406,241.83815002441406,66.57769775390625,102.3564224243164,121.24009704589844,566.1151123046875,84.93733215332031,111.1986083984375
2025-03-25,222.573974609375,278.4700012207031,73.82881164550781,155.75949096679688,244.83114624023438,66.4425048828125,102.46038818359375,120.52110290527344,567.4760131835938,84.92790985107422,111.95721435546875
2025-03-26,220.36563110351562,278.239990234375,73.53131103515625,156.4366455078125,244.733642578125,67.61087036132812,102.04449462890625,113.60079956054688,560.7012939453125,84.3696517944336,113.57044982910156
2025-03-27,222.67344665527344,281.9700012207031,73.39183807373047,157.80056762695312,241.89662170410156,68.30611419677734,101.92161560058594,111.2740707397461,559.2122802734375,84.1236572265625,113.20555877685547
2025-03-28,216.7547149658203,284.05999755859375,73.26170349121094,158.3616180419922,236.75881958007812,67.94884490966797,102.5360107421875,109.51652526855469,547.9507446289062,85.28743743896484,113.05191802978516
2025-03-31,220.9624786376953,288.1400146484375,73.34537506103516,160.42202758789062,239.1473846435547,69.15583038330078,102.73448944091797,108.22832489013672,551.62890625,86.1295166015625,114.20423889160156
2025-04-01,222.0169219970703,287.57000732421875,73.51538848876953,148.24334716796875,237.54852294921875,69.39723205566406,103.10167694091797,109.995849609375,553.18701171875,86.87588500976562,114.30986022949219
2025-04-02,222.71324157714844,288.1600036621094,73.66487121582031,150.28440856933594,239.6543426513672,68.87580108642578,103.33890533447266,110.26547241210938,556.687744140625,86.81889343261719,113.9545669555664
2025-04-03,202.12203979492188,286.4200134277344,72.74932098388672,154.5987091064453,222.95399475097656,70.66216278076172,103.32941436767578,101.65753936767578,529.2537841796875,87.21771240234375,107.96251678466797
2025-04-04,187.38987731933594,279.7200012207031,71.71231842041016,148.2336883544922,206.2684783935547,67.52397155761719,103.2155532836914,94.17802429199219,498.2696838378906,88.16729736328125,100.19397735595703
2025-04-07,180.50625610351562,273.7099914550781,71.09569549560547,145.69924926757812,210.34913635253906,66.01765441894531,101.20401763916016,97.50334930419922,497.3821716308594,85.50850677490234,98.84961700439453
2025-04-08,171.51376342773438,275.20001220703125,70.76872253417969,145.09954833984375,212.73275756835938,66.06593322753906,99.92305755615234,96.16523742675781,489.591796875,83.89424133300781,96.76583099365234
2025-04-09,197.8048553466797,285.3800048828125,72.66522216796875,146.037841796875,229.86949157714844,67.54328155517578,101.593017578125,114.16999816894531,541.0084228515625,84.38800811767578,101.59596252441406
2025-04-10,189.41915893554688,292.3500061035156,71.47875213623047,143.8323211669922,222.7774200439453,68.32542419433594,99.86614227294922,107.4194564819336,517.3019409179688,82.06157684326172,95.95921325683594
2025-04-11,197.1085205078125,297.92999267578125,71.69361877441406,146.7729949951172,231.69400024414062,68.97236633300781,99.84716033935547,110.7747573852539,526.5321044921875,82.50786590576172,99.04166412353516
2025-04-14,201.45556640625,296.2300109863281,72.04863739013672,149.3170928955078,230.24224853515625,69.95726776123047,100.46390533447266,110.55506134033203,531.64013671875,83.09660339355469,99.28172302246094
2025-04-15,201.0775604248047,297.7799987792969,72.24481201171875,148.60125732421875,228.6825714111328,69.3875732421875,101.00474548339844,112.04297637939453,530.151123046875,83.3909683227539,99.00325012207031
2025-04-16,193.24893188476562,307.4700012207031,72.23548889160156,148.8817901611328,225.22972106933594,69.21376037597656,101.43171691894531,104.34376525878906,518.366943359375,83.85623931884766,100.04994201660156
2025-04-17,195.94468688964844,306.1199951171875,72.6558837890625,152.3254852294922,227.534912109375,70.48834991455078,101.2894058227539,101.34796142578125,519.1065063476562,83.11558532714844,102.67144775390625
2025-04-21,192.14474487304688,315.5899963378906,72.22613525390625,151.79344177246094,224.62155151367188,70.26626586914062,100.19822692871094,96.77438354492188,506.7503356933594,81.66275787353516,101.16383361816406
2025-04-22,198.690185546875,311.1099853515625,72.50641632080078,152.59632873535156,231.09564208984375,71.35738372802734,100.44493865966797,98.75160217285156,519.9349365234375,82.11854553222656,103.99663543701172
2025-04-23,203.52462768554688,303.6499938964844,72.87076568603516,150.30377197265625,236.28472900390625,70.77803039550781,100.89087677001953,102.56625366210938,527.9915161132812,82.91618347167969,103.10358428955078
2025-04-24,207.27481079101562,308.07000732421875,73.52471923828125,149.86843872070312,239.97300720214844,70.02486419677734,101.92513275146484,106.28104400634766,539.1051635742188,83.78977966308594,104.31350708007812
2025-04-25,208.18002319335938,304.7300109863281,73.59011840820312,149.5299072265625,238.90380859375,69.43586730957031,102.4659652709961,110.85466003417969,543.0003662109375,84.40699768066406,104.25590515136719
2025-04-28,209.03550720214844,309.07000732421875,73.62749481201172,150.2747344970703,238.58010864257812,69.31999206542969,102.70317840576172,108.57783508300781,543.2073974609375,84.93875885009766,104.31350708007812
2025-04-29,210.09988403320312,306.05999755859375,73.82369232177734,150.81643676757812,239.953369140625,69.86071014404297,102.9404067993164,108.86742401123047,546.6292724609375,85.65093994140625,104.05424499511719
2025-04-30,211.3831024169922,303.7699890136719,73.43132019042969,151.203369140625,239.953369140625,70.0538330078125,102.45649719238281,108.76756286621094,546.8462524414062,84.957763671875,101.4327163696289
2025-05-01,212.19879150390625,297.4599914550781,73.52615356445312,149.413818359375,242.18008422851562,68.8371810913086,102.09638214111328,111.45380401611328,550.7216796875,84.52696228027344,101.57676696777344
2025-05-02,204.27069091796875,297.9800109863281,73.75151062011719,151.01956176757812,247.69287109375,69.18479919433594,101.84869384765625,114.33976745605469,558.8966674804688,83.61203002929688,101.98966979980469
2025-05-05,197.84463500976562,306.8800048828125,73.72335815429688,149.93617248535156,247.74191284179688,69.23307800292969,101.7057876586914,113.66071319580078,555.6917724609375,83.14501190185547,99.16649627685547
2025-05-06,197.46661376953125,315.4800109863281,73.6670150756836,149.4235076904297,244.49505615234375,69.25238800048828,101.90585327148438,113.38111877441406,551.0471801757812,83.4214096069336,100.54927062988281
2025-05-07,195.218505859375,310.75,73.73274993896484,152.16104125976562,244.63238525390625,69.90898895263672,102.11544036865234,116.89618682861328,553.3645629882812,83.77403259277344,100.4532470703125
2025-05-08,196.45199584960938,304.6300048828125,73.71395874023438,150.57461547851562,248.63453674316406,68.72130584716797,101.60099792480469,117.20575714111328,557.2203369140625,82.84003448486328,101.85523223876953
2025-05-09,197.48654174804688,306.8399963378906,73.76091003417969,149.18165588378906,248.25198364257812,68.09367370605469,101.56288146972656,116.48675537109375,556.5103149414062,82.96395111083984,103.04595947265625
2025-05-12,209.95704650878906,298.19000244140625,74.49334716796875,149.10426330566406,255.0889892578125,67.13774108886719,101.54383087158203,122.82787322998047,574.9015502929688,82.19197845458984,104.82245635986328
2025-05-13,212.08860778808594,299.4599914550781,74.62480926513672,143.5904998779297,257.9925537109375,66.58734893798828,101.62957763671875,129.7481689453125,578.6981201171875,81.85839080810547,105.11052703857422
2025-05-14,211.490966796875,293.1600036621094,74.35250091552734,141.5784454345703,260.5723876953125,66.78047943115234,101.1151351928711,135.15060424804688,579.437744140625,81.31515502929688,104.16947937011719
2025-05-15,210.6144256591797,297.8399963378906,74.49334716796875,144.72227478027344,262.3870544433594,69.14617919921875,101.83914184570312,134.64129638671875,582.267822265625,82.02995300292969,105.2258071899414
2025-05-16,210.42520141601562,294.239990234375,74.57786560058594,146.38607788085938,262.4557189941406,69.52275085449219,102.02969360351562,135.21051025390625,585.9559936523438,82.24916076660156,104.84784698486328
2025-05-19,207.9550018310547,298.0299987792969,74.5403060913086,147.50819396972656,259.8268737792969,69.45516967773438,102.03921508789062,135.3802947998047,586.5969848632812,82.01089477539062,103.18098449707031
2025-05-20,206.04258728027344,303.5799865722656,74.50273132324219,148.63995361328125,260.6116027832031,69.22342681884766,101.7915267944336,134.19192504882812,584.6246948242188,81.42000579833984,101.70793151855469
2025-05-21,201.2914276123047,305.82000732421875,74.00505065917969,148.17562866210938,256.06011962890625,69.37792205810547,100.65786743164062,131.6155548095703,574.7733154296875,80.02851867675781,100.45779418945312
2025-05-22,200.56431579589844,303.1099853515625,74.15530395507812,147.62425231933594,255.69720458984375,68.69233703613281,101.17230987548828,132.64413452148438,575.0001220703125,80.44786834716797,99.78910827636719
2025-05-23,194.49838256835938,309.75,74.13653564453125,147.9434814453125,255.7364044189453,69.30066680908203,101.24850463867188,131.10626220703125,571.075439453125,80.58130645751953,99.84725189208984
2025-05-27,199.4188690185547,304.5,74.58726501464844,149.51422119140625,260.22906494140625,69.3103256225586,102.1630630493164,135.31036376953125,582.9483032226562,81.7059097290039,100.32209777832031
2025-05-28,199.62803649902344,303.80999755859375,74.5403060913086,148.71421813964844,258.46337890625,68.70201110839844,101.91539001464844,134.621337890625,579.5757446289062,81.35327911376953,98.95567321777344
2025-05-29,199.15989685058594,305.6099853515625,74.65299224853516,149.836181640625,259.3266296386719,69.03030395507812,102.37265014648438,138.99522399902344,581.8635864257812,82.10620880126953,99.51776123046875
2025-05-30,200.0563507080078,303.6000061035156,74.7187271118164,151.42645263671875,258.96368408203125,69.61931610107422,102.66796875,134.94088745117188,581.2127685546875,82.23007202148438,99.13980102539062
2025-06-02,200.90298461914062,311.6700134277344,74.70551300048828,151.61181640625,259.611083984375,69.52275085449219,102.37728118896484,137.187744140625,584.4867553710938,81.4648208618164,99.86663818359375
2025-06-03,202.46678161621094,308.9100036621094,74.84703063964844,150.65570068359375,261.19036865234375,68.71166229248047,102.42511749267578,141.02236938476562,587.81982421875,81.3213119506836,100.59346771240234
2025-06-04,202.0185546875,310.8999938964844,74.98857116699219,149.48495483398438,259.1794738769531,68.91443634033203,103.1709213256836,141.72137451171875,587.6619262695312,82.64144134521484,99.13980102539062
2025-06-05,199.83721923828125,309.3299865722656,74.82815551757812,149.91421508789062,256.9527893066406,68.47026062011719,102.85538482666016,139.79408264160156,584.8219604492188,82.69881439208984,98.68431854248047
2025-06-06,203.11419677734375,305.17999267578125,74.81874084472656,151.25082397460938,260.6606750488281,68.8951187133789,102.23387908935547,141.5216827392578,590.8274536132812,81.64656066894531,101.04893493652344
2025-06-09,200.6539764404297,306.6199951171875,74.85646057128906,151.44593811035156,261.6513977050781,69.30066680908203,102.53984069824219,142.43040466308594,591.3599243164062,81.73265838623047,101.72732543945312
2025-06-10,201.86912536621094,306.7099914550781,75.03572845458984,152.63623046875,263.4759521484375,69.86071014404297,102.7884521484375,143.758544921875,594.7128295898438,82.153564453125,103.90782165527344
2025-06-11,197.99452209472656,308.3699951171875,75.01687622070312,151.4752197265625,263.03448486328125,69.59033966064453,103.11354064941406,142.64002990722656,593.0166625976562,82.40228271484375,105.9332504272461
2025-06-12,198.41285705566406,312.20001220703125,75.1017837524414,152.84109497070312,263.1227722167969,69.7544937133789,103.687255859375,144.80714416503906,595.3734741210938,83.38758087158203,106.34027862548828
2025-06-13,195.6737060546875,316.2900085449219,74.8753433227539,153.27037048339844,259.89556884765625,69.06404113769531,103.06574249267578,141.7811737060547,588.7171020507812,82.58403015136719,108.65644836425781
2025-06-16,197.63595581054688,311.7799987792969,75.02628326416016,151.4362030029297,265.20233154296875,68.57781982421875,102.88406372070312,144.49754333496094,594.318359375,81.75178527832031,109.00532531738281
2025-06-17,194.86692810058594,311.94000244140625,74.94139099121094,148.66543579101562,264.37835693359375,67.7026138305664,103.23785400390625,143.9282989501953,589.2398681640625,82.74666595458984,110.4783706665039
2025-06-18,195.80319213867188,310.260009765625,75.05461120605469,147.05564880371094,268.733642578125,67.30390930175781,103.31433868408203,145.2864990234375,589.1510620117188,82.8901596069336,109.69339752197266
2025-06-20,200.20574951171875,310.1300048828125,75.29048156738281,146.1385498046875,269.7538146972656,66.94408416748047,103.40040588378906,143.65866088867188,587.7673950195312,82.73709106445312,111.15674591064453
2025-06-23,200.70376586914062,311.0799865722656,75.4320068359375,147.63125610351562,272.96142578125,67.81930541992188,103.65856170654297,143.97824096679688,593.5730590820312,83.00494384765625,108.28817749023438
2025-06-24,199.5084991455078,306.19000244140625,75.63957977294922,148.4800567626953,275.8944091796875,68.27635955810547,104.14619445800781,147.70326232910156,600.13037109375,83.60762786865234,104.99320220947266
2025-06-25,200.76353454589844,307.1199951171875,75.6207046508789,148.56787109375,278.6409606933594,67.71233367919922,104.02191162109375,154.104736328125,600.4666748046875,83.71283721923828,105.02229309082031
2025-06-26,200.20574951171875,306.7799987792969,75.83768463134766,148.304443359375,283.24151611328125,67.55674743652344,104.40438842773438,154.81381225585938,605.1646118164062,84.13373565673828,106.59223937988281
2025-06-27,200.28543090820312,301.2200012207031,75.79997253417969,148.6947021484375,281.6327819824219,68.39305114746094,104.2322769165039,157.54017639160156,608.1712646484375,83.59803771972656,106.00108337402344
2025-06-30,204.35926818847656,304.8299865722656,76.0924301147461,149.0264129638672,284.37939453125,68.80147552490234,104.80597686767578,157.77984619140625,611.0790405273438,84.42070770263672,104.46989440917969
2025-07-01,206.99879455566406,307.54998779296875,75.99671173095703,152.119140625,284.8698425292969,69.69615173339844,104.93264770507812,153.09608459472656,610.8812866210938,84.63004302978516,105.86540222167969
2025-07-02,211.60055541992188,309.25,76.13888549804688,151.76791381835938,286.4295349121094,68.95708465576172,104.91345977783203,157.0408477783203,613.6505737304688,84.09233856201172,107.61949920654297
2025-07-03,212.70616149902344,307.1400146484375,76.18628692626953,152.20693969726562,291.75201416015625,69.38496398925781,104.6639404296875,159.1280517578125,618.4869995117188,83.50663757324219,108.73397064208984
2025-07-07,209.120361328125,307.3699951171875,75.93034362792969,151.48500061035156,287.7798767089844,69.05432891845703,104.0401382446289,158.02951049804688,613.8780517578125,82.7096939086914,107.67765045166016
2025-07-08,209.1801300048828,304.1600036621094,75.8260726928711,151.9923095703125,278.72174072265625,68.30552673339844,103.74263763427734,159.78717041015625,613.5418090820312,82.60407257080078,110.6624984741211
2025-07-09,210.3056640625,305.5199890136719,76.03460693359375,152.47036743164062,279.0963134765625,67.56646728515625,104.33763122558594,162.66334533691406,617.2210083007812,83.46823120117188,110.28455352783203
2025-07-10,211.57064819335938,306.20001220703125,75.95877838134766,153.84597778320312,284.0540771484375,67.84847259521484,104.3568344116211,163.88172912597656,618.9617309570312,83.52583312988281,111.37964630126953
2025-07-11,210.3256072998047,309.1400146484375,75.86398315429688,153.0752410888672,282.7431640625,67.94573211669922,103.72344207763672,164.7006378173828,616.7858276367188,82.37362670898438,111.86419677734375
2025-07-14,207.79562377929688,308.010009765625,75.92086029052734,152.99720764160156,284.5567932128906,67.55674743652344,103.69465637207031,163.85177612304688,617.9627685546875,82.20079803466797,110.40083312988281
2025-07-15,208.28369140625,306.7300109863281,75.69334411621094,151.38742065429688,282.4376220703125,67.44976806640625,103.32036590576172,170.4729461669922,615.322021484375,81.62470245361328,109.42204284667969
2025-07-16,209.3295440673828,308.260009765625,75.89242553710938,160.76315307617188,281.7181396484375,67.36224365234375,103.48351287841797,171.14205932617188,617.3792114257812,81.73992156982422,108.76304626464844
2025-07-17,209.1901092529297,307.5899963378906,75.96825408935547,159.0070343017578,285.73956298828125,68.6458969116211,103.73301696777344,172.76988220214844,621.1573486328125,81.72071075439453,108.21066284179688
2025-07-18,210.34548950195312,308.3900146484375,76.0725326538086,159.70947265625,287.0898742675781,67.92626953125,103.92497253417969,172.18067932128906,620.7025146484375,81.84553527832031,104.44082641601562
2025-07-21,211.64036560058594,313.1300048828125,76.17680358886719,160.3533935546875,286.794189453125,68.14021301269531,104.32804107666016,171.15203857421875,621.8794555664062,82.57526397705078,104.7121810913086
2025-07-22,213.5527801513672,316.1000061035156,76.30952453613281,163.83636474609375,287.24761962890625,67.74150848388672,104.57756042480469,166.80783081054688,621.9683837890625,83.07455444335938,105.18704223632812
2025-07-23,213.30377197265625,312.17999267578125,76.3474349975586,164.9778594970703,292.5011291503906,67.25528717041016,104.41441345214844,170.5528564453125,627.259765625,82.6136703491211,106.53410339355469
2025-07-24,212.91531372070312,310.2699890136719,76.25263977050781,165.4266357421875,292.2940979003906,67.1969223022461,104.2608642578125,173.50892639160156,627.4674072265625,82.46965789794922,107.3675308227539
2025-07-25,213.03485107421875,307.3999938964844,76.30003356933594,164.19735717773438,294.33441162109375,67.26500701904297,104.59675598144531,173.26922607421875,630.1181030273438,82.98814392089844,106.98957824707031
2025-07-28,213.2041778564453,305.4100036621094,76.26211547851562,162.16806030273438,293.9992980957031,66.2147445678711,104.38562774658203,176.51490783691406,629.9598999023438,82.45044708251953,107.99745178222656
2025-07-29,210.43516540527344,306.25,76.30952453613281,164.01197814941406,292.7771301269531,67.4692153930664,105.07659912109375,175.2765350341797,628.2982788085938,83.84270477294922,109.39295959472656
2025-07-30,208.2239227294922,300.9599914550781,76.14836883544922,163.1826934814453,295.3299560546875,66.85657501220703,104.6831283569336,179.03155517578125,627.5070190429688,83.41061401367188,108.44324493408203
2025-07-31,206.74977111816406,302.9599914550781,76.19575500488281,160.72413635253906,291.9885559082031,66.02024841308594,104.71192169189453,177.6334228515625,625.1531982421875,83.45861053466797,108.19127655029297
2025-08-01,201.58030700683594,309.1099853515625,76.19956970214844,163.25100708007812,285.2171630859375,66.96354675292969,105.6408462524414,173.4889373779297,614.9066162109375,84.6451187133789,106.2530517578125
2025-08-04,202.5464630126953,310.9100036621094,76.4568099975586,166.87054443359375,290.0370178222656,67.06077575683594,105.82391357421875,179.7605743408203,624.2530517578125,84.87644958496094,104.05318450927734
2025-08-05,202.1181640625,311.1600036621094,76.418701171875,166.577880859375,287.1884765625,67.14830780029297,105.90103149414062,178.02288818359375,621.0880737304688,85.13668823242188,103.92719268798828
2025-08-06,212.40733337402344,310.5,76.49491882324219,166.4315185546875,287.16876220703125,67.59563446044922,105.87210083007812,179.1813507080078,625.845458984375,84.6451187133789,103.2197494506836
2025-08-07,219.16055297851562,313.1199951171875,76.418701171875,167.34861755371094,282.8220520019531,68.49031066894531,105.76612091064453,180.52957153320312,625.3212280273438,84.50054168701172,102.67704010009766
2025-08-08,228.44374084472656,313.04998779296875,76.42823028564453,169.104736328125,284.6159362792969,68.40277099609375,105.42884063720703,182.4569854736328,630.197265625,84.13428497314453,103.50079345703125
2025-08-11,226.5391082763672,308.54998779296875,76.42823028564453,169.58279418945312,285.4044494628906,68.80147552490234,105.59266662597656,181.81784057617188,628.9509887695312,84.23065948486328,102.56075286865234
2025-08-12,229.0021209716797,308.2699890136719,76.59972381591797,168.56813049316406,288.6472473144531,68.76258850097656,105.68901824951172,182.9163818359375,635.6468505859375,83.80655670166016,102.85147857666016
2025-08-13,232.6717529296875,309.2099914550781,76.7998046875,170.16815185546875,286.36053466796875,68.51947021484375,106.2479248046875,181.3484649658203,637.8228149414062,84.50054168701172,104.27607727050781
2025-08-14,232.12330627441406,307.25,76.59972381591797,170.46084594726562,289.93841552734375,67.6345443725586,105.8817367553711,181.77789306640625,637.882080078125,83.87403869628906,104.0628662109375
2025-08-15,230.9366455078125,307.42999267578125,76.6568832397461,172.33404541015625,286.32110595703125,67.99433898925781,105.74683380126953,180.20997619628906,636.388671875,83.27645874023438,104.16068267822266
2025-08-18,230.23861694335938,306.95001220703125,76.59972381591797,171.95355224609375,287.3461608886719,67.22610473632812,105.55410766601562,181.7678985595703,636.2501831054688,83.03550720214844,104.38565063476562
2025-08-19,229.90956115722656,305.2699890136719,76.5806655883789,173.4657745361328,286.4886779785156,68.19856262207031,105.7179183959961,175.40638732910156,632.7984008789062,83.51742553710938,105.07034301757812
2025-08-20,225.3723907470703,308.3599853515625,76.55207824707031,174.4804229736328,288.04595947265625,68.75286865234375,105.76612091064453,175.1667022705078,631.1170043945312,83.7005386352539,106.15605926513672
2025-08-21,224.26551818847656,307.2900085449219,76.4091796875,174.56822204589844,287.2870178222656,68.7139663696289,105.36138916015625,174.7472381591797,628.5850830078125,83.28611755371094,106.84075164794922
2025-08-22,227.11746215820312,310.5799865722656,77.02845001220703,174.91944885253906,291.9885559082031,68.19856262207031,106.19009399414062,177.7532501220703,638.2381591796875,83.90296173095703,108.84590911865234
2025-08-25,226.5191650390625,309.8299865722656,76.87600708007812,174.0609130859375,290.6678161621094,67.0316162109375,105.91064453125,179.57083129882812,635.42919921875,83.66200256347656,109.29584503173828
2025-08-26,228.6630859375,312.0799865722656,77.0475082397461,173.4515838623047,294.2851257324219,66.83712768554688,105.98773193359375,181.52822875976562,638.0897827148438,83.61380004882812,109.05130767822266
2025-08-27,229.8397674560547,312.7099914550781,77.14279174804688,173.7464141845703,294.9849548339844,66.93436431884766,106.02627563476562,181.35845947265625,639.543701171875,83.51742553710938,110.28375244140625
2025-08-28,231.9039306640625,315.0299987792969,77.1808853149414,172.42947387695312,296.749267578125,66.4773178100586,106.19009399414062,179.9303436279297,641.8085327148438,84.06681060791016,110.8706283569336
2025-08-29,231.485107421875,318.07000732421875,77.03797149658203,174.11985778808594,297.0942687988281,67.08995819091797,105.8046646118164,173.94830322265625,637.9810180664062,83.46922302246094,111.79006958007812
2025-09-02,229.0719451904297,325.5899963378906,76.9547119140625,174.99453735351562,295.39892578125,67.15802764892578,105.45073699951172,170.5528564453125,633.2533569335938,82.84806823730469,112.18132019042969
2025-09-03,237.79725646972656,328.1400146484375,77.1653060913086,174.93557739257812,295.211669921875,67.08995819091797,106.07927703857422,170.39305114746094,636.6853637695312,83.7575454711914,109.4621353149414
2025-09-04,239.1035614013672,326.69000244140625,77.37590789794922,175.6824951171875,299.4598083496094,66.37034606933594,106.80451202392578,171.43167114257812,642.00634765625,84.39610290527344,109.94142150878906
2025-09-05,239.0137939453125,331.04998779296875,77.41419219970703,175.35816955566406,290.1552734375,66.08832550048828,107.5007553100586,166.7978515625,640.14697265625,85.6828842163086,106.84075164794922
2025-09-08,237.2089080810547,334.82000732421875,77.41419219970703,175.06333923339844,288.70635986328125,65.57292175292969,107.87788391113281,168.0861358642578,641.719482421875,86.82455444335938,107.44718933105469
2025-09-09,233.68887329101562,334.05999755859375,77.32804870605469,173.9134979248047,293.57550048828125,65.99108123779297,107.68449401855469,170.53286743164062,643.2030639648438,86.33113098144531,108.22969055175781
2025-09-10,226.1501922607422,335.260009765625,77.38545989990234,172.7636260986328,296.22686767578125,65.95218658447266,108.00360107421875,177.09414672851562,645.0625,86.82455444335938,110.03922271728516
2025-09-11,229.3810577392578,334.760009765625,77.57693481445312,175.42698669433594,301.1748046875,65.7576904296875,108.50643157958984,176.94430541992188,650.4231567382812,87.40506744384766,109.68709564208984
2025-09-12,233.40968322753906,335.4200134277344,77.50033569335938,174.99453735351562,302.5054626464844,65.16448211669922,108.31304931640625,177.593505859375,650.20556640625,87.02772521972656,109.7066650390625
2025-09-15,236.0322265625,338.9100036621094,77.72052001953125,174.3459014892578,304.46685791015625,64.88031768798828,108.65148162841797,177.52357482910156,653.6671142578125,87.23091888427734,109.89250183105469
2025-09-16,237.4781494140625,339.5899963378906,77.6630630493164,173.42210388183594,304.75274658203125,64.90971374511719,108.55477905273438,174.65724182128906,652.76708984375,87.41474151611328,112.17153930664062
2025-09-17,238.3157958984375,336.9700012207031,77.58650970458984,174.14935302734375,307.2759704589844,65.69364166259766,108.36137390136719,170.0730743408203,651.9561767578125,87.19221496582031,112.76819610595703
2025-09-18,237.2089080810547,335.6199951171875,77.75880432128906,171.16168212890625,308.73480224609375,65.12528991699219,108.13896942138672,176.01551818847656,655.00244140625,86.29242706298828,111.43795013427734
2025-09-19,244.8074188232422,339.17999267578125,77.78752136230469,173.15675354003906,310.26251220703125,65.09589385986328,108.05194091796875,176.4449462890625,658.2465209960938,86.12794494628906,110.35222625732422
2025-09-22,255.35755920410156,345.04998779296875,77.844970703125,171.21084594726562,307.9560852050781,64.88031768798828,107.81018829345703,183.37612915039062,661.3607177734375,85.81834411621094,109.56971740722656
2025-09-23,253.71221923828125,346.4599914550781,77.78752136230469,173.54002380371094,308.2517395019531,65.37027740478516,108.02294158935547,178.2027130126953,657.7605590820312,86.41820526123047,111.4574966430664
2025-09-24,251.59820556640625,343.32000732421875,77.6822280883789,173.64813232421875,308.92205810546875,65.11549377441406,107.5877914428711,176.74456787109375,655.6677856445312,86.08926391601562,112.05416107177734
2025-09-25,256.14532470703125,344.75,77.46205139160156,174.67022705078125,308.95159912109375,64.65493774414062,107.39439392089844,177.4636688232422,652.6429443359375,86.08926391601562,113.0616226196289
2025-09-26,254.73931884765625,346.739990234375,77.61521911621094,176.61614990234375,311.52410888671875,64.35115051269531,107.53944396972656,177.96302795410156,656.3819580078125,86.01184844970703,114.65599060058594
2025-09-29,253.71221923828125,352.4599914550781,77.7492446899414,178.49327087402344,311.159423828125,64.71372985839844,107.8972396850586,181.6183624267578,658.2266845703125,86.7181396484375,111.72160339355469
2025-09-30,253.9116668701172,355.4700012207031,77.72052001953125,182.22784423828125,310.9031677246094,64.98809814453125,107.7908706665039,186.3423309326172,660.7061157226562,86.4665756225586,110.28375244140625
2025-10-01,254.72933959960938,356.0299987792969,77.86573028564453,182.84698486328125,306.25091552734375,65.43887329101562,108.22372436523438,187.0015106201172,662.9574584960938,86.68988037109375,109.54036712646484
2025-10-02,256.40460205078125,354.7900085449219,77.8368911743164,182.7781982421875,303.13623046875,64.77252197265625,108.3984146118164,188.64939880371094,663.7210693359375,86.94232177734375,108.8556900024414
2025-10-03,257.2920837402344,357.6400146484375,77.75032043457031,185.3924102783203,305.5806579589844,65.31147766113281,108.26253509521484,187.38099670410156,663.7112426757812,86.77725219726562,110.78260040283203
2025-10-06,255.9658660888672,364.3800048828125,77.76956176757812,184.92066955566406,306.22442626953125,64.77252197265625,107.91315460205078,185.3036651611328,666.0914916992188,86.08792114257812,111.70203399658203
2025-10-07,255.75643920898438,366.260009765625,77.6830062866211,185.6381072998047,304.74871826171875,65.44866943359375,108.11695861816406,184.80429077148438,663.6219482421875,86.58309173583984,111.76072692871094
2025-10-08,257.33197021484375,372.29998779296875,77.56758117675781,186.42433166503906,301.1236572265625,64.79212188720703,107.98109436035156,188.86911010742188,667.5791625976562,86.65106201171875,111.5259780883789
2025-10-09,253.32330322265625,365.42999267578125,77.34637451171875,187.79039001464844,302.6093444824219,65.03710174560547,107.76757049560547,192.32470703125,665.6452026367188,86.58309173583984,110.44026184082031
2025-10-10,244.57806396484375,369.1199951171875,76.89434814453125,187.43658447265625,298.0137023925781,65.69364166259766,108.06842803955078,182.92669677734375,647.6542358398438,87.98117065429688,108.30793762207031
2025-10-13,246.96133422851562,378.0899963378906,77.3752212524414,187.61349487304688,305.0260314941406,65.45846557617188,108.4372329711914,188.08013916015625,657.5919189453125,87.9326171875,109.78490447998047
2025-10-14,247.07101440429688,380.7900085449219,77.46179962158203,187.56436157226562,299.19232177734375,66.15421295166016,108.79633331298828,179.80067443847656,656.78857421875,88.21417236328125,109.83381652832031
2025-10-15,248.63656616210938,387.3900146484375,77.71186065673828,187.87884521484375,302.767822265625,65.73284149169922,108.79633331298828,179.60093688964844,659.7044067382812,88.01998901367188,109.16868591308594
2025-10-16,246.7519073486328,396.45001220703125,77.43294525146484,188.81248474121094,295.6861572265625,66.23259735107422,109.10689544677734,181.57839965820312,655.2117309570312,88.68019104003906,108.21990203857422
2025-10-17,251.5782470703125,388.989990234375,77.63492584228516,189.8935546875,294.7155456542969,67.0655288696289,108.89337921142578,182.9866180419922,658.9308471679688,88.54425811767578,109.78490447998047
2025-10-20,261.50018310546875,403.1499938964844,77.7887954711914,190.3849334716797,299.4696350097656,67.0655288696289,109.22335052490234,182.4073486328125,665.7840576171875,88.88407135009766,110.2348403930664
2025-10-21,262.0286865234375,377.239990234375,77.67339324951172,188.57662963867188,294.25,69.7896957397461,109.24275970458984,180.9292449951172,665.7741088867188,89.32096099853516,110.24462890625
2025-10-22,257.72088623046875,377.2799987792969,77.59645080566406,189.61837768554688,291.29852294921875,69.38792419433594,109.34952545166016,180.05035400390625,662.3128051757812,89.37921142578125,112.20088195800781
2025-10-23,258.84765625,378.7900085449219,77.76956176757812,189.15647888183594,291.72442626953125,68.53541564941406,109.21366119384766,181.92796325683594,666.2402954101562,88.76757049560547,113.44310760498047
2025-10-24,262.07855224609375,377.5199890136719,77.98115539550781,187.12210083007812,297.5679931640625,68.31002044677734,109.39805603027344,186.02273559570312,671.6851806640625,88.80640411376953,112.86601257324219
2025-10-27,268.0516662597656,367.010009765625,78.17351531982422,187.02383422851562,301.2425231933594,68.65299224853516,109.58246612548828,191.24609375,679.6094970703125,89.10738372802734,113.40397644042969
2025-10-28,268.2411193847656,364.3800048828125,78.09656524658203,183.7118377685547,302.44097900390625,68.75099182128906,109.59217071533203,200.77392578125,681.4144897460938,89.34037780761719,112.51387786865234
2025-10-29,268.93914794921875,363.0,77.85611724853516,183.3875274658203,302.5895690917969,66.97733306884766,108.97101593017578,206.77627563476562,681.7418823242188,88.43746185302734,113.90281677246094
2025-10-30,270.63433837890625,370.1300048828125,77.71186065673828,185.79534912109375,306.4819641113281,67.59468841552734,108.38870239257812,202.63156127929688,674.2440185546875,87.92289733886719,112.18132019042969
2025-10-31,269.6072692871094,368.1199951171875,77.71186065673828,185.61843872070312,308.1459045410156,67.51628875732422,107.95197296142578,202.23207092285156,676.4556274414062,87.6607666015625,111.8585433959961
2025-11-03,268.29095458984375,368.7799987792969,77.47017669677734,183.05337524414062,306.3928527832031,66.60497283935547,107.66169738769531,206.61648559570312,677.7251586914062,87.4415283203125,111.27166748046875
2025-11-04,269.2781982421875,362.32000732421875,77.47985076904297,183.64305114746094,306.2937927246094,67.28112030029297,107.80780792236328,198.43690490722656,669.6917114257812,87.63639831542969,111.64334869384766
2025-11-05,269.3779296875,366.510009765625,77.55718994140625,182.7978515625,308.7005615234375,67.13412475585938,107.48637390136719,194.9613494873047,672.012451171875,86.68150329589844,111.19341278076172
2025-11-06,269.0089416503906,366.07000732421875,77.58618927001953,183.75115966796875,310.4239501953125,67.6730728149414,108.05131530761719,187.84043884277344,664.8021850585938,87.46102142333984,111.99547576904297
2025-11-07,267.7126159667969,368.30999755859375,77.65386199951172,183.3580322265625,311.20635986328125,69.13316345214844,107.8370361328125,187.91030883789062,665.4567260742188,87.27587890625,114.65599060058594
2025-11-10,268.93035888671875,378.3800048828125,77.91485595703125,185.16636657714844,313.86077880859375,69.10375213623047,107.89546966552734,198.7964630126953,675.8407592773438,87.25640106201172,115.63410949707031
2025-11-11,274.73956298828125,379.8699951171875,78.00186920166016,190.4930419921875,312.6029052734375,70.17186737060547,108.32405853271484,192.91395568847656,677.3878784179688,87.65589141845703,117.15998077392578
2025-11-12,272.9628601074219,385.989990234375,77.8471908569336,191.04339599609375,317.34710693359375,70.0738754272461,108.2169189453125,193.55313110351562,677.7647705078125,87.81179809570312,115.53629302978516
2025-11-13,272.44384765625,382.8699951171875,77.52819061279297,191.88861083984375,306.5216064453125,69.64270782470703,107.68118286132812,186.62197875976562,666.5180053710938,87.09073638916016,116.19163513183594
2025-11-14,271.9048156738281,375.9599914550781,77.54751586914062,192.55690002441406,300.70770263671875,69.73090362548828,107.38896942138672,189.92774963378906,666.4088745117188,86.59381103515625,117.70126342773438
2025-11-17,266.9639892578125,371.6499938964844,77.4218521118164,196.14407348632812,297.4986572265625,69.26054382324219,107.45714569091797,186.36231994628906,660.2002563476562,86.80817413330078,116.11270141601562
2025-11-18,266.9440612792969,374.3500061035156,77.4411849975586,196.55682373046875,296.5478515625,69.7896957397461,107.505859375,181.12899780273438,654.6561889648438,86.77894592285156,117.4447250366211
2025-11-19,268.06195068359375,374.9599914550781,77.47985076904297,199.0236053466797,300.3709411621094,69.6819076538086,107.51559448242188,186.28240966796875,657.185302734375,86.60356140136719,115.78709411621094
2025-11-20,265.7562561035156,374.8500061035156,77.43152618408203,199.57398986816406,295.5277099609375,69.77989959716797,107.66169738769531,180.40989685058594,647.1683349609375,86.94458770751953,115.46148681640625
2025-11-21,270.98651123046875,374.2699890136719,77.6925277709961,200.38967895507812,295.1711120605469,71.48495483398438,108.04157257080078,178.6521453857422,653.6148681640625,87.2076644897461,115.52069091796875
2025-11-24,275.4083251953125,380.20001220703125,77.90519714355469,202.50267028808594,295.1513366699219,71.1321792602539,108.47016906738281,182.31747436523438,663.2351684570312,87.7046127319336,114.42547607421875
2025-11-25,276.4563903808594,380.0799865722656,78.17586517333984,204.401611328125,300.103515625,71.15178680419922,108.77210998535156,177.593505859375,669.4734497070312,87.92871856689453,112.98491668701172
2025-11-26,277.0352783203125,383.1199951171875,78.2531967163086,205.28182983398438,304.6991882324219,71.41636657714844,109.14225769042969,180.03036499023438,674.09521484375,88.3184814453125,113.241455078125
2025-11-28,278.3328857421875,387.8800048828125,78.2918701171875,204.64886474609375,310.0871887207031,71.65154266357422,108.95719909667969,176.7745361328125,677.7747192382812,87.89949798583984,114.37614440917969
2025-12-01,282.57501220703125,389.75,78.15104675292969,203.08619689941406,305.96697998046875,71.00025177001953,108.37351989746094,179.69081115722656,674.6802978515625,86.80525970458984,115.0766830444336
2025-12-02,285.6592712402344,387.239990234375,78.29672241210938,203.1653289794922,304.9368896484375,69.73715209960938,108.44194793701172,181.22886657714844,675.9300537109375,86.84436798095703,113.84333038330078
2025-12-03,283.623046875,386.8800048828125,78.36470794677734,203.07630920410156,309.1462707519531,69.87529754638672,108.68637084960938,179.3612518310547,678.2706298828125,87.08882904052734,116.2311019897461
2025-12-04,280.179443359375,387.1300048828125,78.4229736328125,200.25759887695312,313.07830810546875,69.52005004882812,108.4908447265625,183.15660095214844,678.7665405273438,86.61946868896484,115.57989501953125
2025-12-05,278.26300048828125,386.44000244140625,78.4229736328125,199.713623046875,312.0284729003906,69.07598876953125,108.38330078125,182.1877899169922,680.0557861328125,86.21854400634766,114.98788452148438
2025-12-08,277.3746643066406,385.4200134277344,78.22874450683594,199.4070281982422,312.1968078613281,69.32269287109375,108.15843200683594,185.323974609375,678.0127563476562,85.93495178222656,114.43534851074219
2025-12-09,276.66595458984375,387.3999938964844,78.14134216308594,197.7652587890625,297.6373596191406,69.16480255126953,108.02156829833984,184.7446746826172,677.4276123046875,86.02295684814453,116.67510986328125
2025-12-10,278.26300048828125,389.04998779296875,78.40354919433594,204.2730255126953,307.1455383300781,69.28321838378906,108.52017974853516,183.55612182617188,681.92041015625,86.3554458618164,117.94792938232422
2025-12-11,277.514404296875,393.239990234375,78.39384460449219,207.70494079589844,314.3460693359375,68.19773864746094,108.36373138427734,180.70957946777344,683.5072631835938,86.23809814453125,117.94792938232422
2025-12-12,277.7639465332031,395.44000244140625,78.24815368652344,209.25772094726562,315.47515869140625,69.58912658691406,107.70870971679688,174.80679321289062,676.1581420898438,85.40689086914062,117.23751831054688
2025-12-15,273.6016540527344,395.79998779296875,78.28701782226562,211.81927490234375,316.9608459472656,70.03318786621094,107.8358154296875,176.07522583007812,675.1365356445312,85.46558380126953,116.19164276123047
2025-12-16,274.1007385253906,395.8900146484375,78.33557891845703,207.0027313232422,312.5335388183594,69.44110870361328,108.0802230834961,177.5034942626953,673.2918701171875,85.93495178222656,113.15265655517578
2025-12-17,271.33587646484375,399.2900085449219,78.23845672607422,208.02142333984375,311.9690246582031,69.73715209960938,107.96290588378906,170.73175048828125,665.8832397460938,85.85672760009766,115.84630584716797
2025-12-18,271.68524169921875,398.57000732421875,78.45211791992188,206.02359008789062,310.0079345703125,69.43123626708984,108.37351989746094,173.9278564453125,670.9114990234375,86.26742553710938,114.98788452148438
2025-12-19,273.1625061035156,399.0199890136719,78.4140625,204.1049041748047,314.17767333984375,69.13520050048828,108.09477233886719,180.76953125,676.9923095703125,85.94544982910156,115.1358871459961
2025-12-22,270.4674987792969,408.2300109863281,78.48236083984375,205.04446411132812,320.00146484375,69.28321838378906,108.07514953613281,183.4662322998047,681.2098388671875,85.75891876220703,116.5764389038086
2025-12-23,271.85491943359375,413.6400146484375,78.54090881347656,203.52137756347656,322.8143310546875,68.94771575927734,108.18311309814453,188.97952270507812,684.3233032226562,85.8963623046875,117.82952117919922
2025-12-24,273.3022155761719,411.92999267578125,78.68727111816406,205.49942016601562,326.02337646484375,69.18453979492188,108.60516357421875,188.38023376464844,686.7305297851562,86.4166488647461,117.63219451904297
2025-12-26,272.8929748535156,416.739990234375,78.64823913574219,205.35107421875,324.7754211425781,68.94771575927734,108.59535217285156,190.2978973388672,686.660888671875,86.13195037841797,117.5236587524414
2025-12-29,273.2523498535156,398.6000061035156,78.6775131225586,205.28182983398438,320.6551818847656,69.23387908935547,108.74256896972656,187.99070739746094,684.2138671875,86.45591735839844,118.92474365234375
2025-12-30,272.5735778808594,398.8900146484375,78.7555923461914,204.6389617919922,320.3283386230469,69.14507293701172,108.61497497558594,187.31153869628906,683.3782958984375,86.24976348876953,119.37861633300781
2025-12-31,271.3558349609375,396.30999755859375,78.6775131225586,204.67852783203125,319.1398010253906,68.9871826171875,108.1536636352539,186.27279663085938,678.3152465820312,85.56259155273438,118.73727416992188
2026-01-02,270.5074157714844,398.2799987792969,78.71654510498047,205.0741424560547,322.36865234375,68.20761108398438,108.12422180175781,188.6199493408203,679.55859375,85.43496704101562,121.01651000976562
2026-01-05,266.7643737792969,408.760009765625,78.92145538330078,202.0675048828125,330.8468322753906,67.04318237304688,108.4284896850586,187.89083862304688,684.0845947265625,85.85709381103516,123.69041442871094
2026-01-06,261.8734436035156,413.17999267578125,78.94098663330078,202.542236328125,332.90625,66.94450378417969,108.4284896850586,187.0119171142578,688.1529541015625,85.68038177490234,119.43782806396484
2026-01-07,259.8471984863281,409.2300109863281,78.92145538330078,205.2126007080078,325.3250732421875,66.6484603881836,108.50701141357422,188.87962341308594,685.9347534179688,86.18103790283203,116.91191101074219
2026-01-08,258.55963134765625,411.489990234375,78.98001098632812,203.49169921875,328.11083984375,68.45430755615234,108.2027359008789,184.8145751953125,685.8651123046875,85.74910736083984,121.2730484008789
2026-01-09,258.8890075683594,414.4700012207031,79.0385513305664,202.14663696289062,327.5138854980469,69.57926177978516,108.59535217285156,184.63479614257812,690.4010009765625,86.31846618652344,122.95040893554688
2026-01-12,259.76739501953125,422.2300109863281,79.07759094238281,207.4181365966797,322.8377990722656,69.56939697265625,108.4677505493164,184.71470642089844,691.4852294921875,86.063232421875,122.37812805175781
2026-01-13,260.5658874511719,421.6300048828125,79.07759094238281,211.30499267578125,309.3169860839844,70.29962921142578,108.70331573486328,185.58364868164062,690.1026000976562,86.21048736572266,124.85469818115234
2026-01-14,259.4779052734375,425.94000244140625,79.07759094238281,216.1511993408203,306.30242919921875,70.49699401855469,108.97813415527344,182.91690063476562,686.7105712890625,86.71115112304688,128.4659423828125
2026-01-15,257.73114013671875,423.3299865722656,79.07759094238281,217.16001892089844,307.68536376953125,69.5496597290039,108.84072875976562,186.82212829589844,688.5806884765625,86.69151306152344,127.41021728515625
2026-01-16,255.05613708496094,421.2900085449219,79.1263656616211,216.25999450683594,310.8789978027344,69.51019287109375,108.52664184570312,186.0031280517578,688.0037231445312,86.19086456298828,128.1600799560547
2026-01-20,246.2425079345703,437.2300109863281,78.92145538330078,215.81494140625,301.19854736328125,70.80289459228516,107.86902618408203,177.85308837890625,673.9981689453125,85.06194305419922,128.72250366210938
2026-01-21,247.1907501220703,443.6000061035156,79.15564727783203,215.6171417236328,300.50213623046875,71.05946350097656,108.51681518554688,183.09669494628906,681.77685546875,85.70983123779297,131.83055114746094
2026-01-22,247.8894500732422,451.7900085449219,79.2142105102539,216.0918731689453,302.0840148925781,70.92131042480469,108.72294616699219,184.6148223876953,685.3379516601562,86.08287811279297,131.8601531982422
2026-01-23,247.58001708984375,458.0,79.1751708984375,217.7237548828125,296.2041015625,71.91797637939453,108.79164123535156,187.44137573242188,685.5865478515625,86.31846618652344,133.1724395751953
2026-01-26,254.9363555908203,464.70001220703125,79.2142105102539,219.05894470214844,299.5072021484375,71.6021957397461,108.8799819946289,186.2428436279297,689.068115234375,86.73077392578125,133.04415893554688
2026-01-27,257.791015625,476.1000061035156,79.2044448852539,221.9765625,298.7809143066406,72.57913970947266,108.76220703125,188.29034423828125,691.8134765625,86.19086456298828,135.0076446533203
2026-01-28,255.96446228027344,494.55999755859375,79.07759094238281,225.22056579589844,299.2385559082031,72.09559631347656,108.60516357421875,191.28668212890625,691.7438354492188,85.99452209472656,135.74766540527344
2026-01-29,257.801025390625,495.8999938964844,79.06782531738281,224.79527282714844,304.8598327636719,72.4607162475586,108.63459777832031,192.27548217773438,690.3711547851562,86.01416015625,138.63864135742188
2026-01-30,258.9988098144531,444.95001220703125,79.15564727783203,224.75570678710938,304.33251953125,73.82249450683594,108.52664184570312,190.8971710205078,688.3121337890625,85.53313446044922,139.51678466796875
2026-02-02,269.5093078613281,427.1300048828125,79.20370483398438,228.21731567382812,306.5710754394531,74.33563995361328,108.4261474609375,185.38388061523438,691.73388671875,85.28875732421875,136.55673217773438
2026-02-03,268.98028564453125,454.2900085449219,79.1546859741211,230.54151916503906,313.24688720703125,75.87503814697266,108.47541809082031,180.12030029296875,685.885009765625,85.49569702148438,141.8157501220703
2026-02-04,275.97723388671875,453.9700012207031,79.0566177368164,231.89646911621094,315.654541015625,76.32896423339844,108.33747863769531,173.97781372070312,682.5626831054688,85.27890014648438,145.6243438720703
2026-02-05,275.3983459472656,441.8800048828125,78.9683609008789,235.18002319335938,308.5807800292969,77.47366333007812,108.859619140625,171.67062377929688,674.0379638671875,86.20520782470703,144.1344757080078
2026-02-06,277.6042175292969,455.4599914550781,79.24293518066406,237.3558807373047,320.7584533691406,77.9867935180664,108.91871643066406,185.18414306640625,686.96923828125,86.26433563232422,147.06491088867188
2026-02-09,274.3672180175781,467.0299987792969,79.35079193115234,236.02069091796875,320.4599914550781,76.9407958984375,108.91871643066406,189.80848693847656,690.2816162109375,86.2446060180664,149.19613647460938
2026-02-10,273.4280700683594,462.3999938964844,79.27234649658203,235.73390197753906,316.659423828125,75.79609680175781,109.17486572265625,188.31031799316406,688.4613037109375,87.2398910522461,149.57107543945312
2026-02-11,275.24639892578125,467.6300048828125,79.26254272460938,238.21633911132812,309.2374267578125,77.56246948242188,109.05664825439453,189.81849670410156,688.3021850585938,86.77674865722656,153.4882049560547
2026-02-12,261.4891052246094,451.3900146484375,79.22331237792969,241.86582946777344,301.09906005859375,77.95719146728516,109.56893920898438,186.7122802734375,677.668701171875,87.9297103881836,148.91920471191406
2026-02-13,255.5445556640625,462.6199951171875,79.28214263916016,240.7779083251953,301.0094909667969,77.64141845703125,109.93343353271484,182.58729553222656,678.1461181640625,88.41255187988281,147.44918823242188
2026-02-17,263.6371154785156,448.20001220703125,79.24293518066406,240.6592254638672,305.5661926269531,78.50979614257812,110.04180908203125,184.7446746826172,679.2402954101562,88.56037902832031,145.20443725585938
2026-02-18,264.106689453125,458.2799987792969,79.34098815917969,242.30101013183594,307.2077941894531,78.44071960449219,109.93343353271484,187.75099182128906,682.662109375,88.22532653808594,149.66415405273438
2026-02-19,260.3401184082031,459.55999755859375,79.37040710449219,244.19993591308594,306.48150634765625,77.8683853149414,110.02210235595703,187.6710968017578,680.8616943359375,88.31401824951172,149.95220947265625
2026-02-20,264.3364562988281,468.6199951171875,79.42923736572266,239.8284454345703,309.20758056640625,78.78610229492188,109.93343353271484,189.58877563476562,685.7855834960938,88.1070785522461,146.28707885742188
2026-02-23,265.9349670410156,481.2799987792969,79.30177307128906,243.1416778564453,296.1543884277344,79.49659729003906,110.05165100097656,191.316650390625,678.7827758789062,88.4322738647461,149.74362182617188
2026-02-24,271.8895263671875,474.6099853515625,79.24293518066406,244.87173461914062,295.7862243652344,79.65448760986328,110.02210235595703,192.61508178710938,683.7164916992188,88.58993530273438,148.25372314453125
2026-02-25,273.97760009765625,473.4200134277344,79.35079193115234,243.76808166503906,301.75567626953125,79.40779113769531,109.99254608154297,195.32176208496094,689.4859008789062,88.59979248046875,148.05508422851562
2026-02-26,272.6987609863281,477.4800109863281,79.28214263916016,242.0778045654297,304.5712890625,79.43739318847656,110.06151580810547,184.66476440429688,685.6561889648438,88.95453643798828,147.53857421875
2026-02-27,263.93682861328125,483.75,79.1546859741211,247.00942993164062,298.7709655761719,80.4833984375,110.02210235595703,176.97415161132812,682.3637084960938,89.49652862548828,151.47189331054688
2026-03-02,264.476318359375,490.0,79.10934448242188,247.13868713378906,296.044921875,79.16109466552734,109.6494140625,182.25770568847656,682.7516479492188,88.59779357910156,153.1802978515625
2026-03-03,263.5072326660156,468.1400146484375,78.9516830444336,245.3390350341797,298.7311706542969,78.2927017211914,109.59999084472656,179.83065795898438,676.7337036132812,88.41983032226562,150.80641174316406
2026-03-04,262.2783508300781,471.79998779296875,79.22759246826172,243.8973388671875,297.8656311035156,77.0690689086914,109.69884490966797,182.8170166015625,681.50830078125,88.14299011230469,148.80996704101562
2026-03-05,260.0504150390625,466.1300048828125,78.91226196289062,238.259765625,292.0553283691406,76.01319885253906,109.26388549804688,183.11663818359375,677.7084350585938,87.78706359863281,149.74362182617188
2026-03-06,257.2229919433594,473.510009765625,78.52794647216797,239.0253448486328,288.0060729980469,76.02306365966797,108.89812469482422,177.6033935546875,668.8256225585938,87.46078491210938,150.1905975341797
2026-03-09,259.6407775878906,472.5299987792969,79.00094604492188,241.20281982421875,288.44384765625,76.77304077148438,109.5505599975586,182.427490234375,674.6845092773438,88.22209930419922,149.42578125
2026-03-10,260.58990478515625,477.8599853515625,78.87284851074219,242.31643676757812,287.2598876953125,76.85197448730469,108.79927062988281,184.54490661621094,673.6002807617188,87.28282165527344,147.13136291503906
2026-03-11,260.5699157714844,476.239990234375,78.69548034667969,241.6005401611328,286.0560302734375,76.60527038574219,107.90958404541016,185.8134307861328,672.7548217773438,86.15569305419922,150.55809020996094
2026-03-12,255.52456665039062,466.8800048828125,78.19290161132812,240.6559600830078,281.44964599609375,76.58554077148438,107.32633972167969,182.9268035888672,662.5390625,85.98761749267578,152.4949493408203
2026-03-13,249.8897705078125,460.8399963378906,78.04508972167969,240.13894653320312,281.996826171875,76.8438720703125,106.93091583251953,180.0401611328125,658.7890014648438,85.5624771118164,155.06747436523438
2026-03-16,252.58729553222656,460.42999267578125,78.29144287109375,241.7993927001953,284.7029724121094,77.32079315185547,107.44496154785156,183.0067138671875,665.493408203125,86.22490692138672,156.1699981689453
2026-03-17,253.99598693847656,459.2699890136719,78.64620208740234,236.74844360351562,285.42926025390625,77.08233642578125,108.0479736328125,181.71820068359375,667.2440185546875,86.46219635009766,157.73934936523438
2026-03-18,249.70994567871094,444.739990234375,78.24217987060547,235.92318725585938,286.27490234375,75.48265838623047,107.46472930908203,180.1899871826172,657.9335327148438,85.97772216796875,156.52757263183594
2026-03-19,248.73085021972656,426.4100036621094,78.4983901977539,236.24136352539062,286.5037536621094,75.06536102294922,107.93923950195312,178.3521270751953,656.3121337890625,86.50174713134766,157.09373474121094
2026-03-20,247.76173400878906,413.3800048828125,77.76917266845703,234.02410888671875,285.1009216308594,74.2704849243164,106.61457824707031,172.4989471435547,646.9034423828125,84.8604965209961,158.5935516357422
2026-03-23,251.25851440429688,404.0400085449219,78.2815933227539,234.07382202148438,288.4338684082031,74.62818145751953,107.31645202636719,175.43553161621094,653.6959228515625,85.41416931152344,160.04371643066406
2026-03-24,251.4083709716797,404.1300048828125,78.01553344726562,233.9246826171875,290.91119384765625,74.19100189208984,107.09896087646484,174.99603271484375,651.5015869140625,85.03845977783203,164.2650604248047
2026-03-25,252.38746643066406,416.2900085449219,78.26188659667969,238.5580291748047,293.91583251953125,74.76728057861328,107.48451232910156,178.47198486328125,655.1322021484375,85.85908508300781,162.1593475341797
2026-03-26,252.6572265625,400.6400146484375,77.76917266845703,237.8719940185547,290.1749572753906,74.21087646484375,106.64424133300781,171.04066467285156,643.432373046875,85.1373291015625,164.31471252441406
2026-03-27,248.57098388671875,414.70001220703125,77.57209777832031,239.07505798339844,281.3998718261719,75.22432708740234,106.38722229003906,167.32498168945312,632.4606323242188,84.67263793945312,169.8372344970703
2026-03-30,246.40298461914062,414.5799865722656,77.66078186035156,241.10340881347656,282.32513427734375,75.78073120117188,107.0693130493164,164.97772216796875,630.3460693359375,85.79976654052734,170.31399536132812
2026-03-31,253.55638122558594,430.2900085449219,78.39984130859375,243.04225158691406,292.6622314453125,75.56214904785156,107.74152374267578,174.1969757080078,648.6688842773438,85.71078491210938,168.51620483398438
2026-04-01,255.3946990966797,437.82000732421875,78.5919418334961,242.7240753173828,293.87603759765625,75.59195709228516,107.85667419433594,175.54541015625,653.5562744140625,85.62640380859375,159.69607543945312
2026-04-02,255.68443298339844,429.4100036621094,78.78007507324219,241.65025329589844,293.1000061035156,76.22785186767578,108.31327056884766,177.18348693847656,654.144775390625,86.15251159667969,159.60667419433594
2026-04-06,258.6217041015625,427.6499938964844,78.91870880126953,239.5920867919922,295.45001220703125,76.72463989257812,108.14451599121094,177.43319702148438,657.23681640625,86.01354217529297,162.2686004638672
2026-04-07,253.26666259765625,431.80999755859375,78.93851470947266,237.04673767089844,297.3999938964844,75.42304992675781,108.26363372802734,177.89266967773438,657.5260009765625,86.00361633300781,162.8049774169922
2026-04-08,258.66168212890625,434.5299987792969,79.4039077758789,239.9202117919922,307.9700012207031,76.79419708251953,108.68052673339844,181.8680419921875,674.27294921875,86.28155517578125,155.16680908203125
2026-04-09,260.2502136230469,437.9100036621094,79.4930191040039,239.93014526367188,310.3299865722656,77.67848205566406,108.68052673339844,183.69590759277344,678.162841796875,86.06317138671875,153.99476623535156
2026-04-10,260.240234375,437.1300048828125,79.17616271972656,237.09645080566406,309.8699951171875,76.97303771972656,108.39266967773438,188.41041564941406,677.7140502929688,85.8547134399414,151.4818115234375
2026-04-13,258.96142578125,435.3599853515625,79.47322082519531,236.59930419921875,313.67999267578125,75.91984558105469,108.8095703125,189.08961486816406,684.3369750976562,86.11280822753906,151.61094665527344
2026-04-14,258.59173583984375,445.0899963378906,79.71086883544922,238.72706604003906,311.1199951171875,75.4131088256836,109.16690826416016,196.28123474121094,692.675537109375,86.56942749023438,148.23387145996094
2026-04-15,266.18475341796875,440.4599914550781,79.67125701904297,237.30523681640625,305.92999267578125,74.82688903808594,109.12720489501953,198.63848876953125,698.1414184570312,86.19222259521484,148.0054168701172
2026-04-16,263.15753173828125,440.0799865722656,79.56233215332031,233.1988525390625,309.95001220703125,74.6977310180664,108.6209716796875,198.1190948486328,699.8569946289062,85.64625549316406,150.9553985595703
2026-04-17,269.98126220703125,445.92999267578125,79.8593978881836,232.84091186523438,310.2900085449219,75.25413513183594,109.2264633178711,201.44520568847656,708.3152465820312,86.43045043945312,145.45274353027344
2026-04-20,272.79864501953125,442.0899963378906,79.79008483886719,229.37088012695312,316.989990234375,74.99580383300781,109.2165298461914,201.82476806640625,706.8988037109375,86.41060638427734,146.6843719482422
2026-04-21,265.9250183105469,429.57000732421875,79.58214569091797,224.8667755126953,313.0,74.2208023071289,108.79963684082031,199.64732360839844,702.2708129882812,85.93412017822266,147.35980224609375
2026-04-22,272.9185791015625,435.260009765625,79.71086883544922,224.80712890625,313.0199890136719,74.15125274658203,109.00808715820312,202.26426696777344,709.3825073242188,86.10287475585938,148.4921112060547
2026-04-23,273.1783142089844,431.0400085449219,79.58214569091797,229.3311004638672,311.69000244140625,75.7906723022461,108.7103042602539,199.4075927734375,706.6295776367188,85.91427612304688,149.51516723632812
2026-04-24,270.81048583984375,433.25,79.69107055664062,226.19911193847656,308.2799987792969,76.138427734375,108.78971099853516,208.0275421142578,712.10546875,86.0730972290039,147.90609741210938
2026-04-27,267.3636474609375,429.8900146484375,79.72077178955078,224.0514678955078,311.6300048828125,74.95606231689453,108.48200988769531,216.3578338623047,713.332275390625,85.64625549316406,147.19094848632812
2026-04-28,270.4608154296875,421.9100036621094,79.61184692382812,226.48745727539062,311.45001220703125,77.8473892211914,108.5316390991211,212.92184448242188,709.8612060546875,85.73560333251953,149.5449676513672
2026-04-29,269.92132568359375,417.4100036621094,79.34449005126953,226.0499725341797,309.25,78.36405944824219,107.92615509033203,209.00640869140625,709.7515258789062,85.07051849365234,153.62725830078125
2026-04-30,271.1002502441406,423.6600036621094,79.592041015625,228.5356903076172,313.2300109863281,78.25476837158203,108.04525756835938,199.33767700195312,716.8132934570312,84.99110412597656,153.28955078125
2026-05-01,279.88214111328125,423.17999267578125,79.69058227539062,225.89088439941406,312.4700012207031,78.07592010498047,108.21965026855469,198.21897888183594,718.7982177734375,85.29498291015625,151.72019958496094
2026-05-04,276.5751647949219,414.7099914550781,79.4317855834961,222.91798400878906,307.6499938964844,77.68842315673828,107.8708724975586,198.24893188476562,716.1649780273438,84.64736938476562,152.65386962890625
2026-05-05,283.9184265136719,418.2699890136719,79.55123138427734,224.26026916503906,309.3999938964844,77.9765625,108.26947784423828,196.271240234375,721.9102172851562,85.11564636230469,153.83584594726562
2026-05-06,287.245361328125,430.9599914550781,79.79012298583984,223.33558654785156,314.8999938964844,78.72174835205078,108.80758666992188,207.5880584716797,731.9443359375,85.76325225830078,147.6875762939453
2026-05-07,287.1754150390625,431.67999267578125,79.49150848388672,221.23764038085938,306.2699890136719,77.9268798828125,108.3591537475586,211.2537841796875,729.7001342773438,85.3348388671875,145.591796875
2026-05-08,293.0500183105469,433.7699890136719,79.77021789550781,220.05445861816406,302.1000061035156,77.91693878173828,108.81754302978516,214.94947814941406,735.724609375,85.76325225830078,143.59535217285156
2026-05-11,292.67999267578125,434.6499938964844,79.61095428466797,220.163818359375,300.0,78.15541076660156,108.54849243164062,219.18453979492188,737.4002685546875,85.24516296386719,148.6708984375
2026-05-12,294.79998779296875,432.92999267578125,79.50146484375,222.97763061523438,304.8800048828125,79.51661682128906,108.1797866821289,220.52297973632812,736.2831420898438,84.67726135253906,149.614501953125
2026-05-13,298.8699951171875,430.5,79.5412826538086,229.1024169921875,300.25,79.7451400756836,108.23957824707031,225.56710815429688,740.4025268554688,84.48796844482422,150.5481719970703
2026-05-14,298.2099914550781,427.2099914550781,79.48155212402344,229.48025512695312,299.9100036621094,79.93392181396484,108.16983032226562,235.465576171875,746.2474975585938,84.6075210571289,151.75
2026-05-15,300.2300109863281,417.2900085449219,79.09335327148438,225.41363525390625,297.80999755859375,80.30155181884766,107.48223876953125,225.05770874023438,737.2706298828125,83.35215759277344,157.9199981689453
2026-05-18,297.8399963378906,418.42999267578125,79.17298126220703,227.61099243164062,300.7300109863281,80.67910766601562,107.28294372558594,222.0612030029297,736.751953125,83.25252532958984,160.49000549316406
2026-05-19,298.9700012207031,411.5,78.98385620117188,228.684814453125,295.70001220703125,81.39449310302734,106.74483489990234,220.35317993164062,731.8446044921875,82.71450805664062,162.5500030517578
2026-05-20,302.25,417.3999938964844,79.49150848388672,228.0087127685547,301.9800109863281,81.02687072753906,107.5719223022461,223.20985412597656,739.3452758789062,83.60124206542969,156.27999877929688
2026-05-21,304.989990234375,416.989990234375,79.53132629394531,230.40492248535156,303.0,80.64929962158203,107.79115295410156,219.25445556640625,740.8114624023438,83.91009521484375,155.2899932861328
2026-05-22,308.82000732421875,413.82000732421875,79.5412826538086,233.0,306.3800048828125,80.95732116699219,107.9904556274414,215.07933044433594,743.7239990234375,84.36840057373047,154.9199981689453
2026-05-26,308.3299865722656,414.0,79.81002807617188,230.17999267578125,306.739990234375,79.94385528564453,108.39901733398438,214.60987854003906,748.6613159179688,84.78685760498047,149.80999755859375
2026-05-27,310.8500061035156,408.489990234375,79.76026153564453,231.2899932861328,299.2799987792969,81.09642028808594,108.54849243164062,212.35250854492188,748.5316162109375,84.98612213134766,147.89999389648438
2026-05-28,312.510009765625,412.7699890136719,79.85980224609375,230.8000030517578,296.7300109863281,79.89418029785156,108.8773422241211,214.00057983398438,752.6609497070312,85.42449951171875,146.9600067138672
2026-05-29,312.05999755859375,417.1199951171875,79.9394302368164,225.3300018310547,299.30999755859375,78.50315856933594,108.97698974609375,210.8942108154297,754.5361328125,85.4444351196289,145.25999450683594
2026-06-01,306.30999755859375,411.260009765625,79.47159576416016,223.50999450683594,296.5799865722656,78.13553619384766,108.54849243164062,224.09881591796875,756.5908203125,85.1554946899414,149.3800048828125
2026-06-02,315.20001220703125,411.95001220703125,79.53132629394531,222.88999938964844,300.9599914550781,77.90701293945312,108.53852844238281,222.56060791015625,757.6182250976562,85.3348388671875,149.55999755859375
2026-06-03,310.260009765625,407.8699951171875,79.31233978271484,223.24000549316406,300.8500061035156,78.25476837158203,108.23957824707031,214.5,752.3018798828125,84.99608612060547,152.52999877929688
2026-06-04,311.2300109863281,411.2699890136719,79.4616470336914,228.1699981689453,310.8900146484375,76.32720947265625,108.4687728881836,218.66000366210938,755.1445922851562,85.18538665771484,152.0399932861328
2026-06-05,307.3399963378906,396.239990234375,79.06349182128906,232.77000427246094,312.3699951171875,78.97014617919922,107.79115295410156,205.10000610351562,735.65478515625,84.74700164794922,149.9199981689453
2026-06-08,301.5400085449219,397.2699890136719,79.17298126220703,232.16000366210938,311.1099853515625,79.0297622680664,107.6815414428711,208.63999938964844,737.3204345703125,84.30862426757812,151.75
2026-06-09,290.54998779296875,390.7799987792969,79.25261688232422,237.0,312.70001220703125,80.81820678710938,108.03031921386719,208.19000244140625,735.1560668945312,84.8067855834961,148.91000366210938
2026-06-10,291.5799865722656,374.5799865722656,79.10330963134766,238.49000549316406,309.1400146484375,83.05377197265625,107.78119659423828,200.4199981689453,723.56591796875,84.56766510009766,150.6199951171875
2026-06-11,295.6300048828125,386.32000732421875,79.5711441040039,238.3300018310547,313.489990234375,82.00057983398438,108.69796752929688,204.8699951171875,735.8642578125,85.66361999511719,146.60000610351562
2026-06-12,291.1300048828125,386.5400085449219,79.5711441040039,240.8699951171875,320.7200012207031,82.09000396728516,108.62821197509766,205.19000244140625,739.843994140625,85.45439147949219,147.00999450683594
2026-06-15,296.4200134277344,396.54998779296875,79.6706771850586,235.66000366210938,319.3999938964844,80.91000366210938,108.60828399658203,212.4499969482422,752.890380859375,85.40457916259766,140.9199981689453
2026-06-16,299.239990234375,397.6300048828125,79.66072082519531,235.17999267578125,331.1400146484375,80.27999877929688,108.73783111572266,207.41000366210938,748.4019775390625,85.87284851074219,141.86000061035156
2026-06-17,295.95001220703125,388.6000061035156,79.36211395263672,234.1999969482422,333.4599914550781,79.93000030517578,108.38905334472656,204.64999389648438,739.0560302734375,86.01233673095703,140.74000549316406
2026-06-18,298.010009765625,387.1199951171875,79.64081573486328,228.38999938964844,325.2200012207031,79.38999938964844,108.68800354003906,210.69000244140625,746.739990234375,86.4307861328125,137.80999755859375
2026-06-22,297.010009765625,384.5899963378906,79.5711441040039,231.2899932861328,331.4800109863281,79.52999877929688,108.39901733398438,208.64999389648438,744.3900146484375,85.77320861816406,138.47000122070312
2026-06-23,294.29998779296875,377.32000732421875,79.50146484375,239.0800018310547,334.1400146484375,80.30999755859375,108.528564453125,200.0399932861328,733.5800170898438,85.88280487060547,139.72999572753906
2026-06-24,293.0799865722656,365.9200134277344,79.48155212402344,241.0,333.45001220703125,80.5999984741211,109.02681732177734,199.0,733.239990234375,87.05846405029297,136.89999389648438
2026-06-25,275.1499938964844,369.4599914550781,79.51141357421875,244.8800048828125,335.1199951171875,80.41999816894531,109.11650085449219,195.74000549316406,734.2999877929688,87.02857971191406,137.5500030517578
2026-06-26,283.7799987792969,373.6300048828125,79.4616470336914,254.66000366210938,329.04998779296875,82.62999725341797,109.11650085449219,192.52999877929688,728.989990234375,87.03854370117188,136.5399932861328
2026-06-29,281.739990234375,368.5799865722656,79.64081573486328,258.510009765625,329.3900146484375,82.6500015258789,109.3157958984375,194.97000122070312,741.0,87.12820434570312,136.05999755859375
2026-06-30,289.3599853515625,368.3800048828125,79.60099792480469,253.97000122070312,327.3299865722656,81.2699966430664,108.68800354003906,200.08999633789062,746.77001953125,86.10199737548828,136.72000122070312
