Date,NOVO-B.CO,COLO-B.CO,GN.CO,ORSTED.CO,VWS.CO,MAERSK-B.CO,DSV.CO,DANSKE.CO,CARL-B.CO,PNDORA.CO
2021-07-01,237.83457946777344,908.6156005859375,553.601806640625,893.7566528320312,251.0122833251953,9759.4599609375,1447.29296875,81.87985229492188,1014.3751831054688,741.91162109375
2021-07-02,238.5090789794922,899.9205932617188,558.3776245117188,896.5,242.71107482910156,9775.587890625,1456.5579833984375,81.40801239013672,1012.6532592773438,741.221435546875
2021-07-05,237.4298553466797,894.2688598632812,559.173583984375,897.4798583984375,242.4146270751953,9896.5400390625,1464.3599853515625,82.85978698730469,1012.6532592773438,741.5664672851562
2021-07-06,239.76820373535156,899.0511474609375,567.1333618164062,913.352294921875,248.24520874023438,9842.783203125,1481.42724609375,80.31918334960938,1013.9448852539062,736.907958984375
2021-07-07,243.4105682373047,911.65869140625,583.2518920898438,939.806396484375,250.02403259277344,9904.603515625,1480.4521484375,80.75472259521484,1019.1112670898438,745.8798828125
2021-07-08,243.8152618408203,922.9620971679688,579.6699829101562,920.6026000976562,243.60049438476562,9716.45703125,1462.8970947265625,81.66207122802734,1002.3198852539062,729.833984375
2021-07-09,244.89447021484375,912.5281982421875,548.6268920898438,907.865478515625,238.85694885253906,9700.3291015625,1481.9150390625,82.46054077148438,997.5836791992188,740.013671875
2021-07-12,245.07437133789062,932.0916137695312,565.3424072265625,931.7721557617188,245.97225952148438,9740.646484375,1502.3955078125,82.38795471191406,1010.9309692382812,744.8446044921875
2021-07-13,245.4341278076172,941.22119140625,570.5162963867188,928.4408569335938,244.8852081298828,9549.8115234375,1505.808837890625,82.31536102294922,1018.2501220703125,749.158203125
2021-07-14,245.79380798339844,933.8307495117188,572.1082153320312,921.974365234375,241.9204864501953,9582.0654296875,1517.511962890625,81.87985229492188,1008.7781372070312,752.7813720703125
2021-07-15,247.5026397705078,932.9610595703125,560.7655029296875,893.1687622070312,226.40518188476562,9267.5908203125,1520.925537109375,81.55319213867188,1002.3198852539062,741.91162109375
2021-07-16,249.93087768554688,951.6549682617188,563.3524780273438,901.2029418945312,224.32986450195312,9321.3466796875,1489.7169189453125,80.53694915771484,1003.1810302734375,724.65771484375
2021-07-19,250.11074829101562,955.1331176757812,559.7705688476562,889.8375244140625,225.71337890625,9184.26953125,1457.0455322265625,77.9600601196289,977.7786865234375,704.1258544921875
2021-07-20,248.6717529296875,957.3067626953125,553.2037353515625,895.1282958984375,223.9345703125,9168.142578125,1471.18701171875,78.50447082519531,985.0978393554688,711.5449829101562
2021-07-21,251.8195037841797,958.6110229492188,562.9544677734375,930.5963745117188,234.0146026611328,9272.966796875,1478.9891357421875,81.08136749267578,994.5700073242188,723.9676513671875
2021-07-22,252.0443878173828,970.783935546875,574.6951293945312,942.1578369140625,243.5016632080078,9248.7763671875,1486.3037109375,81.95242309570312,996.2921142578125,727.245849609375
2021-07-23,256.7210388183594,974.6965942382812,578.6749877929688,925.3056640625,231.24754333496094,9342.8486328125,1496.5438232421875,78.43189239501953,1006.6253662109375,722.9324340820312
2021-07-26,252.26927185058594,973.3922729492188,571.51123046875,923.3461303710938,231.0498809814453,9396.60546875,1484.8406982421875,81.66207122802734,1003.1810302734375,727.5909423828125
2021-07-27,252.80882263183594,967.305908203125,569.7202758789062,913.352294921875,225.21926879882812,9415.4208984375,1479.476806640625,80.13770294189453,1007.0558471679688,704.29833984375
2021-07-28,258.4747619628906,992.9557495117188,562.1585083007812,937.65087890625,229.0734100341797,9186.95703125,1479.96435546875,79.91993713378906,1013.5142822265625,709.302001953125
2021-07-29,257.17071533203125,995.1294555664062,548.6268920898438,924.9136962890625,227.39341735839844,9192.3310546875,1464.84765625,80.64582824707031,1014.3751831054688,705.3335571289062
2021-07-30,260.8130798339844,997.3032836914062,546.8359375,912.5684814453125,228.48046875,9361.6640625,1490.20458984375,79.84735870361328,998.4449462890625,700.5025024414062
2021-08-02,261.2177734375,1000.346435546875,550.0198364257812,919.427001953125,233.22401428222656,9530.9970703125,1468.7489013671875,80.79102325439453,988.11181640625,710.6822509765625
2021-08-03,262.2070617675781,1018.6058959960938,563.7504272460938,915.899658203125,236.18870544433594,9340.162109375,1460.94677734375,79.59329986572266,969.1676025390625,711.3724365234375
2021-08-04,274.7530822753906,1015.5624389648438,565.5414428710938,943.7255249023438,242.513427734375,9412.732421875,1467.7735595703125,80.10142517089844,972.1813354492188,703.090576171875
2021-08-05,289.00787353515625,1028.170166015625,560.9645385742188,926.873291015625,242.8098907470703,9307.908203125,1465.33544921875,80.06513214111328,969.5980834960938,708.61181640625
2021-08-06,281.90301513671875,995.5642700195312,556.1886596679688,932.751953125,245.7746124267578,9334.78515625,1449.2435302734375,80.86360168457031,960.1260986328125,676.3472290039062
2021-08-09,286.35479736328125,1003.3897094726562,553.2037353515625,948.0365600585938,247.25697326660156,9466.4892578125,1445.342529296875,81.5894775390625,955.3899536132812,703.7807006835938
2021-08-10,284.64599609375,995.9990844726562,548.0299072265625,963.5171508789062,244.29225158691406,9627.7587890625,1451.6817626953125,81.44430541992188,951.5149536132812,704.9885864257812
2021-08-11,286.2198181152344,986.869384765625,546.43798828125,958.6181640625,239.15342712402344,9947.607421875,1456.5579833984375,81.8072509765625,942.04296875,696.0165405273438
2021-08-12,289.45751953125,986.869384765625,526.1405639648438,918.0552368164062,230.25927734375,10240.580078125,1483.3778076171875,82.38795471191406,935.5846557617188,685.3192749023438
2021-08-13,291.03143310546875,985.5653076171875,521.3646850585938,947.6446533203125,238.7581329345703,10006.7392578125,1493.1304931640625,82.78719329833984,944.6260986328125,700.5025024414062
2021-08-16,293.3824768066406,986.4346313476562,516.1908569335938,939.4144897460938,238.26402282714844,9942.232421875,1517.511962890625,82.09761047363281,953.667724609375,701.71044921875
2021-08-17,299.3052673339844,989.4776611328125,530.3194580078125,952.3475952148438,235.00283813476562,10071.2470703125,1558.47314453125,80.28288269042969,953.2371826171875,724.65771484375
2021-08-18,302.6510009765625,962.9583740234375,537.2842407226562,974.882568359375,241.5251922607422,10106.189453125,1560.9114990234375,79.8110580444336,974.7646484375,699.6398315429688
2021-08-19,303.05792236328125,977.304931640625,471.1186828613281,995.9478149414062,245.67581176757812,9883.1015625,1540.4307861328125,78.43189239501953,942.04296875,677.900146484375
2021-08-20,307.71478271484375,968.610107421875,465.94482421875,1025.831298828125,249.13462829589844,9592.8154296875,1538.480224609375,78.61334991455078,932.57080078125,688.0798950195312
2021-08-23,304.91162109375,974.6965942382812,475.5960388183594,1025.831298828125,252.5934600830078,9668.0751953125,1551.15869140625,79.5570068359375,945.0567626953125,690.1503295898438
2021-08-24,297.9037170410156,955.56787109375,462.6614074707031,1026.8109130859375,256.8428649902344,9474.552734375,1541.4061279296875,79.4481201171875,947.6400146484375,665.9949951171875
2021-08-25,295.59783935546875,954.2636108398438,464.7508544921875,1007.21533203125,253.48287963867188,9455.73828125,1545.794677734375,79.99253845214844,936.8762817382812,659.093505859375
2021-08-26,297.31591796875,956.0025634765625,464.6513671875,985.66015625,255.36050415039062,9651.94921875,1527.7523193359375,79.62959289550781,935.5846557617188,656.677978515625
2021-08-27,291.6192321777344,952.5247192382812,473.0091247558594,973.706787109375,251.8028564453125,9705.705078125,1549.69580078125,79.52072143554688,945.0567626953125,661.0198974609375
2021-08-30,291.25750732421875,954.6983032226562,477.4864807128906,981.2510986328125,252.00050354003906,9842.783203125,1572.1268310546875,79.70218658447266,949.7927856445312,658.5884399414062
2021-08-31,283.7974853515625,948.6119384765625,471.51666259765625,980.7612915039062,251.30874633789062,9606.255859375,1565.300048828125,76.8349380493164,946.7789916992188,654.7674560546875
2021-09-01,285.56072998046875,958.1760864257812,477.58599853515625,975.8623046875,253.58169555664062,9625.0712890625,1566.762939453125,77.16159057617188,955.820556640625,688.8084716796875
2021-09-02,287.0527648925781,963.3932495117188,484.9487609863281,975.0785522460938,262.475830078125,9810.529296875,1606.748779296875,78.5770492553711,947.6400146484375,674.0458984375
2021-09-03,284.656494140625,959.915283203125,484.55078125,969.0038452148438,262.37701416015625,10006.7392578125,1605.285888671875,77.5608139038086,937.306884765625,673.5247802734375
2021-09-06,288.002197265625,971.2186279296875,491.21710205078125,961.5575561523438,260.7958068847656,10331.9658203125,1618.9395751953125,78.0689468383789,943.7650756835938,681.861328125
2021-09-07,288.0926208496094,966.4364624023438,493.5055236816406,958.0303344726562,261.2899475097656,10482.4853515625,1624.7911376953125,77.74229431152344,935.1541137695312,698.7081298828125
2021-09-08,287.2336120605469,977.73974609375,496.9879150390625,934.907470703125,249.5299072265625,10232.517578125,1594.5579833984375,77.0889892578125,931.709716796875,675.956298828125
2021-09-09,284.83740234375,972.088134765625,488.92864990234375,924.3258666992188,249.43109130859375,10493.2353515625,1594.5579833984375,77.59711456298828,930.4180908203125,686.0296630859375
2021-09-10,283.70703125,959.0459594726562,477.58599853515625,911.0007934570312,247.059326171875,10407.224609375,1590.656982421875,76.50830078125,911.473876953125,694.7135620117188
2021-09-13,284.70172119140625,950.78564453125,467.8352966308594,927.4611206054688,257.7322998046875,10278.208984375,1585.780517578125,77.6697006225586,909.7516479492188,695.2345581054688
2021-09-14,285.4703063964844,958.1760864257812,476.0935363769531,924.9136962890625,256.7440490722656,10458.29296875,1599.9219970703125,76.29051971435547,877.8909301757812,742.4750366210938
2021-09-15,287.73089599609375,950.78564453125,472.71063232421875,870.6337890625,249.43109130859375,10705.572265625,1600.897216796875,74.7298583984375,862.82177734375,727.538818359375
2021-09-16,291.9356994628906,948.17724609375,477.9839782714844,877.29638671875,251.9016876220703,10667.9423828125,1636.9820556640625,75.85498809814453,868.8494262695312,735.8753662109375
2021-09-17,290.8958435058594,935.134765625,482.56085205078125,859.2683715820312,244.78636169433594,10530.865234375,1626.74169921875,76.21793365478516,868.4190063476562,728.2334594726562
2021-09-20,286.8266906738281,925.5704956054688,472.5116271972656,864.755126953125,244.39109802246094,10022.8671875,1576.515625,73.45956420898438,861.0995483398438,703.0501098632812
2021-09-21,293.3372802734375,939.047607421875,482.162841796875,879.2559204101562,248.54168701171875,10208.3271484375,1625.2786865234375,73.85881042480469,887.363037109375,709.1288452148438
2021-09-22,290.5340270996094,933.3959350585938,478.3819580078125,892.3849487304688,253.384033203125,10377.6591796875,1615.0386962890625,75.4194564819336,895.1129760742188,720.7652587890625
2021-09-23,292.3878479003906,946.438232421875,480.869384765625,898.4595947265625,263.365234375,10616.875,1637.4696044921875,76.87123107910156,899.84912109375,739.0015869140625
2021-09-24,290.2176513671875,934.265380859375,471.8151550292969,886.1143798828125,257.33697509765625,10401.849609375,1591.14453125,77.41564178466797,897.6962280273438,721.1126708984375
2021-09-27,285.651123046875,912.5281982421875,462.76092529296875,872.0055541992188,258.6217041015625,10108.8759765625,1532.628662109375,79.95623779296875,899.84912109375,701.66064453125
2021-09-28,274.1220397949219,886.8782348632812,443.95599365234375,858.4844970703125,254.96522521972656,9931.4814453125,1474.11279296875,78.322998046875,899.84912109375,684.6402587890625
2021-09-29,277.24169921875,876.4443969726562,445.2494201660156,854.1734619140625,263.1675720214844,9926.1064453125,1490.692138671875,78.39559173583984,899.84912109375,685.8560180664062
2021-09-30,280.9490966796875,875.1401977539062,442.86151123046875,831.6384887695312,254.4711151123047,9345.537109375,1502.3955078125,78.72223663330078,903.7239990234375,677.345703125
2021-10-01,277.1512756347656,868.6190185546875,444.3539733886719,841.2403564453125,245.28050231933594,9286.4052734375,1479.476806640625,76.98011779785156,891.6685791015625,687.7664184570312
2021-10-04,279.8639831542969,857.4896850585938,435.0012512207031,833.0101928710938,227.49221801757812,8799.9111328125,1432.176513671875,77.41564178466797,897.6962280273438,686.0296630859375
2021-10-05,283.25494384765625,856.6199951171875,404.35614013671875,834.1859741210938,227.49221801757812,9192.3310546875,1473.6251220703125,78.0689468383789,909.321044921875,695.7556762695312
2021-10-06,280.85870361328125,854.3594360351562,430.0263977050781,837.713134765625,230.6545867919922,9152.0146484375,1469.72412109375,77.77859497070312,915.3487548828125,688.8084716796875
2021-10-07,286.6005859375,856.9678955078125,427.0414733886719,859.2683715820312,226.9980926513672,9391.2294921875,1486.3037109375,78.9762954711914,933.4319458007812,702.8765258789062
2021-10-08,285.83203125,860.7935791015625,417.8877258300781,834.577880859375,219.88279724121094,9369.728515625,1457.0455322265625,78.17782592773438,929.5569458007812,706.8710327148438
2021-10-11,287.09796142578125,869.923095703125,412.0174255371094,817.1376953125,221.46397399902344,9211.146484375,1424.8619384765625,77.34304809570312,914.4877319335938,713.1235961914062
2021-10-12,283.7974853515625,865.6627197265625,412.9128723144531,837.9091796875,233.0263671875,9356.2880859375,1447.29296875,77.81488037109375,918.7932739257812,727.0177612304688
2021-10-13,291.1670837402344,876.8790893554688,412.2164001464844,866.32275390625,244.19345092773438,9356.2880859375,1473.1376953125,78.25041198730469,939.4596557617188,744.0382080078125
2021-10-14,292.3878479003906,870.3578491210938,409.33099365234375,856.720947265625,241.12991333007812,8904.734375,1478.0137939453125,79.66588592529297,926.112548828125,737.95947265625
2021-10-15,297.4967956542969,886.4434814453125,411.7189025878906,869.8499755859375,249.03579711914062,8869.7939453125,1468.7489013671875,82.3516616821289,923.0988159179688,750.2905883789062
2021-10-18,301.6563415527344,890.356201171875,407.1420593261719,859.2683715820312,246.2687225341797,9014.935546875,1463.8724365234375,82.93236541748047,911.9044189453125,752.3748168945312
2021-10-19,302.9223327636719,913.3976440429688,414.10687255859375,872.0055541992188,249.13462829589844,9393.91796875,1486.7913818359375,83.44049072265625,909.7516479492188,751.332763671875
2021-10-20,301.4302978515625,914.26708984375,418.08673095703125,896.8919677734375,263.56292724609375,9396.60546875,1475.57568359375,82.06131744384766,911.0433349609375,755.6746826171875
2021-10-21,301.97283935546875,922.092529296875,414.5048522949219,896.108154296875,268.7016906738281,9506.806640625,1478.5013427734375,83.04125213623047,897.2657470703125,763.6639404296875
2021-10-22,306.2679748535156,919.04931640625,419.28070068359375,889.6416015625,271.073486328125,9692.265625,1511.660400390625,83.25901794433594,914.4877319335938,771.132080078125
2021-10-25,308.03125,944.2645263671875,423.9570617675781,882.3911743164062,266.7252502441406,9942.232421875,1485.3284912109375,84.45671844482422,907.598876953125,771.3057250976562
2021-10-26,309.9753723144531,925.1356811523438,420.8726501464844,881.2154541015625,269.7887878417969,10060.49609375,1478.0137939453125,85.8359146118164,921.80712890625,775.126708984375
2021-10-27,307.5339050292969,926.0051879882812,420.57415771484375,892.5808715820312,270.28289794921875,10009.4287109375,1460.94677734375,84.09378051757812,923.9598999023438,763.142822265625
2021-10-28,311.8291015625,932.9610595703125,423.6585388183594,906.2978515625,276.40997314453125,9893.8515625,1456.5579833984375,83.69454956054688,930.4180908203125,773.9109497070312
2021-10-29,318.4300842285156,912.0933837890625,388.5361022949219,889.6416015625,275.02642822265625,9995.9892578125,1458.5086669921875,79.04888916015625,914.0571899414062,780.3369750976562
2021-11-01,317.7066650390625,896.8773803710938,409.5299987792969,915.1159057617188,275.619384765625,10350.78125,1471.18701171875,78.72223663330078,938.16796875,735.0069580078125
2021-11-02,322.81573486328125,897.7468872070312,421.4696350097656,909.0411987304688,263.365234375,10713.6357421875,1467.2860107421875,78.322998046875,954.9593505859375,719.89697265625
2021-11-03,330.7730407714844,916.8756103515625,411.0224304199219,860.0521850585938,215.4357452392578,11138.3115234375,1510.197509765625,78.0689468383789,951.08447265625,762.4481811523438
2021-11-04,336.6958312988281,930.787353515625,410.62445068359375,856.9168701171875,217.5110321044922,10767.392578125,1525.802001953125,78.43189239501953,947.2095336914062,790.2366943359375
2021-11-05,328.01507568359375,918.614501953125,398.5852966308594,858.4844970703125,207.5298309326172,10431.4150390625,1499.95751953125,79.4481201171875,946.7789916992188,791.6260986328125
2021-11-08,333.48577880859375,969.9143676757812,401.86871337890625,861.4238891601562,221.36517333984375,10555.0546875,1508.2470703125,79.77477264404297,942.4735107421875,793.0155029296875
2021-11-09,332.1293640136719,969.9143676757812,404.7541198730469,854.7614135742188,220.4757537841797,10821.1494140625,1535.5545654296875,80.2103042602539,947.2095336914062,798.9205932617188
2021-11-10,330.45654296875,972.95751953125,395.9983825683594,857.70068359375,227.7886962890625,10485.1708984375,1486.3037109375,81.29913330078125,942.04296875,777.2108764648438
2021-11-11,332.9432678222656,1002.9550170898438,393.21246337890625,869.6539916992188,228.18399047851562,10721.6982421875,1506.296630859375,82.3516616821289,943.7650756835938,795.447021484375
2021-11-12,331.5416259765625,1023.8226928710938,395.2024230957031,883.7628784179688,235.29931640625,10794.2705078125,1529.21533203125,82.96866607666016,953.2371826171875,813.8568725585938
2021-11-15,335.52032470703125,1021.6490478515625,385.3521728515625,872.789306640625,229.27105712890625,10638.376953125,1530.1904296875,83.8397216796875,957.5427856445312,823.9843139648438
2021-11-16,339.58941650390625,1013.8235473632812,395.5008850097656,862.5996704101562,228.08517456054688,10495.9228515625,1505.3211669921875,83.15015411376953,958.8344116210938,821.1904907226562
2021-11-17,340.7196960449219,1019.4752807617188,400.9732360839844,849.66650390625,229.17222595214844,10600.748046875,1498.0067138671875,83.04125213623047,948.0706176757812,810.5393676757812
2021-11-18,340.08673095703125,1017.3015747070312,397.4908447265625,843.0039672851562,229.66635131835938,10420.6640625,1503.8582763671875,82.20648193359375,944.6260986328125,807.74560546875
2021-11-19,339.67987060546875,1020.779541015625,405.74908447265625,831.2466430664062,222.0569305419922,10659.8798828125,1521.4132080078125,81.40801239013672,928.2652587890625,795.3482666015625
2021-11-22,335.6106872558594,1027.30078125,397.0928649902344,827.5233764648438,216.42396545410156,10525.48828125,1522.388427734375,83.69454956054688,927.8347778320312,798.6658325195312
2021-11-23,327.4725036621094,969.4796142578125,381.0738220214844,814.7862548828125,209.8027801513672,10208.3271484375,1435.1021728515625,83.0775375366211,912.3349609375,783.9986572265625
2021-11-24,325.3927917480469,952.959228515625,391.0235290527344,814.3943481445312,211.18630981445312,10305.0869140625,1415.5970458984375,83.25901794433594,923.9598999023438,766.53759765625
2021-11-25,325.5284423828125,953.8287963867188,396.7943420410156,854.1734619140625,222.74868774414062,10310.4638671875,1399.5050048828125,83.98490142822266,940.7512817382812,764.79150390625
2021-11-26,322.137451171875,954.2636108398438,395.1029052734375,849.4705200195312,221.16751098632812,10326.58984375,1401.45556640625,79.84735870361328,914.4877319335938,724.6312255859375
2021-11-29,323.5842590332031,934.265380859375,383.6607360839844,829.091064453125,218.89454650878906,10568.494140625,1392.1905517578125,79.62959289550781,915.3487548828125,735.98095703125
2021-11-30,318.61090087890625,932.9610595703125,375.10400390625,827.7193603515625,217.41221618652344,10630.3134765625,1392.6783447265625,78.61334991455078,878.321533203125,710.6624145507812
2021-12-01,321.9566345214844,944.69921875,371.5220947265625,836.1455078125,215.33689880371094,10783.51953125,1414.134033203125,81.3354263305664,883.4880981445312,725.6788940429688
2021-12-02,317.344970703125,927.3094482421875,368.835693359375,799.8936157226562,205.05923461914062,10689.4462890625,1338.551025390625,81.26283264160156,881.3353881835938,728.9964599609375
2021-12-03,318.4300842285156,928.1904907226562,357.29400634765625,776.5747680664062,200.61216735839844,10772.7666015625,1327.8232421875,81.37171936035156,874.4466552734375,737.028564453125
2021-12-06,320.37420654296875,927.7499389648438,357.49298095703125,801.4612426757812,200.31570434570312,10708.2607421875,1315.6322021484375,83.33161926269531,898.557373046875,749.2512817382812
2021-12-07,328.4219970703125,953.7410278320312,377.7904357910156,826.935546875,212.66867065429688,11084.5546875,1381.9503173828125,84.02120208740234,898.9879150390625,775.4427490234375
2021-12-08,333.9378662109375,944.9306030273438,377.4919128417969,818.7053833007812,212.4710235595703,11385.5908203125,1409.7452392578125,83.11383819580078,898.9879150390625,758.3308715820312
2021-12-09,339.45379638671875,949.3358764648438,380.5763244628906,818.7053833007812,209.40748596191406,11568.361328125,1408.77001953125,82.17018127441406,894.6824951171875,755.18798828125
2021-12-10,339.54425048828125,943.1683959960938,383.0637512207031,808.3197021484375,202.88511657714844,11396.341796875,1404.3812255859375,81.84354400634766,887.363037109375,750.2989501953125
2021-12-13,344.562744140625,941.4063720703125,383.6607360839844,803.224853515625,201.69923400878906,11503.8544921875,1410.7205810546875,79.95623779296875,907.598876953125,736.8539428710938
2021-12-14,335.9272766113281,930.3932495117188,372.8155822753906,791.8594360351562,191.27333068847656,11294.2041015625,1369.271728515625,80.13770294189453,929.9874267578125,706.1226806640625
2021-12-15,342.2569885253906,957.2652587890625,383.8597106933594,797.5421142578125,191.81686401367188,11573.73828125,1400.968017578125,79.15777587890625,936.8762817382812,702.8049926757812
2021-12-16,348.31536865234375,965.1948852539062,387.5411376953125,814.982177734375,195.81922912597656,11917.7783203125,1415.1092529296875,81.26283264160156,940.3207397460938,685.1693115234375
2021-12-17,345.8287353515625,966.9569702148438,398.18731689453125,813.2186279296875,191.91567993164062,11767.259765625,1393.653564453125,78.61334991455078,937.7374877929688,671.0260009765625
2021-12-20,305.2733154296875,960.7894897460938,381.3722839355469,810.6712036132812,187.913330078125,11993.037109375,1406.819580078125,77.27046203613281,934.29296875,670.8514404296875
2021-12-21,314.8583679199219,972.2431030273438,383.46173095703125,820.468994140625,189.88980102539062,11993.037109375,1423.39892578125,78.9762954711914,943.7650756835938,676.9627075195312
2021-12-22,325.84490966796875,1011.009521484375,398.28680419921875,830.266845703125,191.6686248779297,12095.1728515625,1450.706298828125,78.39559173583984,963.5703125,691.9791259765625
2021-12-23,323.3129577636719,1009.2473754882812,399.2817687988281,831.6384887695312,193.6945037841797,12245.6904296875,1452.1693115234375,80.89988708496094,957.1122436523438,700.88427734375
2021-12-27,329.19061279296875,1022.9036254882812,409.5299987792969,811.2590942382812,195.72039794921875,12546.7275390625,1474.6004638671875,82.0250244140625,965.2925415039062,707.3449096679688
2021-12-28,330.99908447265625,1027.30908203125,403.7591247558594,816.9417724609375,191.61920166015625,12584.3564453125,1479.476806640625,81.6983642578125,967.4453735351562,716.7737426757812
2021-12-29,327.1559753417969,1030.392822265625,410.3259582519531,815.9620361328125,193.2003936767578,12713.3720703125,1490.692138671875,81.98872375488281,970.0286865234375,717.6468505859375
2021-12-30,332.3102722167969,1014.0933837890625,409.2314758300781,818.3134765625,197.64744567871094,12605.859375,1489.7169189453125,81.98872375488281,972.6119384765625,711.884765625
2022-01-03,322.137451171875,1005.7232666015625,413.7088317871094,838.4969482421875,195.96746826171875,12955.2744140625,1496.5438232421875,83.25901794433594,994.5700073242188,708.2179565429688
2022-01-04,312.5976867675781,988.102294921875,408.7339782714844,801.2653198242188,196.51100158691406,13052.0361328125,1492.1551513671875,85.79961395263672,991.9867553710938,737.028564453125
2022-01-05,310.0657653808594,984.1375122070312,412.6144104003906,787.9403076171875,194.53453063964844,13164.923828125,1494.5933837890625,88.0135726928711,991.55615234375,733.3617553710938
2022-01-06,301.6563415527344,951.9788208007812,393.8094177246094,747.5732421875,185.4921417236328,12751.0009765625,1434.614501953125,86.70697021484375,981.222900390625,720.7898559570312
2022-01-07,300.1643371582031,937.0010986328125,389.0335693359375,714.8485107421875,180.1062469482422,12912.26953125,1432.176513671875,85.87220764160156,962.7092895507812,705.4241333007812
2022-01-10,296.2760314941406,903.5209350585938,374.4075012207031,723.0786743164062,178.17919921875,12525.224609375,1345.865478515625,87.32398223876953,980.3618774414062,674.1690063476562
2022-01-11,296.1856384277344,913.2125244140625,389.9290466308594,717.98388671875,180.40272521972656,12568.2294921875,1373.6605224609375,88.9935073852539,972.6119384765625,683.2487182617188
2022-01-12,297.3612060546875,911.8909912109375,390.5260314941406,726.60595703125,181.39096069335938,13068.1630859375,1394.628662109375,91.71558380126953,971.7509155273438,690.2330322265625
2022-01-13,294.15106201171875,883.2567138671875,385.2527160644531,729.7412109375,185.14627075195312,13331.5693359375,1387.314208984375,94.18359375,972.1813354492188,686.9154663085938
2022-01-14,282.44110107421875,874.3579711914062,387.839599609375,709.7537231445312,181.4403839111328,12740.25,1331.72412109375,94.36505889892578,967.014892578125,665.9622802734375
2022-01-17,288.906494140625,880.70166015625,392.01849365234375,716.0242919921875,182.87332153320312,12213.4375,1340.9891357421875,93.20362854003906,970.0286865234375,674.1690063476562
2022-01-18,286.4649658203125,855.1510620117188,379.6808776855469,714.2606811523438,180.15567016601562,12331.701171875,1321.4837646484375,93.63917541503906,942.04296875,665.2638549804688
2022-01-19,290.2176513671875,873.1246337890625,387.04364013671875,719.1596069335938,180.45213317871094,11998.412109375,1335.6251220703125,93.49401092529297,954.9593505859375,686.9154663085938
2022-01-20,287.776123046875,883.2567138671875,393.0134582519531,751.8843383789062,191.37213134765625,12385.458984375,1339.0386962890625,93.63917541503906,938.16796875,681.5025634765625
2022-01-21,285.4250793457031,858.1466674804688,394.40643310546875,716.416259765625,174.07798767089844,12181.18359375,1296.126953125,91.75186920166016,936.0151977539062,659.1525268554688
2022-01-24,275.2975769042969,827.6622314453125,368.53717041015625,693.2933349609375,171.9532928466797,11826.392578125,1236.6358642578125,89.86457824707031,912.7655029296875,626.849609375
2022-01-25,282.66717529296875,834.358154296875,371.3231201171875,665.2716064453125,164.0968017578125,11923.1533203125,1251.75244140625,91.31633758544922,910.1821899414062,614.9761962890625
2022-01-26,279.5022888183594,838.7635498046875,393.31195068359375,690.7459106445312,173.63330078125,12337.0771484375,1292.225830078125,92.04224395751953,907.1683959960938,619.1668701171875
2022-01-27,291.48358154296875,828.8956298828125,393.0134582519531,687.610595703125,172.94154357910156,12578.98046875,1308.3177490234375,92.98587799072266,918.3626098632812,613.7539672851562
2022-01-28,288.86126708984375,832.2437133789062,384.4566955566406,662.5282592773438,166.12271118164062,12385.458984375,1270.7701416015625,91.82447052001953,905.4462280273438,612.3571166992188
2022-01-31,296.6377258300781,844.4022216796875,395.60040283203125,684.8672485351562,174.86859130859375,12724.1220703125,1304.4166259765625,92.84070587158203,919.654296875,623.3575439453125
2022-02-01,303.46478271484375,855.50341796875,394.50592041015625,675.0694580078125,168.00033569335938,12568.2294921875,1340.9891357421875,93.45771026611328,914.4877319335938,640.294677734375
2022-02-02,316.71197509765625,855.3272705078125,401.7691955566406,703.6790161132812,172.0521240234375,12756.376953125,1362.9324951171875,93.4214096069336,942.4735107421875,649.1997680664062
2022-02-03,307.8956298828125,843.521240234375,381.8697814941406,687.0227661132812,166.76504516601562,12595.107421875,1317.09521484375,91.17115783691406,916.6404418945312,618.8175659179688
2022-02-04,292.2973937988281,846.1644287109375,386.0486755371094,666.2514038085938,164.3438720703125,11788.7626953125,1291.250732421875,89.13867950439453,921.3766479492188,588.610107421875
2022-02-07,301.06854248046875,845.8119506835938,377.2929382324219,667.6231079101562,164.04739379882812,11917.7783203125,1281.4979248046875,92.91329193115234,936.44580078125,597.5151977539062
2022-02-08,297.1802978515625,822.3758544921875,361.1744079589844,644.6962280273438,159.05679321289062,11659.7470703125,1260.52978515625,95.70794677734375,923.0988159179688,599.6104736328125
2022-02-09,311.0604553222656,834.8868408203125,374.9049987792969,676.441162109375,166.51797485351562,12503.720703125,1304.4166259765625,96.65159606933594,935.5846557617188,646.9298095703125
2022-02-10,310.1109924316406,835.944091796875,373.1140441894531,662.332275390625,162.31797790527344,12509.09765625,1293.201171875,96.21607971191406,943.7650756835938,636.9769897460938
2022-02-11,296.14044189453125,818.6754150390625,379.1833801269531,660.1767578125,164.8874053955078,12595.107421875,1263.9432373046875,96.39753723144531,939.8901977539062,642.5645751953125
2022-02-14,290.7601318359375,807.3980102539062,364.1593017578125,642.1488037109375,160.88504028320312,12175.8076171875,1229.8089599609375,95.0909423828125,886.5020141601562,626.6751098632812
2022-02-15,302.1535949707031,822.552001953125,365.75128173828125,666.2514038085938,172.94154357910156,12428.4619140625,1249.8018798828125,95.96199798583984,920.5154418945312,639.7708129882812
2022-02-16,304.27862548828125,822.9044189453125,369.9301452636719,656.8455200195312,170.37210083007812,12460.716796875,1238.58642578125,94.65541076660156,922.668212890625,632.0879516601562
2022-02-17,304.23345947265625,817.4419555664062,349.5332336425781,657.433349609375,168.9391632080078,12562.853515625,1205.9150390625,91.78816986083984,921.3766479492188,634.3577880859375
2022-02-18,299.21484375,801.2305297851562,331.22576904296875,658.2171630859375,162.41680908203125,12331.701171875,1182.5087890625,91.02599334716797,911.0433349609375,607.2933959960938
2022-02-21,294.2867431640625,796.1204223632812,329.5343322753906,644.1083374023438,160.6379852294922,11998.412109375,1177.1446533203125,89.28386688232422,871.86328125,607.8172607421875
2022-02-22,295.8239440917969,809.8649291992188,336.8971252441406,645.47998046875,160.68739318847656,12132.8037109375,1158.6146240234375,87.43285369873047,864.1134643554688,619.6906127929688
2022-02-23,292.74951171875,818.4992065429688,329.93231201171875,651.5546875,159.84739685058594,11767.259765625,1139.109375,86.74327087402344,861.0995483398438,625.452880859375
2022-02-24,290.6697082519531,827.4860229492188,327.0469055175781,754.627685546875,178.17919921875,11235.0732421875,1120.5792236328125,80.39176940917969,841.2943115234375,585.6416625976562
2022-02-25,304.23345947265625,835.4154052734375,329.4348449707031,762.4660034179688,186.72743225097656,11552.2353515625,1177.6324462890625,83.33161926269531,883.0576171875,599.959716796875
2022-02-28,308.3929443359375,879.46826171875,348.7372741699219,843.7877807617188,214.9416046142578,11299.5791015625,1196.64990234375,81.8072509765625,837.1610107421875,598.5628051757812
2022-03-01,314.8583679199219,897.3536376953125,336.8971252441406,796.17041015625,211.87806701660156,11089.9306640625,1180.070556640625,79.41183471679688,806.8502807617188,585.2925415039062
2022-03-02,314.3157653808594,892.0672607421875,327.7433776855469,781.8656616210938,199.3274688720703,11503.8544921875,1173.7310791015625,77.23417663574219,769.9951782226562,577.0859375
2022-03-03,316.9381103515625,892.5077514648438,332.0217590332031,745.0258178710938,193.29922485351562,11729.630859375,1195.18701171875,76.9438247680664,757.5953979492188,554.5612182617188
2022-03-04,316.9381103515625,872.0673217773438,322.37054443359375,765.6012573242188,193.34861755371094,11369.462890625,1165.4415283203125,72.62480163574219,727.4568481445312,523.3059692382812
2022-03-07,313.59234619140625,886.3404541015625,312.9183044433594,832.0304565429688,210.49453735351562,10799.646484375,1170.805419921875,71.6158218383789,699.0406494140625,500.2574768066406
2022-03-08,312.4620666503906,819.38037109375,296.998779296875,880.0397338867188,232.6310577392578,10450.23046875,1154.225830078125,74.04027557373047,703.8628540039062,489.0824279785156
2022-03-09,318.0231628417969,817.6181640625,306.6500244140625,868.6742553710938,217.9063262939453,11014.671875,1168.3671875,77.81488037109375,736.5845947265625,523.1314086914062
2022-03-10,317.0736999511719,814.97509765625,295.5,838.3009643554688,206.73924255371094,11020.046875,1163.490966796875,77.01641845703125,696.1128540039062,503.05120849609375
2022-03-11,313.14019775390625,799.292236328125,302.79998779296875,862.2077026367188,211.680419921875,11600.615234375,1165.92919921875,78.39559173583984,701.6239013671875,512.3902587890625
2022-03-14,315.80780029296875,812.1556396484375,311.0,839.0848388671875,201.6004180908203,12320.94921875,1181.5333251953125,79.5570068359375,701.1072998046875,530.7091674804688
2022-03-15,312.9141845703125,820.0851440429688,312.5,812.82666015625,195.2262725830078,12471.4677734375,1242.4873046875,79.15777587890625,684.4268798828125,529.811279296875
2022-03-16,321.32373046875,853.5651245117188,337.29998779296875,787.7442626953125,201.69923400878906,13399.296875,1265.4061279296875,82.85978698730469,718.3200073242188,572.5552978515625
2022-03-17,331.632080078125,873.47705078125,332.0,802.2450561523438,207.3321990966797,13646.31640625,1296.126953125,83.40420532226562,727.54736328125,571.6572265625
2022-03-18,335.2942199707031,876.4725341796875,333.0,803.4208374023438,205.94863891601562,13784.8896484375,1325.016845703125,83.4411392211914,722.7561645507812,582.0739135742188
2022-03-21,337.2835998535156,873.30078125,334.79998779296875,792.6432495117188,201.69923400878906,13953.583984375,1325.016845703125,84.586181640625,725.7728271484375,575.2492065429688
2022-03-22,335.38470458984375,854.9749145507812,328.8999938964844,790.879638671875,199.62391662597656,13724.6396484375,1300.044189453125,87.02403259277344,719.3846435546875,573.9920654296875
2022-03-23,337.7357177734375,849.8648071289062,315.0,765.0133666992188,192.85450744628906,13567.994140625,1293.6787109375,84.66006469726562,698.2680053710938,563.0366821289062
2022-03-24,330.0496520996094,845.4595947265625,314.79998779296875,746.0056762695312,189.64273071289062,12857.0595703125,1278.989013671875,83.69969177246094,701.28466796875,564.6530151367188
2022-03-25,327.53924560546875,850.0409545898438,308.1000061035156,770.1082153320312,188.2592010498047,12308.796875,1273.6025390625,83.4411392211914,694.7190551757812,565.371337890625
2022-03-28,332.5600280761719,862.0234375,327.20001220703125,783.2373657226562,185.39334106445312,12832.9599609375,1307.3890380859375,84.88169860839844,718.852294921875,575.0696411132812
2022-03-29,338.1742248535156,873.30078125,336.1000061035156,783.4332275390625,187.86392211914062,12308.796875,1301.51318359375,86.9132308959961,751.1483154296875,595.9028930664062
2022-03-30,344.9294738769531,887.6619873046875,332.70001220703125,805.38037109375,198.53688049316406,12338.921875,1297.595947265625,86.76548767089844,753.6326293945312,589.4373779296875
2022-03-31,341.8257141113281,902.639892578125,332.70001220703125,832.0304565429688,197.40040588378906,12272.6474609375,1273.6025390625,83.18257141113281,736.419921875,581.5350952148438
2022-04-01,346.6639709472656,910.5693969726562,330.0,817.9215698242188,207.57923889160156,12350.970703125,1278.989013671875,86.21141815185547,742.80810546875,583.8699340820312
2022-04-04,350.1784973144531,917.6178588867188,327.0,812.5327758789062,197.94393920898438,11733.4228515625,1243.2437744140625,87.0979232788086,720.981689453125,584.5882568359375
2022-04-05,358.48565673828125,943.6089477539062,319.70001220703125,843.2979736328125,214.9416046142578,11221.3095703125,1220.719482421875,86.95015716552734,729.4993896484375,588.8985595703125
2022-04-06,359.763671875,945.8116455078125,295.1000061035156,841.1423950195312,208.4279327392578,10841.7421875,1167.3468017578125,84.66006469726562,721.868896484375,554.0567626953125
2022-04-07,375.0999450683594,956.82470703125,297.29998779296875,835.8515014648438,206.6460723876953,10736.306640625,1160.0018310546875,84.95555114746094,735.8875732421875,553.33837890625
2022-04-08,376.51495361328125,955.062744140625,292.79998779296875,840.2605590820312,211.69468688964844,10877.892578125,1145.8016357421875,86.50691986083984,749.1963500976562,556.2119750976562
2022-04-11,377.01702880859375,947.5736694335938,287.20001220703125,810.9703369140625,208.27944946289062,10621.8349609375,1082.6357421875,86.13755798339844,742.6306762695312,555.6731567382812
2022-04-12,362.41107177734375,945.3710327148438,280.0,806.1301879882812,200.3600616455078,10630.8720703125,1104.6702880859375,84.586181640625,739.2590942382812,564.2938232421875
2022-04-13,369.7139892578125,939.6441650390625,276.29998779296875,791.3134155273438,198.33074951171875,11001.40234375,1082.6357421875,83.84745025634766,738.54931640625,569.3225708007812
2022-04-19,360.9047546386719,953.7410278320312,279.5,803.3643798828125,201.25100708007812,11564.7265625,1121.31884765625,83.25645446777344,757.3590698242188,577.7636108398438
2022-04-20,362.82183837890625,939.20361328125,283.6000061035156,815.711669921875,206.44808959960938,11899.1064453125,1135.0291748046875,88.05827331542969,780.4276733398438,605.241943359375
2022-04-21,351.8673095703125,905.7236938476562,284.8999938964844,802.771728515625,199.3701629638672,11832.83203125,1133.0706787109375,88.53846740722656,798.3501586914062,607.0379028320312
2022-04-22,349.8133239746094,903.0804443359375,274.5,797.141357421875,191.9259490966797,11432.1787109375,1115.9326171875,87.83666229248047,785.7510986328125,594.4661254882812
2022-04-25,355.15362548828125,882.3756103515625,275.6000061035156,826.3797607421875,187.7682647705078,10938.1396484375,1106.139404296875,86.43303680419922,780.6051025390625,570.4002075195312
2022-04-26,352.09552001953125,836.64892578125,268.8999938964844,803.9570922851562,176.0872039794922,11284.5693359375,1107.6083984375,86.06367492675781,777.4110107421875,554.5955810546875
2022-04-27,360.3114318847656,844.578369140625,266.0,785.189208984375,177.75027465820312,11829.8193359375,1102.22216796875,85.32493591308594,783.266845703125,549.0281372070312
2022-04-28,351.8216857910156,856.737060546875,265.79998779296875,790.2268676757812,175.41404724121094,12043.703125,1103.691162109375,85.95285034179688,787.1708374023438,559.08544921875
2022-04-29,370.7638244628906,844.9308471679688,268.79998779296875,783.213623046875,180.97743225097656,12459.4189453125,1145.8016357421875,80.59696197509766,805.9805297851562,564.8326416015625
2022-05-02,367.88824462890625,859.0277709960938,264.20001220703125,740.8377075195312,166.76214599609375,12164.2001953125,1128.174072265625,80.3753433227539,799.7697143554688,563.7550659179688
2022-05-03,362.8674621582031,892.9483642578125,260.8999938964844,735.8988037109375,172.5828857421875,12212.3994140625,1097.8150634765625,82.11138916015625,800.4796142578125,556.5711669921875
2022-05-04,358.2117919921875,885.8998413085938,256.5,740.8377075195312,172.16712951660156,12652.2138671875,1127.684326171875,82.55464172363281,786.1060180664062,544.8973388671875
2022-05-05,363.1869201660156,837.0013427734375,236.3000030517578,710.4140014648438,171.4345703125,12917.30859375,1133.560302734375,80.59696197509766,793.3815307617188,505.9248352050781
2022-05-06,356.6142578125,792.420166015625,229.5,725.4282836914062,162.96084594726562,12658.2392578125,1087.042724609375,79.8951644897461,763.9247436523438,484.552734375
2022-05-09,344.97515869140625,753.6141357421875,216.89999389648438,684.3364868164062,152.131103515625,11814.7587890625,1017.5110473632812,76.60774993896484,754.874755859375,463.1806640625
2022-05-10,347.029052734375,749.8931274414062,221.8000030517578,700.9312133789062,150.1710662841797,12073.826171875,1020.4490966796875,76.4969482421875,763.0375366210938,467.1318359375
2022-05-11,340.9585266113281,761.5879516601562,223.89999389648438,704.2897338867188,153.39822387695312,11658.111328125,1020.938720703125,78.04830169677734,770.8452758789062,484.7322998046875
2022-05-12,341.9169616699219,753.9684448242188,226.8000030517578,686.0157470703125,146.64694213867188,11853.919921875,1034.649169921875,77.45730590820312,777.9432983398438,485.2711486816406
2022-05-16,335.48126220703125,761.2335205078125,243.3000030517578,710.611572265625,148.0724334716797,11947.3046875,1057.17333984375,79.52580261230469,810.771728515625,493.89178466796875
2022-05-17,341.7800598144531,766.3722534179688,246.3000030517578,715.7479858398438,151.12139892578125,12453.39453125,1086.552978515625,78.71317291259766,813.0785522460938,511.8514709472656
2022-05-18,339.08709716796875,763.7142944335938,232.10000610351562,714.1675415039062,155.1998748779297,12332.8974609375,1075.780517578125,79.67353820800781,796.398193359375,493.71221923828125
2022-05-19,333.60980224609375,742.2736206054688,231.60000610351562,741.8255004882812,155.77401733398438,11751.4970703125,1077.2493896484375,78.38074493408203,767.8286743164062,461.3847351074219
2022-05-20,347.4855041503906,756.0949096679688,238.5,765.0383911132812,155.10086059570312,12471.46875,1104.1806640625,79.4519271850586,775.9913330078125,458.870361328125
2022-05-23,343.14935302734375,732.3506469726562,232.1999969482422,764.346923828125,162.42628479003906,12332.8974609375,1094.3875732421875,81.85283660888672,768.7160034179688,464.61749267578125
2022-05-24,340.8671875,705.7711791992188,258.1000061035156,752.4935302734375,168.4450225830078,11989.4794921875,1079.2081298828125,82.22221374511719,766.7639770507812,446.4781799316406
2022-05-25,337.1244201660156,710.2011108398438,256.1000061035156,777.4844360351562,166.36618041992188,12230.4736328125,1070.3941650390625,82.33301544189453,770.8452758789062,454.021240234375
2022-05-30,351.5478515625,754.6773071289062,286.20001220703125,773.3358154296875,177.8294677734375,12387.1201171875,1120.8292236328125,83.69969177246094,794.9785766601562,499.10009765625
2022-05-31,350.4067077636719,730.2243041992188,273.5,774.6199340820312,175.2754669189453,12182.275390625,1113.973876953125,83.77356719970703,782.7344970703125,502.5123596191406
2022-06-01,351.18267822265625,722.6047973632812,266.8999938964844,757.8275756835938,174.4043426513672,12519.6669921875,1079.6978759765625,83.03482055664062,763.0375366210938,498.3817138671875
2022-06-02,351.4565734863281,715.8713989257812,265.5,751.406982421875,173.61241149902344,12796.810546875,1099.2841796875,83.5888900756836,762.860107421875,497.4837341308594
2022-06-03,355.6557922363281,717.6433715820312,265.70001220703125,753.6788940429688,172.74127197265625,12845.009765625,1092.428955078125,84.0321273803711,764.9894409179688,498.3817138671875
2022-06-07,365.87994384765625,719.7696533203125,268.5,772.5455322265625,179.90830993652344,12652.2138671875,1100.753173828125,84.95555114746094,763.2149658203125,489.5814208984375
2022-06-08,368.93804931640625,731.641845703125,269.6000061035156,770.47119140625,180.7992401123047,11640.0361328125,1051.2974853515625,85.06636810302734,763.3923950195312,480.4219970703125
2022-06-09,362.41107177734375,714.0995483398438,263.5,748.0485229492188,177.9482421875,11537.6142578125,1016.5316772460938,85.80512237548828,767.2963256835938,475.93206787109375
2022-06-10,358.5769348144531,697.4430541992188,251.5,746.4680786132812,173.731201171875,11127.923828125,1023.3870239257812,82.07445526123047,760.5531616210938,459.04998779296875
2022-06-13,351.5478515625,688.9376220703125,246.3000030517578,713.7723999023438,161.5947723388672,11046.587890625,988.6212158203125,81.85283660888672,769.7805786132812,444.7720031738281
2022-06-14,344.79254150390625,664.1301879882812,237.10000610351562,685.2255249023438,158.6645965576172,11179.1357421875,974.0293579101562,80.96633911132812,752.0355834960938,433.27777099609375
2022-06-15,346.4813537597656,669.800537109375,240.10000610351562,690.5595092773438,160.48605346679688,11037.55078125,1004.2903442382812,82.73933410644531,786.9932861328125,444.05364990234375
2022-06-16,339.2240295410156,654.73876953125,221.60000610351562,678.6073608398438,159.89208984375,10290.4677734375,950.134033203125,78.1221694946289,772.9747314453125,416.6650695800781
2022-06-17,341.00408935546875,669.0916748046875,218.1999969482422,681.5706787109375,160.6840362548828,9947.0498046875,952.8761596679688,78.71317291259766,778.2982788085938,416.0364685058594
2022-06-20,347.4855041503906,674.5848388671875,223.60000610351562,710.2164306640625,169.87051391601562,10221.181640625,979.3176879882812,82.18527221679688,777.0560302734375,420.3468322753906
2022-06-21,347.4855041503906,677.7742919921875,223.10000610351562,712.2907104492188,172.48390197753906,10480.2509765625,994.0075073242188,82.18527221679688,780.4276733398438,418.01202392578125
2022-06-22,347.5768127441406,678.6603393554688,224.39999389648438,694.411865234375,172.84027099609375,10179.0078125,972.854248046875,80.0059814453125,766.2315673828125,411.7261657714844
2022-06-23,348.2158508300781,686.2796630859375,225.89999389648438,696.2886962890625,166.44537353515625,9962.1123046875,960.3189086914062,77.90055847167969,775.9913330078125,409.0322265625
2022-06-24,358.8964538574219,718.1749877929688,244.1999969482422,725.6257934570312,162.84205627441406,10305.529296875,1005.7592163085938,79.3780288696289,796.398193359375,421.7835998535156
2022-06-27,362.8674621582031,741.2103881835938,243.6999969482422,723.7490844726562,166.385986328125,10522.42578125,1030.2420654296875,80.3384017944336,805.9805297851562,421.0652160644531
2022-06-28,353.2822570800781,719.9469604492188,250.39999389648438,738.5657958984375,165.6930389404297,10314.56640625,1005.7592163085938,77.42036437988281,817.1599731445312,427.1715087890625
2022-06-29,359.9462585449219,720.6558227539062,250.0,724.04541015625,157.04112243652344,10371.802734375,986.66259765625,75.83206939697266,805.0933227539062,418.3712463378906
2022-06-30,359.3072814941406,716.225830078125,248.6999969482422,732.836669921875,148.3892059326172,9974.162109375,970.6997680664062,74.09602355957031,802.07666015625,400.9503479003906
2022-07-01,358.1205139160156,732.3506469726562,259.0,785.68310546875,152.42808532714844,10013.3232421875,977.5549926757812,74.1329574584961,804.9158935546875,405.44024658203125
2022-07-04,363.2325744628906,735.363037109375,250.6999969482422,766.6188354492188,153.3190155029297,10034.4111328125,965.6072387695312,74.20683288574219,805.9805297851562,401.6687316894531
2022-07-05,362.5023193359375,732.7049560546875,245.10000610351562,773.4345703125,155.39784240722656,9666.89453125,961.8858642578125,71.43653869628906,807.7550659179688,390.6235046386719
2022-07-06,368.93804931640625,735.89453125,242.10000610351562,789.6342163085938,158.22903442382812,9706.0556640625,954.4430541992188,72.02754211425781,809.3521118164062,411.1873779296875
2022-07-07,367.43182373046875,727.3892211914062,244.89999389648438,809.58740234375,165.03968811035156,10395.9033203125,998.9039916992188,74.09602355957031,809.529541015625,419.53863525390625
2022-07-08,364.6931457519531,733.0594482421875,253.1999969482422,794.8695068359375,169.13795471191406,10670.033203125,1025.8353271484375,75.35188293457031,832.4207153320312,428.24908447265625
2022-07-11,370.17047119140625,731.641845703125,242.39999389648438,822.6261596679688,170.16746520996094,10407.9521484375,1018.4903564453125,72.50033569335938,832.7755126953125,433.7267761230469
2022-07-12,369.7139892578125,728.097900390625,236.0,820.3543090820312,173.8499755859375,10302.5166015625,1022.40771484375,73.56414031982422,839.87353515625,441.7188415527344
2022-07-13,369.8052978515625,725.0856323242188,230.60000610351562,811.56298828125,170.26646423339844,10269.380859375,1024.8560791015625,71.52519226074219,848.0362548828125,433.4573974609375
2022-07-14,369.1206359863281,719.2381591796875,226.3000030517578,796.7462158203125,165.5148468017578,10278.41796875,1005.7592163085938,70.12158966064453,836.1471557617188,420.077392578125
2022-07-15,382.08343505859375,739.7928466796875,236.1999969482422,799.9071655273438,160.12966918945312,10576.6494140625,1028.28369140625,70.57959747314453,843.2451782226562,430.7634582519531
2022-07-18,385.8262634277344,731.464599609375,239.39999389648438,820.7494506835938,164.94068908691406,11130.9365234375,1066.9666748046875,72.21961975097656,857.4412231445312,441.35968017578125
2022-07-19,382.7680969238281,735.008544921875,241.6999969482422,805.0436401367188,164.3665313720703,11103.8232421875,1077.7391357421875,73.50503540039062,854.7794189453125,453.3028259277344
2022-07-20,378.3863220214844,727.3892211914062,246.89999389648438,796.153564453125,168.88058471679688,11170.09765625,1089.980712890625,73.84484100341797,837.921630859375,451.68646240234375
2022-07-21,383.2702331542969,758.5756225585938,255.3000030517578,783.1148071289062,166.06919860839844,11085.7490234375,1108.587646484375,74.46539306640625,831.7109375,460.6663513183594
2022-07-22,383.5896911621094,768.3214721679688,254.6999969482422,811.9581298828125,173.19664001464844,10962.2392578125,1125.2359619140625,72.85492706298828,834.1951904296875,464.4378662109375
2022-07-25,381.9921875,746.7034301757812,240.39999389648438,786.5720825195312,168.68258666992188,11013.4521484375,1105.649658203125,73.56414031982422,831.533447265625,456.7151794433594
2022-07-26,392.535888671875,755.0317993164062,234.3000030517578,794.474365234375,159.67431640625,11158.048828125,1120.339599609375,73.38682556152344,834.5501098632812,436.24114990234375
2022-07-27,386.23699951171875,747.7666015625,236.0,789.9305419921875,159.4169158935547,11161.060546875,1120.339599609375,73.20953369140625,829.0491333007812,443.6046142578125
2022-07-28,385.8262634277344,747.0579833984375,247.1999969482422,842.5794067382812,184.67971801757812,11688.236328125,1154.1259765625,74.28070831298828,823.7256469726562,455.09881591796875
2022-07-29,389.7972106933594,752.5510864257812,252.5,835.269775390625,187.6296844482422,11923.205078125,1194.7677001953125,75.056396484375,834.0177001953125,482.75677490234375
2022-08-01,386.6477966308594,753.43701171875,255.10000610351562,839.6160888671875,184.0857696533203,11905.130859375,1188.8917236328125,74.2437744140625,844.8422241210938,479.5240173339844
2022-08-02,388.5192565917969,754.8545532226562,248.5,837.6405029296875,186.12501525878906,12152.150390625,1185.4639892578125,73.74142456054688,853.7147216796875,462.4623107910156
2022-08-03,352.0042724609375,750.0701293945312,256.0,822.4285888671875,182.58108520507812,12814.8857421875,1177.139892578125,74.05908203125,846.794189453125,472.34014892578125
2022-08-04,355.610107421875,765.6634521484375,266.0,832.5040283203125,187.60989379882812,13272.775390625,1198.684814453125,74.61315155029297,836.5020141601562,479.88323974609375
2022-08-05,345.06640625,735.008544921875,259.20001220703125,815.1190185546875,192.40110778808594,12622.0888671875,1176.6502685546875,75.09333801269531,818.5795288085938,466.0542297363281
2022-08-08,342.3277282714844,741.0332641601562,260.29998779296875,823.8115234375,184.1649627685547,12465.443359375,1176.1605224609375,74.68701171875,830.8236083984375,473.7768859863281
2022-08-09,349.8133239746094,735.89453125,239.5,832.7015991210938,180.1656951904297,12471.46875,1166.8570556640625,74.83477020263672,834.3726806640625,439.7432861328125
2022-08-10,356.84246826171875,752.0194091796875,241.60000610351562,841.5916137695312,196.00442504882812,12700.4140625,1197.70556640625,75.49962615966797,846.0842895507812,470.90338134765625
2022-08-11,361.08734130859375,757.689697265625,247.8000030517578,776.595458984375,198.08326721191406,12670.2890625,1209.4573974609375,75.79512786865234,854.6019897460938,473.5973205566406
2022-08-12,353.3548889160156,743.8683471679688,253.8000030517578,764.2481689453125,190.8964385986328,12067.8017578125,1187.912353515625,75.35188293457031,847.1491088867188,468.3890075683594
2022-08-15,356.3377380371094,749.8931274414062,254.89999389648438,792.1036987304688,188.7384033203125,11986.4658203125,1209.4573974609375,74.83477020263672,853.0050048828125,479.5240173339844
2022-08-16,353.2630310058594,734.12255859375,236.89999389648438,792.2024536132812,187.66929626464844,12176.25,1197.70556640625,76.4230728149414,851.5853271484375,450.07012939453125
2022-08-17,354.73150634765625,787.4585571289062,235.39999389648438,793.6841430664062,192.91587829589844,11899.1064453125,1185.4639892578125,75.27800750732422,884.4136352539062,437.8575439453125
2022-08-18,347.29730224609375,804.6466064453125,245.10000610351562,777.3856811523438,189.05517578125,11826.8076171875,1188.8917236328125,74.68701171875,880.687255859375,428.4286804199219
2022-08-19,353.8137512207031,804.1149291992188,246.6999969482422,774.916259765625,189.6293182373047,11847.8955078125,1193.7882080078125,74.50233459472656,888.1400756835938,435.97174072265625
2022-08-22,368.36102294921875,772.2196655273438,233.5,764.0505981445312,185.96661376953125,11664.13671875,1157.06396484375,72.35258483886719,875.7186279296875,422.9509582519531
2022-08-23,364.59796142578125,755.0317993164062,231.0,755.6544799804688,184.71932983398438,11329.755859375,1135.0291748046875,73.0174560546875,869.8627319335938,422.9509582519531
2022-08-24,374.0972595214844,766.7267456054688,226.60000610351562,757.6300048828125,186.95654296875,11371.9306640625,1129.64306640625,72.95835876464844,876.073486328125,425.9142761230469
2022-08-25,377.0341796875,771.688232421875,226.0,780.3490600585938,190.99542236328125,11465.31640625,1136.4981689453125,73.23908233642578,859.3931274414062,422.0529479980469
2022-08-26,376.070556640625,764.2459106445312,215.39999389648438,760.3958129882812,188.32264709472656,11070.6875,1111.0357666015625,72.2639389038086,856.9088134765625,399.87274169921875
2022-08-29,368.95758056640625,736.4261474609375,209.0,734.1207885742188,181.55157470703125,10947.1787109375,1074.3115234375,71.15582275390625,852.1177368164062,393.7664489746094
2022-08-30,364.68975830078125,733.7681274414062,213.0,738.2694702148438,185.11529541015625,10871.8662109375,1071.3734130859375,71.83545684814453,861.8775634765625,404.0932922363281
2022-08-31,363.68011474609375,751.4878540039062,210.3000030517578,718.0199584960938,184.54112243652344,10697.146484375,1073.8218994140625,73.26862335205078,856.9088134765625,401.4891357421875
2022-09-01,354.8692321777344,737.1349487304688,200.5,707.5493774414062,172.99864196777344,10341.6787109375,1016.5316772460938,71.53996276855469,837.3892822265625,387.2111511230469
2022-09-02,355.419921875,763.0055541992188,211.89999389648438,717.2296752929688,178.1858367919922,10335.654296875,1042.483642578125,73.94827270507812,845.9069213867188,395.02362060546875
2022-09-05,359.22882080078125,751.1334228515625,205.89999389648438,717.1309204101562,182.0861358642578,10007.298828125,1027.3043212890625,73.28339385986328,832.4207153320312,385.7743835449219
2022-09-06,358.6781311035156,775.2321166992188,210.1999969482422,689.4729614257812,173.83018493652344,9811.4912109375,1025.8353271484375,72.82538604736328,834.5501098632812,389.7254943847656
2022-09-07,355.2822265625,768.1442260742188,210.5,717.0321655273438,175.8892059326172,9889.814453125,1011.1455078125,72.58898162841797,826.7422485351562,383.0804443359375
2022-09-08,359.136962890625,785.3322143554688,213.39999389648438,725.3294677734375,180.3042755126953,9739.193359375,1019.4696655273438,74.28070831298828,841.8255615234375,381.19464111328125
2022-09-09,367.03009033203125,804.2921752929688,220.5,718.5137939453125,180.2844696044922,9778.3544921875,1052.7666015625,75.38882446289062,840.9382934570312,389.6357116699219
2022-09-12,369.5999755859375,800.9254760742188,221.89999389648438,718.5137939453125,181.49217224121094,9971.1494140625,1075.2908935546875,77.93749237060547,858.5059204101562,400.5013427734375
2022-09-13,364.0472412109375,781.0795288085938,209.3000030517578,716.1431274414062,173.731201171875,9766.3046875,1028.773193359375,77.56812286376953,855.4892578125,390.53369140625
2022-09-14,361.5233154296875,778.244384765625,207.5,723.1563720703125,171.71176147460938,9700.03125,1031.711181640625,76.7554931640625,840.228515625,381.374267578125
2022-09-15,352.6664733886719,769.0302124023438,205.3000030517578,698.4617919921875,166.7819366455078,9311.427734375,1011.1455078125,79.23030090332031,826.2098999023438,374.90875244140625
2022-09-16,343.9473571777344,762.6510620117188,190.3000030517578,699.7459106445312,161.13938903808594,8817.388671875,948.567138671875,76.64469146728516,820.7089233398438,364.76153564453125
2022-09-19,342.70831298828125,761.056396484375,184.9499969482422,687.2998046875,153.1012420654297,9013.1962890625,960.7106323242188,76.09062194824219,828.516845703125,376.1659240722656
2022-09-20,338.6241149902344,723.4909057617188,177.0500030517578,675.9403076171875,149.51771545410156,8862.57421875,928.3931884765625,76.79243469238281,821.0638427734375,350.3937683105469
2022-09-21,347.48089599609375,722.427734375,170.25,702.9067993164062,155.4374542236328,8922.822265625,905.2813110351562,77.30955505371094,822.4834594726562,355.0632629394531
2022-09-22,340.73504638671875,698.1519165039062,158.1999969482422,672.8782348632812,148.765380859375,8654.716796875,883.3445434570312,77.42036437988281,827.9844360351562,344.6466369628906
2022-09-23,343.8555603027344,673.3443603515625,153.75,664.9759521484375,148.349609375,8335.3994140625,850.6353149414062,74.1698989868164,809.1746215820312,336.65460205078125
2022-09-26,340.3219909667969,673.3443603515625,155.8000030517578,644.1336669921875,146.62713623046875,8410.7099609375,866.6961059570312,74.20683288574219,822.4834594726562,340.0669250488281
2022-09-27,342.80010986328125,674.4075927734375,151.3000030517578,624.476806640625,147.47848510742188,8675.8037109375,879.0355224609375,73.47547912597656,829.404052734375,342.6711120605469
2022-09-28,350.64727783203125,673.3443603515625,145.5500030517578,625.8596801757812,145.59764099121094,8452.884765625,886.67431640625,71.25924682617188,816.9824829101562,341.4139404296875
2022-09-29,350.92266845703125,669.800537109375,134.39999389648438,592.9664916992188,137.4802703857422,7982.9453125,858.4699096679688,69.35328674316406,798.5276489257812,320.85003662109375
2022-09-30,349.4083251953125,687.3427734375,134.10000610351562,600.0785522460938,140.19265747070312,8353.474609375,877.4686279296875,70.06248474121094,793.0266723632812,322.4664306640625
2022-10-03,355.00689697265625,686.6341552734375,130.4499969482422,641.2691040039062,139.81649780273438,8615.5546875,892.3543090820312,69.16121673583984,789.4776611328125,329.2911376953125
2022-10-04,360.60552978515625,707.543212890625,136.8000030517578,629.4157104492188,147.59727478027344,8961.984375,928.1973876953125,69.2350845336914,818.9344482421875,350.3937683105469
2022-10-05,363.86370849609375,694.0762939453125,124.55000305175781,612.0307006835938,142.1527099609375,8615.5546875,895.6840209960938,67.5950698852539,810.771728515625,340.605712890625
2022-10-06,366.9383544921875,691.9500122070312,123.0,606.4991455078125,139.757080078125,8663.7548828125,906.2606811523438,68.4224624633789,819.289306640625,339.8873291015625
2022-10-07,364.965087890625,681.3182373046875,122.4000015258789,584.8666381835938,136.98532104492188,8464.9345703125,868.8506469726562,68.25995635986328,815.5628051757812,328.2135314941406
2022-10-10,363.3130187988281,664.4846801757812,124.4000015258789,579.8289794921875,135.77761840820312,8745.0888671875,889.2205200195312,67.5950698852539,805.8031005859375,335.3076171875
2022-10-11,365.8370056152344,671.7496948242188,123.6500015258789,573.3096313476562,133.63937377929688,8483.0087890625,875.1182861328125,68.27472686767578,830.46875,334.23004150390625
2022-10-12,367.5808410644531,673.1672973632812,127.19999694824219,576.1741943359375,133.63937377929688,8754.1279296875,883.148681640625,69.29419708251953,838.2765502929688,330.54833984375
2022-10-13,361.1103210449219,664.3074340820312,134.60000610351562,568.0743408203125,133.52059936523438,8856.5498046875,871.5928344726562,70.10680389404297,829.0491333007812,337.283203125
2022-10-14,366.61712646484375,690.7095947265625,144.75,584.5703125,139.40072631835938,9130.681640625,898.4260864257812,70.81599426269531,846.0842895507812,342.7608947753906
2022-10-17,367.9479064941406,696.0255126953125,146.5,591.8799438476562,140.2124481201172,9166.830078125,922.517333984375,71.62861633300781,835.2598876953125,350.21417236328125
2022-10-18,370.471923828125,720.8328247070312,155.3000030517578,597.2139282226562,144.2909393310547,9570.49609375,952.6802368164062,73.87440490722656,839.87353515625,359.6430358886719
2022-10-19,366.7547912597656,709.6694946289062,149.8000030517578,587.2373657226562,142.9248504638672,9166.830078125,927.2179565429688,74.65008544921875,810.771728515625,349.94476318359375
2022-10-20,365.28631591796875,719.5926513671875,151.25,582.693603515625,140.35104370117188,9398.7880859375,937.7946166992188,73.81529998779297,783.0892944335938,354.4346923828125
2022-10-21,358.12744140625,713.56787109375,151.8000030517578,567.5804443359375,138.78697204589844,9486.1484375,932.1145629882812,74.2437744140625,777.765869140625,344.37725830078125
2022-10-24,364.965087890625,743.5139770507812,155.1999969482422,592.670166015625,141.9547119140625,9567.4833984375,933.289794921875,75.38882446289062,797.1080322265625,352.0999450683594
2022-10-25,370.3800964355469,747.7666015625,158.64999389648438,619.0440063476562,141.5587615966797,9624.7197265625,993.517822265625,75.056396484375,794.0913696289062,362.9656066894531
2022-10-26,367.9020690917969,754.8545532226562,165.14999389648438,632.8729858398438,150.09185791015625,9621.7080078125,1012.614501953125,75.38882446289062,778.8306274414062,374.3699951171875
2022-10-27,365.97467041015625,744.2227783203125,161.5500030517578,631.1937255859375,149.97308349609375,9431.92578125,997.4351196289062,84.4753646850586,792.6717529296875,368.802490234375
2022-10-28,372.62872314453125,745.9948120117188,165.25,622.00732421875,147.10231018066406,9172.8544921875,986.66259765625,89.38801574707031,782.5570068359375,363.1451721191406
2022-10-31,375.8869323730469,744.2227783203125,160.1999969482422,613.8087768554688,146.90431213378906,9495.185546875,998.9039916992188,89.83126831054688,787.8805541992188,356.5898742675781
2022-11-01,367.5808410644531,744.2227783203125,172.4499969482422,614.5001831054688,148.48818969726562,9730.1552734375,995.966064453125,89.6465835571289,786.2835083007812,362.7859802246094
2022-11-02,394.9313659667969,725.0856323242188,160.6999969482422,612.6234130859375,155.45724487304688,9166.830078125,991.5592041015625,91.01325988769531,787.1708374023438,359.5531921386719
2022-11-03,393.0958251953125,711.0870971679688,158.39999389648438,617.5623168945312,158.05084228515625,8630.6171875,980.2970581054688,90.12677001953125,783.4443359375,352.9979553222656
2022-11-04,386.2581787109375,716.7574462890625,169.6999969482422,613.6112060546875,152.80426025390625,8787.2646484375,999.8834228515625,89.90514373779297,804.028564453125,368.4432678222656
2022-11-07,391.2142639160156,701.69580078125,172.0,629.61328125,159.59512329101562,9230.0908203125,1025.345703125,91.34568786621094,813.6109008789062,373.8311767578125
2022-11-08,390.3883056640625,743.3367309570312,174.5,639.7874755859375,166.52456665039062,9434.9365234375,1039.05615234375,92.01056671142578,815.2079467773438,413.6119384765625
2022-11-09,389.5163879394531,750.4246215820312,173.1999969482422,634.6509399414062,165.8118133544922,9127.6689453125,1028.28369140625,90.64389038085938,801.0119018554688,424.7469177246094
2022-11-10,383.963623046875,796.6728515625,179.3000030517578,679.3975830078125,185.37266540527344,9278.2900390625,1083.1253662109375,89.12947082519531,812.1913452148438,448.4537353515625
2022-11-11,367.6266784667969,792.95166015625,183.5,658.6541137695312,180.85862731933594,9308.416015625,1090.9598388671875,88.61233520507812,808.46484375,470.18499755859375
2022-11-14,379.0533752441406,790.470947265625,189.10000610351562,642.4544677734375,174.2459716796875,9293.3515625,1077.7391357421875,87.68891143798828,817.1599731445312,475.0340881347656
2022-11-15,372.67462158203125,788.876220703125,179.0500030517578,651.9371948242188,179.05697631835938,9227.0791015625,1084.1046142578125,88.13216400146484,817.1599731445312,465.33587646484375
2022-11-16,372.07806396484375,776.472412109375,171.60000610351562,637.6143188476562,172.46409606933594,8949.935546875,1061.0908203125,89.31414794921875,819.8217163085938,454.021240234375
2022-11-17,371.57330322265625,775.2321166992188,171.64999389648438,628.3291015625,173.0382537841797,9019.2216796875,1068.435546875,88.61233520507812,803.3187866210938,447.19659423828125
2022-11-18,372.62872314453125,786.749755859375,173.3000030517578,629.9096069335938,171.5335693359375,9049.3447265625,1065.4976806640625,90.42227172851562,813.4334716796875,455.8172302246094
2022-11-21,376.6670837402344,777.7127685546875,165.0,622.5999755859375,167.83126831054688,8974.03515625,1064.028564453125,90.68082427978516,816.2725830078125,445.0413818359375
2022-11-22,381.02667236328125,775.5864868164062,164.10000610351562,620.6244506835938,172.3057098388672,9004.1591796875,1081.1668701171875,93.45111846923828,804.7383422851562,435.1635437011719
2022-11-23,386.854736328125,766.195068359375,167.39999389648438,618.846435546875,175.71102905273438,9073.4453125,1079.2081298828125,93.19255828857422,793.3815307617188,439.65350341796875
2022-11-24,386.854736328125,778.244384765625,172.25,625.3657836914062,180.70022583007812,9106.5810546875,1090.4703369140625,93.41417694091797,803.3187866210938,441.80865478515625
2022-11-25,389.608154296875,777.8900146484375,172.14999389648438,624.2792358398438,176.70095825195312,9335.5263671875,1100.263427734375,94.11598205566406,800.1246337890625,443.6944274902344
2022-11-28,393.92181396484375,777.5355224609375,170.6999969482422,602.646728515625,173.1570281982422,9187.91796875,1093.89794921875,93.67274475097656,794.0913696289062,451.8660888671875
2022-11-29,403.7882080078125,764.9547119140625,168.3000030517578,596.81884765625,174.3053436279297,9088.5068359375,1083.614990234375,93.93130493164062,801.8992309570312,452.40484619140625
2022-11-30,405.66973876953125,738.5525512695312,168.89999389648438,612.9197387695312,177.6512908935547,9248.166015625,1095.8564453125,94.18985748291016,792.6717529296875,473.7768859863281
2022-12-01,409.6163024902344,761.7651977539062,177.39999389648438,655.3944091796875,179.39353942871094,9218.0419921875,1096.34619140625,95.22409057617188,794.0913696289062,476.6504821777344
2022-12-02,411.6354675292969,785.9310913085938,180.5500030517578,640.0838012695312,182.26429748535156,9052.357421875,1101.732421875,94.7439193725586,808.46484375,487.067138671875
2022-12-05,413.2874755859375,777.6353149414062,177.10000610351562,649.8628540039062,187.09512329101562,9130.681640625,1097.325439453125,95.18716430664062,798.1726684570312,482.2179870605469
2022-12-06,410.7176513671875,761.945556640625,168.0,658.7529296875,185.07569885253906,8910.7734375,1074.80126953125,95.00248718261719,798.3501586914062,485.8099060058594
2022-12-07,407.9183654785156,770.0609130859375,162.0500030517578,647.1958618164062,183.80859375,8901.7353515625,1072.3529052734375,94.85472106933594,798.705078125,479.5240173339844
2022-12-08,411.77313232421875,766.9950561523438,160.9499969482422,634.1571044921875,189.07498168945312,8669.779296875,1053.7459716796875,94.55924224853516,799.59228515625,481.4996032714844
2022-12-09,422.9703674316406,769.880615234375,162.14999389648438,631.3912963867188,201.25100708007812,8989.095703125,1064.518310546875,95.2979736328125,810.4168090820312,478.9852600097656
2022-12-12,418.8861389160156,756.89599609375,161.3000030517578,635.8363037109375,200.70654296875,8754.1279296875,1052.2769775390625,94.70697784423828,805.9805297851562,464.61749267578125
2022-12-13,426.2285461425781,777.8155517578125,168.3000030517578,652.0359497070312,203.3793487548828,8904.7490234375,1081.6563720703125,94.63311004638672,820.1766357421875,474.1361083984375
2022-12-14,430.22100830078125,787.373779296875,166.0,655.4931640625,203.87428283691406,8865.5869140625,1089.490966796875,95.77816009521484,825.1451416015625,470.90338134765625
2022-12-15,427.834716796875,767.3558959960938,160.6999969482422,644.034912109375,199.6176300048828,8742.0771484375,1054.235595703125,97.80970764160156,813.0785522460938,447.8251647949219
2022-12-16,425.7237548828125,753.8301391601562,148.5,611.734375,191.66856384277344,8892.69921875,1061.5804443359375,96.07366180419922,804.7383422851562,440.0127258300781
2022-12-19,420.3546142578125,736.8779907226562,150.14999389648438,620.328125,194.85610961914062,8931.8603515625,1065.9874267578125,96.18446350097656,808.6422729492188,442.5270080566406
2022-12-20,424.4847717285156,730.205322265625,147.1999969482422,617.36474609375,189.07498168945312,8949.935546875,1054.235595703125,96.96015167236328,805.6256103515625,441.98822021484375
2022-12-21,424.4847717285156,739.7633666992188,147.75,618.9451904296875,191.80715942382812,9338.5390625,1066.9666748046875,99.10250854492188,814.3206787109375,446.65777587890625
2022-12-22,428.15594482421875,734.3532104492188,148.0,624.1804809570312,194.26217651367188,9308.416015625,1050.318115234375,100.69081115722656,820.5314331054688,427.35107421875
2022-12-23,428.8442687988281,733.9923706054688,152.64999389648438,616.376953125,196.24200439453125,9576.521484375,1065.4976806640625,101.54035186767578,818.224609375,427.8898620605469
2022-12-27,428.06414794921875,729.1231689453125,151.75,617.36474609375,199.1721649169922,9733.16796875,1071.3734130859375,101.54035186767578,821.7736206054688,436.24114990234375
2022-12-28,426.9627990722656,731.6480712890625,154.39999389648438,614.8953247070312,197.68728637695312,9573.5087890625,1081.6563720703125,100.80162048339844,815.2079467773438,435.25335693359375
2022-12-29,431.78125,745.1737060546875,160.35000610351562,624.970703125,201.69647216796875,9558.4462890625,1089.0013427734375,101.24485778808594,819.1118774414062,441.449462890625
2022-12-30,430.450439453125,732.18896484375,159.75,623.5877685546875,200.0631103515625,9410.837890625,1073.8218994140625,101.4295654296875,819.1118774414062,438.3065185546875
2023-01-02,432.2860412597656,745.5343017578125,171.0,641.2691040039062,199.66712951660156,9823.5400390625,1102.7117919921875,103.3872299194336,820.7089233398438,451.8660888671875
2023-01-03,444.355224609375,755.2728271484375,170.6999969482422,647.3934326171875,198.72671508789062,9576.521484375,1092.428955078125,105.64038848876953,830.6461791992188,452.9436340332031
2023-01-04,441.0052490234375,762.3062133789062,171.0500030517578,655.8883056640625,189.6293182373047,9443.974609375,1089.0013427734375,107.8935546875,841.6480712890625,440.0127258300781
2023-01-05,439.9497375488281,764.8310546875,171.5,624.8718872070312,192.63870239257812,9552.4228515625,1046.890625,108.33680725097656,848.9235229492188,457.07440185546875
2023-01-06,443.98809814453125,764.8310546875,170.89999389648438,630.2059326171875,198.0337677001953,9431.92578125,1043.9525146484375,107.1917495727539,847.8588256835938,471.442138671875
2023-01-09,439.4908752441406,771.1430053710938,176.4499969482422,623.489013671875,200.80555725097656,9317.4521484375,1079.6978759765625,106.97012329101562,840.4059448242188,482.03839111328125
2023-01-10,427.1004333496094,758.338623046875,171.39999389648438,632.774169921875,196.69735717773438,9073.4453125,1064.518310546875,105.23407745361328,823.0158081054688,484.0139465332031
2023-01-11,417.46356201171875,752.5676879882812,179.25,663.6918334960938,208.576416015625,8844.5,1071.8631591796875,106.30526733398438,825.1451416015625,499.4593505859375
2023-01-12,419.29913330078125,768.9788208007812,168.1999969482422,679.1012573242188,211.74415588378906,8781.2392578125,1081.6563720703125,105.23407745361328,837.2117309570312,502.3328552246094
2023-01-13,429.8079833984375,767.896728515625,171.85000610351562,660.9259643554688,212.14015197753906,8829.4384765625,1058.1527099609375,103.53496551513672,842.7127685546875,506.4635925292969
2023-01-16,437.1962890625,770.962646484375,178.14999389648438,673.3720703125,214.02098083496094,9212.0166015625,1100.753173828125,104.23677825927734,861.5225830078125,515.9822387695312
2023-01-17,437.60931396484375,762.4864501953125,179.0,695.9923095703125,211.74415588378906,9139.71875,1111.0357666015625,103.53496551513672,871.2823486328125,517.059814453125
2023-01-18,441.32647705078125,780.3403930664062,179.3000030517578,679.6939086914062,208.47744750976562,9184.90625,1144.8223876953125,103.42415618896484,857.9735717773438,512.0310668945312
2023-01-19,439.6743469238281,767.5361938476562,173.14999389648438,658.3577880859375,199.12266540527344,8844.5,1100.263427734375,103.31334686279297,869.5078125,496.4061279296875
2023-01-20,443.2997131347656,770.962646484375,170.5500030517578,601.0663452148438,200.01361083984375,8955.9599609375,1110.5462646484375,103.53496551513672,871.2823486328125,499.99810791015625
2023-01-23,443.0702819824219,773.4873657226562,170.5500030517578,601.6589965820312,200.90452575683594,9205.9921875,1111.5255126953125,102.57460021972656,872.3470458984375,514.7250366210938
2023-01-24,439.2613830566406,764.6506958007812,172.5,596.81884765625,199.7166290283203,9133.693359375,1106.139404296875,104.38452911376953,872.1696166992188,518.137451171875
2023-01-25,435.03948974609375,739.2224731445312,166.10000610351562,592.8677368164062,194.69772338867188,8564.3447265625,1078.7183837890625,102.50072479248047,866.1362915039062,505.5655822753906
2023-01-26,431.0470275878906,737.4189453125,183.5500030517578,592.0775146484375,195.54904174804688,8693.87890625,1098.7943115234375,103.68272399902344,860.63525390625,510.9534606933594
2023-01-27,434.9935607910156,739.5830688476562,177.0,596.0286254882812,190.322265625,8699.9033203125,1103.201416015625,105.0863265991211,854.6019897460938,518.6761474609375
2023-01-30,441.2346496582031,743.370361328125,175.35000610351562,597.6090698242188,191.9853515625,8901.7353515625,1102.7117919921875,106.41606903076172,855.311767578125,517.2393798828125
2023-01-31,432.7449645996094,741.7471923828125,167.8000030517578,597.6090698242188,196.7765655517578,8925.8349609375,1102.7117919921875,104.97552490234375,858.5059204101562,508.2595520019531
2023-02-01,432.4696350097656,756.5352172851562,176.0,607.4869384765625,195.8262481689453,9202.9794921875,1127.1947021484375,106.23139953613281,872.3470458984375,515.4434814453125
2023-02-02,415.8114929199219,774.3890991210938,186.85000610351562,642.2568969726562,202.73590087890625,9721.1171875,1224.147216796875,100.87550354003906,876.9608154296875,545.4361572265625
2023-02-03,432.05657958984375,761.2241821289062,189.75,637.3179931640625,199.66712951660156,9615.68359375,1243.2437744140625,102.4268569946289,885.1234130859375,543.281005859375
2023-02-06,439.6285095214844,745.89501953125,184.8000030517578,642.059326171875,199.2216796875,9459.0361328125,1233.4505615234375,99.5088119506836,867.37841796875,529.811279296875
2023-02-07,443.3456115722656,739.9437255859375,190.35000610351562,634.1571044921875,197.56849670410156,9413.8486328125,1226.595458984375,101.4295654296875,846.6167602539062,525.3212280273438
2023-02-08,445.50244140625,746.9771728515625,195.0,634.4534301757812,206.3986053466797,9326.4892578125,1245.2025146484375,104.34759521484375,835.6148071289062,581.1759643554688
2023-02-09,443.7586669921875,733.4515380859375,170.0,634.3546752929688,213.72401428222656,9489.1611328125,1258.4232177734375,107.7458267211914,857.9735717773438,588.18017578125
2023-02-10,444.40106201171875,716.138671875,167.64999389648438,627.6377563476562,210.95223999023438,9218.0419921875,1250.09912109375,109.22329711914062,860.63525390625,556.9302978515625
2023-02-13,456.1489562988281,718.3026733398438,160.64999389648438,629.0205688476562,209.6158447265625,9160.8056640625,1254.99560546875,109.40798950195312,874.6539306640625,561.2406616210938
2023-02-14,456.1489562988281,727.500244140625,161.4499969482422,618.2537841796875,206.10162353515625,9293.3515625,1253.0369873046875,109.2602310180664,877.315673828125,568.9633178710938
2023-02-15,453.8545227050781,732.369384765625,163.9499969482422,617.9573974609375,205.70565795898438,9193.9423828125,1253.526611328125,110.92240142822266,874.6539306640625,579.3799438476562
2023-02-16,444.9059143066406,732.9105224609375,167.4499969482422,620.5256958007812,204.46826171875,9380.712890625,1259.402587890625,112.9539566040039,876.6058959960938,602.0091552734375
2023-02-17,452.477783203125,733.4515380859375,165.5,622.5999755859375,202.93386840820312,9392.76171875,1263.8095703125,112.8431625366211,868.62060546875,593.2089233398438
2023-02-20,451.4222717285156,731.6480712890625,165.60000610351562,629.61328125,203.0328826904297,9690.9931640625,1255.4853515625,114.4683837890625,874.8313598632812,592.6701049804688
2023-02-21,458.9941711425781,731.1070556640625,161.8000030517578,631.9839477539062,201.20150756835938,9621.7080078125,1254.016357421875,115.87200927734375,872.3470458984375,582.971923828125
2023-02-22,457.52569580078125,724.0736694335938,155.39999389648438,619.2415771484375,195.46987915039062,9431.92578125,1256.464599609375,114.20982360839844,876.9608154296875,587.8209838867188
2023-02-23,460.7380065917969,720.4668579101562,154.6999969482422,610.9441528320312,198.97418212890625,9609.658203125,1259.402587890625,117.64498138427734,881.2195434570312,581.3555297851562
2023-02-24,457.5715637207031,726.5984497070312,152.14999389648438,613.8087768554688,196.42018127441406,9615.68359375,1254.505859375,118.45761108398438,874.4764404296875,572.9144897460938
2023-02-27,463.6750183105469,739.2224731445312,151.39999389648438,611.6356201171875,196.1430206298828,9826.5517578125,1257.4439697265625,118.3467788696289,878.9127197265625,591.2333984375
2023-02-28,457.1585693359375,733.8121337890625,152.39999389648438,607.6845092773438,198.57823181152344,9886.80078125,1254.505859375,120.74769592285156,883.5264892578125,599.3152465820312
2023-03-01,457.892822265625,721.548828125,145.5500030517578,598.8931884765625,206.49758911132812,10206.119140625,1268.7060546875,119.38104248046875,888.5838012695312,592.4905395507812
2023-03-02,461.19696044921875,709.82666015625,148.6999969482422,598.0042114257812,201.9934539794922,10272.3935546875,1265.7681884765625,119.93509674072266,904.1106567382812,587.2821655273438
2023-03-03,463.1242980957031,716.6796264648438,157.4499969482422,601.8565673828125,201.8944549560547,10221.181640625,1280.9473876953125,121.19095611572266,901.00537109375,596.98046875
2023-03-06,462.5736083984375,713.07275390625,157.75,605.5113525390625,205.01271057128906,10212.1455078125,1279.96826171875,120.93238830566406,897.0126342773438,605.4215698242188
2023-03-07,466.1530456542969,722.811279296875,156.6999969482422,606.6967163085938,201.44898986816406,9898.8515625,1258.4232177734375,120.7846450805664,887.6964721679688,602.3682861328125
2023-03-08,456.37841796875,723.352294921875,154.6999969482422,599.9000244140625,203.1813507080078,9793.416015625,1247.1610107421875,120.5999526977539,893.02001953125,590.694580078125
2023-03-09,463.49139404296875,736.1566162109375,157.5500030517578,594.9000244140625,209.12088012695312,9678.9443359375,1268.21630859375,120.45220947265625,905.4415893554688,597.87841796875
2023-03-10,458.71881103515625,715.2369995117188,152.35000610351562,582.0,203.0328826904297,9552.4228515625,1238.3472900390625,114.87469482421875,898.7871704101562,578.122802734375
2023-03-13,451.5599670410156,728.582275390625,147.5500030517578,587.4000244140625,199.07318115234375,9371.67578125,1204.560791015625,106.97012329101562,890.8018798828125,561.4202270507812
2023-03-14,453.9462585449219,739.2224731445312,144.5,600.0,207.38851928710938,9817.515625,1231.0023193359375,109.88816833496094,899.5548706054688,575.6083984375
2023-03-15,455.6900939941406,734.8941040039062,146.35000610351562,577.2000122070312,194.24237060546875,9697.0185546875,1218.7608642578125,103.53496551513672,894.813720703125,545.076904296875
2023-03-16,446.60382080078125,747.6984252929688,142.8000030517578,574.2000122070312,195.7272491455078,9534.3466796875,1233.940185546875,103.86741638183594,933.6552124023438,552.2608032226562
2023-03-17,448.62298583984375,755.0925903320312,147.75,557.7999877929688,188.30284118652344,9660.869140625,1227.049560546875,103.16559600830078,921.8021850585938,537.8779907226562
2023-03-20,453.8085632324219,758.6992797851562,143.60000610351562,558.7000122070312,193.03465270996094,9681.9560546875,1236.8934326171875,103.57190704345703,928.6405029296875,552.2608032226562
2023-03-21,462.02288818359375,752.5676879882812,143.1999969482422,564.5,195.8064422607422,9826.5517578125,1246.2452392578125,107.33950805664062,920.890380859375,560.5585327148438
2023-03-22,467.7133483886719,754.1908569335938,143.60000610351562,565.0999755859375,194.38095092773438,9874.751953125,1269.870849609375,106.19445037841797,927.7286987304688,566.0903930664062
2023-03-23,474.8721923828125,764.4702758789062,145.1999969482422,566.5,193.07424926757812,9636.76953125,1280.6990966796875,103.2025375366211,927.2728271484375,571.0690307617188
2023-03-24,485.2101135253906,767.1754150390625,146.6999969482422,547.5,186.52098083496094,9510.248046875,1261.50341796875,100.72775268554688,937.3023681640625,556.5018310546875
2023-03-27,493.53594970703125,779.6189575195312,143.39999389648438,561.4000244140625,187.6296844482422,9338.5390625,1275.284912109375,101.46649169921875,949.6112060546875,565.7215576171875
2023-03-28,492.33331298828125,769.7001953125,140.6999969482422,550.0,185.51124572753906,9281.302734375,1274.3004150390625,100.61692810058594,934.5669555664062,564.06201171875
2023-03-29,498.9013977050781,790.619873046875,150.6999969482422,552.2000122070312,186.54078674316406,9895.599609375,1316.1373291015625,102.72235870361328,950.5230102539062,577.3384399414062
2023-03-30,499.36395263671875,809.1951904296875,156.14999389648438,577.5,196.3212127685547,10150.5107421875,1345.6693115234375,103.79353332519531,954.1701049804688,594.1182861328125
2023-03-31,502.2318115234375,813.16259765625,153.89999389648438,583.4000244140625,196.9943389892578,10401.2431640625,1305.80126953125,101.94667053222656,969.2142944335938,604.260009765625
2023-04-03,503.15692138671875,803.9652099609375,152.64999389648438,583.2000122070312,200.1125946044922,9916.494140625,1243.7843017578125,102.4268569946289,971.0379028320312,590.9835815429688
2023-04-04,501.5841979980469,812.0806274414062,153.1999969482422,577.7999877929688,195.41046142578125,9933.208984375,1252.6436767578125,101.79891967773438,973.773193359375,593.0119018554688
2023-04-05,497.5138244628906,836.6071166992188,149.89999389648438,583.2000122070312,195.50946044921875,9586.3623046875,1223.1119384765625,100.98629760742188,995.6558227539062,579.9199829101562
2023-04-11,500.19659423828125,843.27978515625,154.25,588.0,191.76756286621094,10104.54296875,1219.17431640625,103.57190704345703,986.9939575195312,571.0690307617188
2023-04-12,510.8350830078125,828.8524780273438,152.8000030517578,596.5999755859375,194.2027587890625,10334.3818359375,1212.2835693359375,103.57190704345703,983.3468017578125,549.3104858398438
2023-04-13,516.5707397460938,838.2302856445312,155.89999389648438,608.5999755859375,191.94573974609375,10693.765625,1246.2452392578125,105.64038848876953,986.5380249023438,556.8706665039062
2023-04-14,529.4293823242188,845.4439086914062,155.14999389648438,608.4000244140625,192.67828369140625,11178.5166015625,1246.2452392578125,109.40798950195312,984.7144775390625,574.019287109375
2023-04-17,538.1253051757812,852.2969970703125,154.3000030517578,602.2000122070312,190.6588592529297,11588.0478515625,1266.4254150390625,108.29987335205078,992.0086669921875,570.1470336914062
2023-04-18,534.3323974609375,863.8388671875,159.85000610351562,587.7999877929688,192.42091369628906,11391.6396484375,1269.870849609375,109.33411407470703,989.2733764648438,586.373779296875
2023-04-19,519.0684204101562,844.7225952148438,158.0,592.2000122070312,191.0944061279297,10944.4990234375,1255.596923828125,109.55574798583984,1004.7734985351562,591.72119140625
2023-04-20,517.3107299804688,855.9037475585938,157.35000610351562,591.2000122070312,185.4122772216797,10973.7509765625,1248.706298828125,108.22599029541016,1000.2145385742188,586.55810546875
2023-04-21,538.4953002929688,865.1011962890625,158.35000610351562,604.0,186.00621032714844,10710.4814453125,1241.8154296875,109.07554626464844,1006.14111328125,585.0829467773438
2023-04-24,533.4998168945312,875.2003173828125,160.3000030517578,600.2000122070312,186.89715576171875,10614.3671875,1241.3232421875,109.40798950195312,1017.994140625,595.9622192382812
2023-04-25,534.0548706054688,869.2491455078125,160.0,598.2000122070312,183.09585571289062,10330.203125,1214.7445068359375,107.45030975341797,1025.7442626953125,586.9268798828125
2023-04-26,513.9804077148438,865.281494140625,155.10000610351562,599.0,177.8888702392578,10137.974609375,1194.564453125,107.33950805664062,1009.7882080078125,569.7782592773438
2023-04-27,516.5707397460938,870.8721313476562,172.9499969482422,607.5999755859375,184.0857696533203,10163.0478515625,1244.2764892578125,107.4133529663086,1014.34716796875,572.9129638671875
2023-04-28,520.1785278320312,877.364501953125,180.0,606.5999755859375,184.5807342529297,10192.30078125,1250.6751708984375,105.3079605102539,1018.9058837890625,575.4945068359375
2023-05-01,523.0462646484375,884.3978271484375,179.89999389648438,618.5999755859375,184.97671508789062,10384.5283203125,1261.99560546875,107.67194366455078,1032.58251953125,591.1680297851562
2023-05-02,522.3987426757812,879.528564453125,176.75,608.7999877929688,184.87770080566406,10096.185546875,1254.120361328125,106.89625549316406,1026.656005859375,580.8419189453125
2023-05-03,519.5309448242188,886.9225463867188,176.14999389648438,598.2000122070312,183.92738342285156,10058.576171875,1270.8551025390625,104.23677825927734,1026.656005859375,578.0760498046875
2023-05-04,506.0246276855469,883.6764526367188,179.0500030517578,630.7999877929688,187.4713134765625,9878.8837890625,1270.8551025390625,100.3214340209961,1024.3765869140625,554.104736328125
2023-05-08,530.0770874023438,893.4149169921875,176.1999969482422,624.7999877929688,191.39137268066406,10092.0068359375,1287.58984375,103.31334686279297,1029.391357421875,565.3528442382812
2023-05-09,528.1343383789062,871.0524291992188,173.5500030517578,617.7999877929688,192.44070434570312,9979.17578125,1289.0665283203125,102.57460021972656,1005.6852416992188,556.3175048828125
2023-05-10,528.0418090820312,878.4465942382812,178.35000610351562,623.4000244140625,199.6176300048828,9862.16796875,1290.5430908203125,101.28180694580078,1006.14111328125,555.9486694335938
2023-05-11,534.5173950195312,840.9354248046875,182.25,630.7999877929688,191.15382385253906,9983.35546875,1303.3402099609375,102.38993072509766,1019.36181640625,564.2464599609375
2023-05-12,543.768310546875,838.0499267578125,181.75,652.7999877929688,202.6864013671875,10121.259765625,1305.30908203125,103.60884094238281,1024.83251953125,566.0903930664062
2023-05-15,537.4777221679688,834.0609130859375,182.64999389648438,663.5999755859375,204.46826171875,10209.015625,1297.433837890625,104.82776641845703,1040.7884521484375,567.0123291015625
2023-05-16,529.7994384765625,829.7092895507812,179.0,651.4000244140625,207.833984375,10033.501953125,1298.418212890625,103.68272399902344,1037.5972900390625,549.6793212890625
2023-05-17,531.9271240234375,827.533447265625,177.3000030517578,637.5999755859375,205.55715942382812,9912.314453125,1295.957275390625,104.05209350585938,1024.3765869140625,550.6012573242188
2023-05-22,545.7109985351562,820.6433715820312,179.25,645.2000122070312,206.2501220703125,9837.0947265625,1331.3955078125,105.2710189819336,1038.9649658203125,551.5232543945312
2023-05-23,528.3192749023438,803.5995483398438,171.10000610351562,644.0,200.3600616455078,9799.484375,1312.6920166015625,107.45030975341797,1019.8176879882812,531.9774780273438
2023-05-24,518.6984252929688,795.9841918945312,167.0500030517578,630.7999877929688,197.46949768066406,9498.60546875,1278.7303466796875,105.12328338623047,992.464599609375,518.332275390625
2023-05-25,518.5133666992188,787.4622192382812,185.0,628.4000244140625,201.0530242919922,9406.669921875,1292.5118408203125,105.41876983642578,986.9939575195312,519.06982421875
2023-05-26,526.1915893554688,795.9841918945312,179.5500030517578,614.0,198.08326721191406,9753.5166015625,1315.1529541015625,106.04671478271484,989.2733764648438,524.4172973632812
2023-05-30,516.2006225585938,793.0831909179688,173.8000030517578,617.4000244140625,198.62770080566406,9912.314453125,1322.535888671875,106.67462158203125,977.876220703125,524.4172973632812
2023-05-31,516.2931518554688,795.0775756835938,172.1999969482422,610.0,196.34100341796875,9791.126953125,1321.551513671875,104.68002319335938,956.9054565429688,511.6940612792969
2023-06-01,508.15234375,793.0831909179688,174.64999389648438,621.2000122070312,200.01361083984375,9974.9970703125,1326.4736328125,106.37914276123047,961.0084228515625,507.8218078613281
2023-06-02,500.01153564453125,799.066650390625,181.4499969482422,610.5999755859375,202.24093627929688,10254.9833984375,1342.223876953125,109.55574798583984,954.1701049804688,520.9137573242188
2023-06-06,520.6409912109375,792.5392456054688,177.3000030517578,620.2000122070312,205.55715942382812,10075.291015625,1339.270751953125,109.92509460449219,963.7437133789062,523.8640747070312
2023-06-07,505.09954833984375,783.8358764648438,175.64999389648438,603.0,205.06219482421875,10083.6484375,1335.3330078125,118.6792221069336,965.5672607421875,530.31787109375
2023-06-08,508.33734130859375,780.9348754882812,174.60000610351562,634.0,200.01361083984375,10551.68359375,1338.778564453125,119.3440933227539,963.7437133789062,503.7651062011719
2023-06-09,504.91455078125,780.0283203125,174.8000030517578,659.4000244140625,196.65777587890625,10292.5927734375,1317.614013671875,118.6792221069336,958.72900390625,508.92816162109375
2023-06-12,506.0246276855469,780.2096557617188,176.14999389648438,656.2000122070312,195.01451110839844,10179.7626953125,1289.0665283203125,118.9377670288086,962.3759765625,514.2755126953125
2023-06-13,504.7294616699219,769.3305053710938,179.5500030517578,643.0,192.40110778808594,10647.7978515625,1312.1998291015625,119.45491027832031,969.2142944335938,530.6865844726562
2023-06-14,504.7294616699219,767.6986083984375,180.25,657.4000244140625,193.49002075195312,10547.5048828125,1333.8564453125,119.67652130126953,971.94970703125,539.3531494140625
2023-06-15,510.8350830078125,769.87451171875,175.0,667.7999877929688,188.1048583984375,10560.041015625,1339.762939453125,119.75040435791016,981.9791259765625,527.552001953125
2023-06-16,510.55767822265625,788.1875610351562,174.39999389648438,673.4000244140625,191.51019287109375,10183.9423828125,1335.3330078125,121.26482391357422,982.4349975585938,538.800048828125
2023-06-19,500.8441162109375,783.8358764648438,168.85000610351562,660.2000122070312,187.17433166503906,10004.25,1332.8720703125,120.67381286621094,976.0526733398438,532.3462524414062
2023-06-20,504.2669677734375,768.9678344726562,169.0,669.0,189.09478759765625,9870.5263671875,1330.9033203125,121.48645782470703,990.6409912109375,521.4669799804688
2023-06-21,505.654541015625,762.0778198242188,162.89999389648438,647.7999877929688,186.10520935058594,9690.833984375,1334.8408203125,123.18556213378906,970.58203125,535.4808959960938
2023-06-22,502.32421875,761.5338745117188,165.0,643.2000122070312,190.8964385986328,9753.5166015625,1341.731689453125,119.8612289428711,959.1848754882812,535.2965698242188
2023-06-23,503.4344482421875,780.390869140625,163.9499969482422,625.5999755859375,178.2452392578125,9866.3466796875,1337.3018798828125,117.46028900146484,973.3173217773438,531.2398681640625
2023-06-26,497.2362976074219,765.885498046875,164.3000030517578,627.2000122070312,177.928466796875,9962.4609375,1336.8096923828125,119.12246704101562,968.7584228515625,540.0907592773438
2023-06-27,486.59771728515625,749.2042236328125,160.9499969482422,629.7999877929688,175.17648315429688,9987.53515625,1354.03662109375,118.01434326171875,966.47900390625,545.6226196289062
2023-06-28,492.6108093261719,761.1712036132812,166.3000030517578,652.4000244140625,178.1858367919922,10075.291015625,1383.5684814453125,119.23329162597656,993.832275390625,545.2538452148438
2023-06-29,493.44342041015625,758.6327514648438,169.10000610351562,647.0,177.7898712158203,9933.208984375,1387.998291015625,121.26482391357422,992.0086669921875,556.1331176757812
2023-06-30,508.5223693847656,773.5007934570312,170.1999969482422,644.7999877929688,179.63113403320312,10008.4287109375,1410.6392822265625,122.63150024414062,994.2881469726562,561.6649169921875
2023-07-03,500.7516174316406,759.9019775390625,165.9499969482422,644.7999877929688,179.47274780273438,10363.6337890625,1408.178466796875,124.99547576904297,985.626220703125,563.8776245117188
2023-07-04,499.4565734863281,765.5228881835938,166.60000610351562,642.5999755859375,181.29420471191406,10614.3671875,1424.9130859375,124.66304779052734,975.5968017578125,584.3453369140625
2023-07-05,506.9497375488281,763.7096557617188,163.39999389648438,626.5999755859375,176.46337890625,10447.2119140625,1408.178466796875,124.40447998046875,973.3173217773438,579.5511474609375
2023-07-06,500.5665588378906,754.8250732421875,156.3000030517578,614.4000244140625,174.20635986328125,10313.4873046875,1389.967041015625,122.26213073730469,947.7877197265625,564.615234375
2023-07-07,496.77374267578125,733.9736328125,158.35000610351562,616.7999877929688,175.11708068847656,10434.6748046875,1387.506103515625,122.15132141113281,949.1553344726562,573.8348999023438
2023-07-10,491.1307067871094,736.693359375,156.4499969482422,605.0,174.4043426513672,10459.7490234375,1398.33447265625,121.37564086914062,942.77294921875,578.2603759765625
2023-07-11,478.5494384765625,730.8911743164062,157.14999389648438,609.7999877929688,178.00765991210938,10794.0595703125,1413.5926513671875,122.70537567138672,935.478759765625,597.4373779296875
2023-07-12,478.2719421386719,731.072509765625,160.60000610351562,612.4000244140625,182.99685668945312,10777.34375,1434.757080078125,121.9296875,932.7434692382812,619.564697265625
2023-07-13,483.72998046875,722.9132080078125,166.0,627.2000122070312,185.15487670898438,11157.6220703125,1440.1712646484375,122.927001953125,943.6847534179688,612.373291015625
2023-07-14,491.8707580566406,726.7207641601562,165.89999389648438,623.5999755859375,179.84890747070312,11328.9560546875,1451.9840087890625,121.043212890625,945.5082397460938,616.6143798828125
2023-07-17,495.8486022949219,721.2813720703125,162.3000030517578,624.7999877929688,180.73983764648438,11345.671875,1446.56982421875,122.26213073730469,928.6405029296875,606.6571044921875
2023-07-18,492.2407531738281,727.08349609375,167.8000030517578,627.0,183.90757751464844,11596.404296875,1463.304443359375,122.8531265258789,930.0081176757812,612.5578002929688
2023-07-19,492.33331298828125,729.8033447265625,169.64999389648438,625.0,185.92703247070312,11734.30859375,1453.952880859375,121.26482391357422,925.4492797851562,605.3663330078125
2023-07-20,510.7425537109375,732.5230712890625,168.0,605.0,184.52133178710938,11893.1064453125,1465.7655029296875,120.1197738647461,927.2728271484375,605.9195556640625
2023-07-21,513.0553588867188,741.5889282226562,170.8000030517578,605.4000244140625,185.4518585205078,11429.25,1450.9996337890625,122.07743835449219,944.5964965820312,612.373291015625
2023-07-24,508.7999572753906,741.4076538085938,176.85000610351562,616.0,187.372314453125,11374.923828125,1441.64794921875,124.97028350830078,943.2288208007812,611.451416015625
2023-07-25,505.1920471191406,748.8416748046875,180.64999389648438,617.7999877929688,189.84710693359375,11345.671875,1400.3033447265625,124.89312744140625,949.1553344726562,611.0825805664062
2023-07-26,490.7606201171875,755.9130249023438,185.60000610351562,620.2000122070312,189.60952758789062,11354.029296875,1358.4664306640625,123.42743682861328,953.7142333984375,601.3096923828125
2023-07-27,492.33331298828125,765.5228881835938,186.5500030517578,613.2000122070312,183.0364532470703,11562.974609375,1386.5216064453125,124.43028259277344,951.890625,617.3519287109375
2023-07-28,488.8179931640625,758.8140869140625,181.89999389648438,595.0,177.6908721923828,11483.5751953125,1327.4578857421875,123.73601531982422,951.4347534179688,628.5999755859375
2023-07-31,505.1920471191406,763.7096557617188,181.14999389648438,591.2000122070312,179.80931091308594,11646.55078125,1335.8251953125,124.08314514160156,926.8169555664062,625.46533203125
2023-08-01,508.8924255371094,749.385498046875,177.14999389648438,588.2000122070312,178.8391876220703,11500.2900390625,1331.8876953125,123.35028839111328,926.8169555664062,621.4086303710938
2023-08-02,503.2493896484375,735.7867431640625,170.5500030517578,570.5999755859375,176.9979248046875,11383.2822265625,1309.73876953125,122.61744689941406,925.4492797851562,608.5010375976562
2023-08-03,496.4961853027344,732.704345703125,170.3000030517578,568.0,177.25531005859375,11295.5263671875,1312.6920166015625,124.12169647216797,921.3462524414062,608.5010375976562
2023-08-04,491.0381774902344,730.528564453125,175.14999389648438,576.4000244140625,178.04725646972656,10743.9130859375,1311.21533203125,125.31742095947266,914.9638671875,611.6357421875
2023-08-07,504.82196044921875,734.1549682617188,175.14999389648438,574.0,175.84962463378906,10869.2802734375,1322.043701171875,126.12739562988281,925.9051513671875,613.6641235351562
2023-08-08,591.965576171875,736.8746337890625,175.0,575.4000244140625,177.41371154785156,10911.068359375,1309.24658203125,124.3917007446289,928.6405029296875,606.8414916992188
2023-08-09,584.3798217773438,739.4130249023438,175.5,574.7999877929688,173.83018493652344,11019.7197265625,1317.1217041015625,125.27883911132812,919.06689453125,611.0825805664062
2023-08-10,577.256591796875,749.56689453125,174.60000610351562,565.2000122070312,166.7819366455078,11157.6220703125,1317.1217041015625,127.1302719116211,923.6256713867188,624.7277221679688
2023-08-11,574.1112670898438,743.5833740234375,171.60000610351562,564.0,165.55445861816406,11057.3291015625,1304.81689453125,124.54598999023438,907.2138061523438,613.6641235351562
2023-08-14,572.9086303710938,748.116455078125,169.6999969482422,553.0,164.8218994140625,11132.548828125,1302.8480224609375,124.27599334716797,913.5962524414062,619.9334716796875
2023-08-15,576.5165405273438,739.95703125,165.0,538.0,161.4165802001953,11170.1591796875,1287.58984375,123.00314331054688,930.919921875,636.3446044921875
2023-08-16,586.322509765625,746.4845581054688,166.10000610351562,544.7999877929688,162.9014434814453,11274.630859375,1293.4962158203125,123.89028930664062,912.6843872070312,646.1174926757812
2023-08-17,589.6528930664062,726.7207641601562,150.5,528.2000122070312,156.90252685546875,11103.2958984375,1295.957275390625,123.58171081542969,909.402099609375,648.698974609375
2023-08-18,581.4734497070312,725.2703857421875,140.75,530.7999877929688,154.8039093017578,11161.8017578125,1287.09765625,123.46599578857422,920.4345092773438,645.1954956054688
2023-08-21,586.1207885742188,728.896728515625,145.60000610351562,528.7999877929688,152.6062774658203,11370.7451171875,1286.60546875,123.58171081542969,912.6843872070312,648.8833618164062
2023-08-22,590.2105102539062,729.8033447265625,145.64999389648438,533.2000122070312,156.86294555664062,11491.93359375,1288.0821533203125,122.23171997070312,909.402099609375,642.9827880859375
2023-08-23,605.9185180664062,723.094482421875,147.25,542.7999877929688,160.0306854248047,11249.5576171875,1286.60546875,121.07459259033203,917.69921875,639.294921875
2023-08-24,600.2487182617188,724.5450439453125,146.14999389648438,554.2000122070312,163.75277709960938,10944.4990234375,1283.65234375,120.72747039794922,918.1550903320312,636.5289916992188
2023-08-25,593.9284057617188,707.1386108398438,145.85000610351562,554.7999877929688,162.70347595214844,10831.6689453125,1283.65234375,119.53175354003906,926.361083984375,640.2168579101562
2023-08-28,600.8994140625,723.27587890625,144.4499969482422,555.2000122070312,164.34674072265625,10848.3837890625,1299.8948974609375,121.69173431396484,933.6552124023438,652.5712890625
2023-08-29,601.8287963867188,715.116455078125,145.3000030517578,559.4000244140625,167.4154815673828,11028.076171875,1323.0281982421875,121.3831787109375,926.361083984375,658.2875366210938
2023-08-30,598.5757446289062,711.6715087890625,142.60000610351562,420.8999938964844,158.625,11023.8974609375,1311.21533203125,120.80459594726562,925.9051513671875,659.7626342773438
2023-08-31,592.0694580078125,711.8528442382812,141.39999389648438,442.5,157.377685546875,10451.390625,1287.09765625,119.30032348632812,908.1256103515625,658.1030883789062
2023-09-01,604.710205078125,714.3912963867188,141.1999969482422,447.20001220703125,164.06956481933594,10626.9033203125,1293.4962158203125,118.95320129394531,902.4725952148438,659.0250854492188
2023-09-04,609.1716918945312,729.6220092773438,140.10000610351562,431.3999938964844,160.9810028076172,10723.017578125,1288.0821533203125,119.57032012939453,894.448974609375,669.3511352539062
2023-09-05,615.1202392578125,714.9352416992188,129.4499969482422,395.70001220703125,155.57603454589844,10430.49609375,1268.3941650390625,120.49603271484375,893.9019775390625,670.6419067382812
2023-09-06,616.8861694335938,708.7705078125,128.8000030517578,382.0,153.04183959960938,10622.724609375,1282.66796875,119.99462127685547,898.6431274414062,658.1030883789062
2023-09-07,628.597412109375,704.4188232421875,127.6500015258789,370.0,148.62680053710938,10338.560546875,1273.3160400390625,119.9560317993164,887.8842163085938,654.599609375
2023-09-08,629.8057250976562,704.05615234375,133.39999389648438,386.29998779296875,144.785888671875,10280.056640625,1277.2537841796875,118.5289077758789,885.8783569335938,667.5072021484375
2023-09-11,635.6614379882812,691.3639526367188,132.14999389648438,384.20001220703125,144.0137481689453,10426.31640625,1277.2537841796875,119.41605377197266,879.1312255859375,676.7269287109375
2023-09-12,633.4306030273438,684.4739379882812,133.0,381.0,141.7765350341797,10309.30859375,1270.363037109375,119.6474838256836,878.9488525390625,677.2800903320312
2023-09-13,626.180908203125,683.5673217773438,130.0500030517578,388.3999938964844,149.29994201660156,10455.5693359375,1261.99560546875,120.18745422363281,872.5664672851562,668.9823608398438
2023-09-14,634.73193359375,715.4791870117188,134.0,407.3999938964844,156.4273681640625,10572.578125,1272.8238525390625,122.50172424316406,870.92529296875,678.7553100585938
2023-09-15,619.4887084960938,702.9683227539062,136.25,397.29998779296875,155.14047241210938,10505.7158203125,1290.05078125,122.4631576538086,868.9193725585938,686.4998168945312
2023-09-18,604.5242919921875,700.9738159179688,133.10000610351562,407.20001220703125,154.5267333984375,10401.2431640625,1297.926025390625,121.03601837158203,861.9898681640625,680.0460205078125
2023-09-19,601.3641357421875,682.6607055664062,130.75,407.3999938964844,154.8831024169922,10560.041015625,1271.3472900390625,122.61744689941406,859.9840087890625,673.0390625
2023-09-20,615.8637084960938,698.6165161132812,132.6999969482422,416.1000061035156,156.6847381591797,10697.9443359375,1291.5274658203125,127.43881225585938,862.5369873046875,662.712890625
2023-09-21,596.99560546875,692.6331176757812,127.9000015258789,408.70001220703125,153.81398010253906,10752.2705078125,1287.09765625,128.05596923828125,854.8780517578125,652.3868408203125
2023-09-22,596.1591186523438,687.193603515625,129.5,401.5,152.6854705810547,10547.5048828125,1282.1756591796875,128.48025512695312,846.1250610351562,653.862060546875
2023-09-25,592.2553100585938,676.4959716796875,126.30000305175781,385.1000061035156,150.9036102294922,10275.876953125,1273.8082275390625,126.12739562988281,839.01318359375,663.8192749023438
2023-09-26,604.2454223632812,675.7706909179688,123.19999694824219,380.0,143.18222045898438,10417.9599609375,1270.8551025390625,126.43597412109375,834.0896606445312,656.443603515625
2023-09-27,601.8287963867188,676.1332397460938,123.19999694824219,384.6000061035156,144.74630737304688,10434.6748046875,1279.2225341796875,126.12739562988281,825.336669921875,655.7059936523438
2023-09-28,605.5466918945312,672.688232421875,125.1500015258789,382.79998779296875,147.00332641601562,10534.9677734375,1294.9727783203125,127.28455352783203,815.489501953125,669.904296875
2023-09-29,598.4827880859375,677.7651977539062,127.75,385.1000061035156,150.032470703125,10643.6201171875,1298.418212890625,126.78312683105469,812.7542114257812,674.5142211914062
2023-10-02,591.8834838867188,665.2542114257812,123.0,358.3999938964844,145.59764099121094,10668.6923828125,1278.2381591796875,124.35313415527344,797.8010864257812,665.1101684570312
2023-10-03,581.5664672851562,661.6278076171875,118.44999694824219,336.79998779296875,137.65846252441406,10723.017578125,1275.777099609375,122.07743835449219,824.78955078125,654.599609375
2023-10-04,589.931640625,658.726806640625,116.55000305175781,334.29998779296875,136.19337463378906,10647.7978515625,1251.1673583984375,122.3474349975586,833.5425415039062,652.0181274414062
2023-10-05,590.9540405273438,661.6278076171875,119.44999694824219,339.0,134.2333526611328,10852.5625,1274.3004150390625,123.31172180175781,841.5662231445312,730.016845703125
2023-10-06,599.7840576171875,667.4300537109375,119.05000305175781,332.79998779296875,134.92628479003906,11032.2548828125,1283.65234375,124.43028259277344,818.5894775390625,755.4632568359375
2023-10-09,594.85791015625,664.5289306640625,115.9000015258789,343.29998779296875,138.01483154296875,11057.3291015625,1275.284912109375,123.0802993774414,813.6659545898438,752.1441650390625
2023-10-10,604.2454223632812,669.0618896484375,121.3499984741211,370.0,145.6966094970703,10840.02734375,1298.418212890625,124.97028350830078,824.9718627929688,753.9881591796875
2023-10-11,633.7094116210938,659.8146362304688,118.5,371.3999938964844,146.5677490234375,10543.326171875,1270.8551025390625,126.93741607666016,828.4366455078125,756.0164184570312
2023-10-12,660.1063232421875,659.4520874023438,116.8499984741211,359.0,147.39927673339844,10543.326171875,1269.870849609375,127.94025421142578,823.6954956054688,749.9314575195312
2023-10-13,665.9619140625,652.7432861328125,114.1500015258789,325.20001220703125,146.8053436279297,10718.8388671875,1268.8863525390625,126.62882232666016,816.5835571289062,752.8817749023438
2023-10-16,657.0390625,658.1828002929688,115.0999984741211,320.0,144.66709899902344,10326.0244140625,1233.940185546875,127.28455352783203,807.83056640625,761.1795043945312
2023-10-17,662.7088012695312,667.4300537109375,115.5,327.1000061035156,144.66709899902344,10171.40625,1200.4708251953125,126.51310729980469,792.1480712890625,761.9171142578125
2023-10-18,662.5228881835938,662.3531494140625,113.5999984741211,325.5,140.46983337402344,9937.3876953125,1148.2978515625,127.55453491210938,793.2421875,758.5979614257812
2023-10-19,635.9402465820312,641.8642578125,116.6500015258789,325.0,139.93528747558594,9669.939453125,1112.859619140625,126.97598266601562,799.9893798828125,751.0377807617188
2023-10-20,629.8987426757812,661.2652587890625,114.80000305175781,325.29998779296875,143.10302734375,9552.9296875,1098.09375,125.00885009765625,798.34814453125,732.9671630859375
2023-10-23,634.081298828125,658.1828002929688,111.0,323.79998779296875,140.4896240234375,9761.875,1099.5701904296875,122.4245834350586,790.3245239257812,735.3642578125
2023-10-24,633.8024291992188,665.435546875,118.44999694824219,338.5,149.75531005859375,9874.7041015625,1028.6937255859375,121.53746032714844,796.34228515625,747.5343627929688
2023-10-25,643.5618286132812,663.2597045898438,114.44999694824219,332.5,146.23118591308594,9653.2236328125,959.5891723632812,119.99462127685547,792.5128173828125,749.9314575195312
2023-10-26,628.7832641601562,658.1828002929688,115.05000305175781,324.79998779296875,158.26861572265625,9870.5263671875,943.445068359375,117.25605773925781,786.4950561523438,731.1232299804688
2023-10-27,613.633056640625,652.0181274414062,114.80000305175781,343.29998779296875,151.61636352539062,9912.314453125,969.6300048828125,124.85457611083984,783.942138671875,730.570068359375
2023-10-30,629.8987426757812,666.3421630859375,111.5999984741211,333.79998779296875,148.05262756347656,9690.833984375,999.654052734375,126.97598266601562,772.271484375,725.5914306640625
2023-10-31,629.248046875,666.3421630859375,117.30000305175781,339.79998779296875,150.72540283203125,9799.484375,1035.58447265625,127.47740936279297,765.8890380859375,735.9175415039062
2023-11-01,639.1934204101562,680.122314453125,117.4000015258789,252.5,151.1411895751953,9945.74609375,1040.998779296875,129.05882263183594,764.612548828125,750.6690673828125
2023-11-02,659.4557495117188,700.0671997070312,122.8499984741211,275.0,156.64517211914062,10192.30078125,1088.249755859375,129.25167846679688,768.0773315429688,767.2645263671875
2023-11-03,635.6614379882812,692.4517822265625,122.69999694824219,284.0,159.67431640625,8466.419921875,1066.100830078125,129.2130889892578,760.783203125,749.7470092773438
2023-11-06,651.648193359375,684.6552124023438,121.0999984741211,279.8999938964844,161.15919494628906,8374.4853515625,1053.3037109375,129.75308227539062,754.9478149414062,754.1724853515625
2023-11-07,655.9237670898438,687.5562744140625,116.69999694824219,276.79998779296875,155.9720001220703,8212.34375,1046.412841796875,129.09738159179688,762.241943359375,744.7683715820312
2023-11-08,664.8466186523438,698.979248046875,119.75,265.8999938964844,171.2563934326172,8339.3818359375,1037.0611572265625,128.01739501953125,753.8536376953125,811.8878784179688
2023-11-09,646.4431762695312,650.93017578125,121.94999694824219,280.1000061035156,167.653076171875,8504.0302734375,1059.7022705078125,129.02024841308594,757.865478515625,815.944580078125
2023-11-10,642.8182373046875,632.2544555664062,135.35000610351562,293.79998779296875,165.37625122070312,8347.740234375,1053.3037109375,127.55453491210938,749.4771728515625,793.6328125
2023-11-13,644.584228515625,641.5015258789062,139.5,292.20001220703125,166.30677795410156,8310.9658203125,1049.365966796875,128.788818359375,756.2242431640625,815.2069702148438
2023-11-14,634.6389770507812,660.902587890625,148.35000610351562,311.0,172.14732360839844,8625.2177734375,1052.8115234375,129.90737915039062,774.0950317382812,841.9441528320312
2023-11-15,626.4596557617188,669.968505859375,150.85000610351562,310.3999938964844,172.62249755859375,8767.2998046875,1058.7178955078125,133.53305053710938,778.8362426757812,850.0574951171875
2023-11-16,630.54931640625,665.0728759765625,149.5500030517578,303.8999938964844,171.9493408203125,8595.966796875,1058.2257080078125,133.9187774658203,766.0714111328125,838.2562866210938
2023-11-17,645.327880859375,675.7706909179688,148.10000610351562,312.79998779296875,175.84962463378906,8616.8603515625,1068.069580078125,136.8501739501953,773.7302856445312,849.5043334960938
2023-11-20,653.507080078125,681.9354248046875,152.0500030517578,321.3999938964844,178.22543334960938,8708.7958984375,1068.069580078125,136.8887481689453,766.8008422851562,849.5043334960938
2023-11-21,651.2764282226562,687.9189453125,149.8000030517578,311.5,175.7902374267578,8432.9892578125,1058.2257080078125,136.1558837890625,770.2655029296875,834.5684814453125
2023-11-22,652.670654296875,698.979248046875,149.9499969482422,310.20001220703125,175.1368865966797,8516.5673828125,1047.3973388671875,134.84446716308594,779.748046875,838.0718994140625
2023-11-23,659.2698364257812,699.3419189453125,149.60000610351562,312.6000061035156,171.5731658935547,8662.828125,1057.2412109375,135.84732055664062,772.4537963867188,839.3626708984375
2023-11-24,666.1478271484375,706.0506591796875,149.60000610351562,304.0,170.70204162597656,8825.8037109375,1054.2880859375,136.77304077148438,771.359619140625,840.28466796875
2023-11-27,659.9204711914062,729.2593383789062,155.60000610351562,311.3999938964844,175.33486938476562,9005.49609375,1038.5377197265625,136.61874389648438,764.4302368164062,833.4620971679688
2023-11-28,639.3793334960938,727.9901123046875,153.3000030517578,304.3999938964844,173.51341247558594,8921.9189453125,1012.9434204101562,135.38449096679688,760.236083984375,835.3059692382812
2023-11-29,640.7734985351562,728.17138671875,159.14999389648438,316.0,180.70022583007812,9084.8955078125,1037.0611572265625,135.65444946289062,754.4007568359375,840.28466796875
2023-11-30,646.4431762695312,732.5230712890625,161.10000610351562,322.3999938964844,187.6494903564453,9026.390625,1014.4201049804688,136.69589233398438,773.1832275390625,852.0858764648438
2023-12-01,649.4174194335938,714.9352416992188,158.5,326.29998779296875,186.65956115722656,9130.86328125,1038.5377197265625,136.69589233398438,770.4478759765625,858.908447265625
2023-12-04,643.3759155273438,720.7373657226562,159.9499969482422,332.0,184.9173126220703,9143.3994140625,1058.2257080078125,137.54444885253906,767.3478393554688,848.0291748046875
2023-12-05,638.6355590820312,705.8693237304688,160.0,343.20001220703125,187.92666625976562,8942.8134765625,1072.9915771484375,139.47300720214844,770.4478759765625,846.9227905273438
2023-12-06,630.6422729492188,704.962646484375,162.6999969482422,350.29998779296875,189.688720703125,8859.2353515625,1075.9447021484375,139.43443298339844,754.0359497070312,844.34130859375
2023-12-07,619.2099609375,703.6935424804688,161.14999389648438,352.1000061035156,185.61026000976562,8687.9013671875,1071.022705078125,137.27444458007812,756.2242431640625,854.4829711914062
2023-12-08,621.4405517578125,710.3583984375,160.3000030517578,342.5,187.0159454345703,8775.6572265625,1063.1475830078125,138.16159057617188,759.68896484375,864.4402465820312
2023-12-11,621.9982299804688,692.7706909179688,160.9499969482422,338.79998779296875,184.87770080566406,8754.763671875,1060.1944580078125,138.66302490234375,753.306640625,859.0928344726562
2023-12-12,614.3766479492188,696.2882080078125,161.14999389648438,335.3999938964844,180.9180145263672,8616.8603515625,1045.920654296875,136.7344512939453,748.7476806640625,862.0431518554688
2023-12-13,624.4149169921875,704.6193237304688,161.60000610351562,339.5,182.00694274902344,8742.2265625,1080.86669921875,137.54444885253906,747.2888793945312,859.6461181640625
2023-12-14,617.3508911132812,735.7216796875,177.1999969482422,361.3999938964844,192.1041259765625,9160.115234375,1116.3050537109375,137.3516082763672,762.4243774414062,847.6604614257812
2023-12-15,616.9791259765625,728.1312255859375,177.64999389648438,375.6000061035156,191.76756286621094,9878.8837890625,1104.4921875,138.62442016601562,759.5066528320312,846.7384643554688
2023-12-18,630.2704467773438,723.6881103515625,177.0,362.0,190.85684204101562,10183.9423828125,1099.5701904296875,136.54159545898438,756.2242431640625,850.9794921875
2023-12-19,634.17431640625,704.2489624023438,180.75,360.1000061035156,191.1934051513672,9824.5576171875,1152.2354736328125,137.96873474121094,763.7008056640625,866.8374633789062
2023-12-20,645.9783935546875,707.7664794921875,181.4499969482422,371.70001220703125,195.56884765625,10125.4375,1146.3291015625,137.08160400390625,762.0595703125,876.6103515625
2023-12-21,650.9046020507812,716.6529541015625,175.89999389648438,364.70001220703125,197.62789916992188,10397.06640625,1158.1417236328125,135.96302795410156,767.8949584960938,868.4969482421875
2023-12-22,646.0713500976562,720.5407104492188,176.1999969482422,365.3999938964844,198.97418212890625,10685.408203125,1169.46240234375,136.65731811523438,770.6303100585938,857.9864501953125
2023-12-27,643.18994140625,719.9853515625,173.39999389648438,375.29998779296875,207.8834686279297,10188.12109375,1156.1729736328125,138.85586547851562,767.5302734375,857.9864501953125
2023-12-28,648.9527587890625,716.0974731445312,173.5,375.8999938964844,212.83309936523438,10012.6083984375,1163.5560302734375,138.43157958984375,776.1008911132812,855.0361938476562
2023-12-29,648.8597412109375,714.616455078125,171.8000030517578,374.29998779296875,212.14015197753906,10146.3330078125,1167.0013427734375,139.1644287109375,772.089111328125,860.3836059570312
2024-01-02,647.9302368164062,718.5042114257812,175.5,367.0,207.53700256347656,10794.0595703125,1167.0013427734375,140.86155700683594,770.2655029296875,862.9651489257812
2024-01-03,653.9717407226562,713.505615234375,170.0,352.5,200.3105926513672,11345.671875,1170.93896484375,140.0901336669922,770.8126220703125,849.8731079101562
2024-01-04,677.4873657226562,712.9501953125,169.75,365.70001220703125,201.4984893798828,11801.169921875,1209.8226318359375,145.1429443359375,779.9303588867188,857.0645141601562
2024-01-05,674.60595703125,707.5813598632812,168.14999389648438,375.0,202.43890380859375,11679.982421875,1209.8226318359375,146.91722106933594,779.565673828125,872.9224243164062
2024-01-08,669.2150268554688,718.8744506835938,167.0500030517578,386.0,201.64697265625,11019.7197265625,1198.0098876953125,147.30291748046875,777.5597534179688,903.347412109375
2024-01-09,672.0963745117188,728.3163452148438,170.85000610351562,379.5,204.46826171875,11048.970703125,1211.7913818359375,145.99151611328125,782.6657104492188,900.3971557617188
2024-01-10,685.8526000976562,725.7244262695312,169.5500030517578,379.1000061035156,200.7560577392578,10827.4892578125,1215.2366943359375,147.03294372558594,788.318603515625,920.3117065429688
2024-01-11,677.5802612304688,747.2000122070312,173.4499969482422,381.79998779296875,198.82569885253906,10948.677734375,1225.080810546875,145.2972412109375,812.2070922851562,908.69482421875
2024-01-12,674.4200439453125,759.233642578125,182.60000610351562,392.3999938964844,197.94468688964844,10902.7099609375,1247.721923828125,147.34149169921875,827.7072143554688,901.6879272460938
2024-01-15,674.4200439453125,739.0541381835938,181.64999389648438,394.79998779296875,196.22219848632812,10977.9296875,1239.8466796875,146.2229461669922,835.7308349609375,900.9503784179688
2024-01-16,679.9039916992188,725.90966796875,178.0,385.6000061035156,193.19305419921875,11161.8017578125,1244.2764892578125,144.56439208984375,829.713134765625,909.6168823242188
2024-01-17,680.740478515625,747.014892578125,176.85000610351562,375.79998779296875,186.40219116210938,11399.9970703125,1231.9716796875,143.79295349121094,806.7364501953125,908.3260498046875
2024-01-18,680.6475219726562,727.2055053710938,182.5,385.1000061035156,188.20382690429688,11312.2412109375,1242.7999267578125,142.67440795898438,805.82470703125,893.7589721679688
2024-01-19,680.740478515625,723.5028686523438,180.6999969482422,387.79998779296875,186.6991729736328,10777.34375,1210.80712890625,141.7872772216797,803.8187866210938,883.8016967773438
2024-01-22,675.3495483398438,720.3555908203125,180.6999969482422,382.0,191.2329864501953,11003.00390625,1230.9871826171875,145.45152282714844,799.9893798828125,898.1844482421875
2024-01-23,670.2374877929688,716.4677734375,169.35000610351562,385.3999938964844,191.54977416992188,11099.1171875,1233.447998046875,143.36866760253906,800.1716918945312,896.8936767578125
2024-01-24,673.8624267578125,712.209716796875,168.6999969482422,385.20001220703125,194.47994995117188,10844.2060546875,1209.3304443359375,145.41294860839844,799.8070068359375,911.8296508789062
2024-01-25,672.8400268554688,713.505615234375,172.5500030517578,378.8999938964844,193.2128448486328,10965.3935546875,1221.1431884765625,146.762939453125,798.5304565429688,925.6591796875
2024-01-26,680.3685913085938,711.8394775390625,170.0500030517578,382.29998779296875,195.92523193359375,10597.6513671875,1218.18994140625,146.685791015625,810.383544921875,914.7799682617188
2024-01-29,693.1023559570312,718.134033203125,167.25,394.3999938964844,195.09368896484375,10468.1064453125,1217.69775390625,144.4101104736328,814.0306396484375,933.4959106445312
2024-01-30,695.426025390625,718.134033203125,165.5,377.0,192.203125,10568.3994140625,1216.71337890625,144.7572479248047,814.760009765625,938.5667724609375
2024-01-31,720.1498413085938,738.3134765625,163.60000610351562,391.5,194.6779327392578,10635.26171875,1218.18994140625,143.21438598632812,810.7482299804688,930.2689819335938
2024-02-01,730.9317016601562,740.3500366210938,162.5,393.3999938964844,193.1534423828125,10409.6015625,1235.9090576171875,142.7515411376953,804.1834716796875,921.6025390625
2024-02-02,726.2843017578125,727.760986328125,163.25,384.29998779296875,191.1934051513672,10183.9423828125,1211.7913818359375,154.2843017578125,812.9365234375,937.183837890625
2024-02-05,752.6810302734375,733.8703002929688,164.0500030517578,377.70001220703125,184.65992736816406,10459.7490234375,1205.392822265625,153.82144165039062,820.7777709960938,936.7228393554688
2024-02-06,756.1201171875,742.94189453125,162.5500030517578,385.5,186.322998046875,10773.1640625,1192.595703125,150.19577026367188,825.154296875,949.16943359375
2024-02-07,764.2064819335938,749.0513916015625,164.14999389648438,378.6000061035156,198.1822509765625,10752.2705078125,1192.103515625,148.8072052001953,858.3428344726562,945.4815673828125
2024-02-08,756.39892578125,751.828369140625,174.5,384.0,193.96517944335938,9172.65234375,1180.2906494140625,147.84291076660156,857.6134033203125,993.8850708007812
2024-02-09,773.2222290039062,824.7710571289062,179.5500030517578,389.29998779296875,189.86691284179688,9114.1484375,1168.47802734375,149.81004333496094,855.4251708984375,1004.4877319335938
2024-02-12,772.013916015625,814.403564453125,180.1999969482422,398.20001220703125,191.86654663085938,9197.7255859375,1135.5008544921875,150.96717834472656,860.5310668945312,1012.3245849609375
2024-02-13,773.593994140625,792.3726806640625,175.0,401.29998779296875,186.75856018066406,9072.359375,1125.65673828125,151.27574157714844,853.23681640625,1002.6437377929688
2024-02-14,787.164306640625,813.292724609375,175.8000030517578,402.5,186.48138427734375,9038.927734375,1119.258056640625,149.92576599121094,847.9486083984375,1017.8563232421875
2024-02-15,788.6514282226562,820.8832397460938,183.4499969482422,404.1000061035156,187.5504913330078,9114.1484375,1123.6878662109375,149.77146911621094,851.595703125,1021.544189453125
2024-02-16,790.8822021484375,827.548095703125,179.25,397.20001220703125,186.63975524902344,8804.9091796875,1125.16455078125,149.3086395263672,861.4428100585938,1045.5155029296875
2024-02-19,797.4812622070312,819.4022216796875,177.0500030517578,397.6000061035156,182.64048767089844,8976.244140625,1128.1177978515625,149.27005004882812,864.1781005859375,1055.1961669921875
2024-02-20,783.8181762695312,819.7724609375,174.25,389.5,181.49217224121094,8763.12109375,1117.7816162109375,148.7686309814453,865.0899047851562,1052.43017578125
2024-02-21,772.1998291015625,822.5494384765625,169.85000610351562,391.1000061035156,182.4425048828125,8692.080078125,1110.8907470703125,148.26719665527344,876.9429321289062,1044.5933837890625
2024-02-22,793.0198974609375,836.9899291992188,170.0500030517578,385.29998779296875,179.8885040283203,8763.12109375,1105.9688720703125,147.8043670654297,874.2076416015625,1053.3521728515625
2024-02-23,789.1160888671875,845.506103515625,167.0,377.1000061035156,175.67144775390625,8478.95703125,1103.015625,149.65576171875,875.8488159179688,1061.64990234375
2024-02-26,784.5617065429688,850.319580078125,166.0,377.70001220703125,179.47274780273438,8317.6513671875,1077.91357421875,149.96434020996094,870.378173828125,1062.5718994140625
2024-02-27,775.0812377929688,849.3938598632812,167.0500030517578,379.0,181.35357666015625,8320.9951171875,1073.4837646484375,150.04148864746094,872.5664672851562,1063.493896484375
2024-02-28,775.26708984375,836.064208984375,161.5,370.1000061035156,184.1649627685547,8428.8095703125,1068.5618896484375,151.77716064453125,876.3958740234375,1059.8060302734375
2024-02-29,761.8828125,847.54248046875,161.14999389648438,386.70001220703125,190.00550842285156,8145.48193359375,1088.741943359375,156.2128448486328,876.2135620117188,1026.154052734375
2024-03-01,790.8822021484375,848.8385009765625,163.1999969482422,387.20001220703125,195.52926635742188,8041.84521484375,1086.7730712890625,157.52426147460938,854.1486206054688,1057.5010986328125
2024-03-04,815.3269653320312,862.1680908203125,155.5,368.5,193.1534423828125,8000.056640625,1073.97607421875,159.0670928955078,855.789794921875,1048.7423095703125
2024-03-05,794.69287109375,862.3532104492188,149.9499969482422,366.5,193.25244140625,7761.0244140625,1037.5533447265625,157.06141662597656,856.8839721679688,1038.1396484375
2024-03-06,789.023193359375,868.8329467773438,154.6999969482422,375.79998779296875,192.32191467285156,7842.9306640625,1051.3348388671875,156.2899932861328,854.1486206054688,1027.0760498046875
2024-03-07,854.7362670898438,885.1246948242188,155.0,370.0,194.3017578125,7911.46435546875,1046.412841796875,156.52142333984375,862.5369873046875,1046.8984375
2024-03-08,841.1661987304688,900.3056030273438,154.3000030517578,372.5,193.78700256347656,7921.494140625,1047.3973388671875,158.06427001953125,859.2545776367188,1067.181884765625
2024-03-11,831.9644165039062,893.4556884765625,152.64999389648438,363.1000061035156,193.03465270996094,7961.611328125,1048.873779296875,156.44427490234375,857.4310913085938,1051.96923828125
2024-03-12,850.27490234375,903.4529418945312,152.9499969482422,356.5,193.1336669921875,8123.75244140625,1060.1944580078125,157.2928466796875,865.5040893554688,1070.8697509765625
2024-03-13,841.6309204101562,884.9395141601562,152.85000610351562,346.70001220703125,191.54977416992188,7988.35595703125,1055.2725830078125,160.37852478027344,869.4467163085938,1072.2525634765625
2024-03-14,859.290771484375,866.611328125,155.60000610351562,353.20001220703125,191.76756286621094,7829.55859375,1047.8895263671875,159.3756866455078,864.7531127929688,1087.465087890625
2024-03-15,840.2366943359375,869.5734252929688,153.25,348.6000061035156,186.0656280517578,8009.09130859375,1049.871337890625,159.2213897705078,864.3776245117188,1072.953125
2024-03-18,849.7172241210938,861.4275512695312,159.6999969482422,354.70001220703125,189.4313507080078,7881.73779296875,1030.0531005859375,159.7613983154297,863.0634155273438,1069.2080078125
2024-03-19,833.9163818359375,854.7627563476562,164.64999389648438,357.1000061035156,191.25279235839844,7828.673828125,1041.4486083984375,161.45851135253906,861.3736572265625,1075.761962890625
2024-03-20,838.3777465820312,864.9451293945312,174.64999389648438,365.3999938964844,191.17359924316406,8003.78466796875,1077.121337890625,159.45281982421875,857.9942626953125,1070.144287109375
2024-03-21,830.84912109375,860.8721313476562,179.0500030517578,367.1000061035156,194.95510864257812,8113.44970703125,1086.5350341796875,159.91567993164062,851.9863891601562,1089.337646484375
2024-03-22,830.5682983398438,862.5383911132812,182.14999389648438,380.8999938964844,198.62770080566406,8074.53564453125,1104.866943359375,162.9571075439453,870.7609252929688,1050.48291015625
2024-03-25,837.4022827148438,862.90869140625,186.1999969482422,377.29998779296875,197.64768981933594,8051.54150390625,1103.8759765625,163.9976043701172,891.97607421875,1052.3553466796875
2024-03-26,831.5980834960938,858.4654541015625,188.14999389648438,374.79998779296875,194.4007568359375,7839.28662109375,1117.748779296875,165.27821350097656,889.1599731445312,1067.8037109375
2024-03-27,825.044921875,863.0938110351562,182.60000610351562,384.3999938964844,191.05482482910156,7954.25830078125,1111.8033447265625,165.3582305908203,885.7804565429688,1043.4609375
2024-04-02,811.751220703125,851.2452392578125,178.64999389648438,376.70001220703125,184.32334899902344,7979.021484375,1120.7215576171875,165.91851806640625,894.6045532226562,1028.0126953125
2024-04-03,822.7044067382812,853.65185546875,183.39999389648438,378.8999938964844,182.04652404785156,8247.8779296875,1152.9261474609375,167.67935180664062,881.837890625,1038.7796630859375
2024-04-04,805.6661376953125,852.35595703125,184.9499969482422,392.0,181.70005798339844,8481.3583984375,1153.421630859375,167.67935180664062,891.97607421875,1028.0126953125
2024-04-05,812.1257934570312,850.6898193359375,181.75,383.29998779296875,178.6313018798828,8520.271484375,1142.5216064453125,167.59927368164062,877.3319702148438,1026.14013671875
2024-04-08,815.9639892578125,847.1721801757812,185.5500030517578,388.0,181.99703979492188,8384.07421875,1133.10791015625,167.03903198242188,876.95654296875,1020.0545043945312
2024-04-09,802.9512939453125,846.431640625,186.60000610351562,394.8999938964844,183.23443603515625,8288.560546875,1142.5216064453125,164.15768432617188,870.7609252929688,1006.0106201171875
2024-04-10,810.7214965820312,856.243896484375,179.64999389648438,381.79998779296875,177.1464080810547,8161.20703125,1133.6033935546875,164.6378936767578,859.4962158203125,1023.3314208984375
2024-04-11,813.8108520507812,864.3897094726562,177.0,387.6000061035156,178.43331909179688,8527.3466796875,1116.7579345703125,161.43637084960938,863.0634155273438,1027.0762939453125
2024-04-12,823.8279418945312,840.1371459960938,172.5,405.0,177.7898712158203,8530.884765625,1112.2987060546875,162.7169952392578,855.5535888671875,995.7117309570312
2024-04-15,823.0789794921875,846.8018798828125,170.5,396.3999938964844,177.7898712158203,8564.4912109375,1116.7579345703125,164.4778289794922,859.4962158203125,1011.1600341796875
2024-04-16,812.1257934570312,847.1721801757812,166.9499969482422,383.3999938964844,175.71102905273438,8375.23046875,1100.9033203125,160.71603393554688,845.7908325195312,998.9886474609375
2024-04-17,815.6831665039062,833.472412109375,168.89999389648438,375.8999938964844,174.52313232421875,8463.6708984375,1085.0487060546875,161.75653076171875,839.970703125,1009.7555541992188
2024-04-18,807.6321411132812,829.58447265625,166.0,389.3999938964844,174.91909790039062,8290.328125,1064.239501953125,162.31678771972656,844.1011352539062,1006.0106201171875
2024-04-19,810.9087524414062,838.6561279296875,172.85000610351562,385.1000061035156,174.96859741210938,8461.9013671875,1060.27587890625,162.3968505859375,870.7609252929688,1013.032470703125
2024-04-22,819.4278564453125,833.8425903320312,182.0,379.6000061035156,180.85862731933594,8217.322265625,1071.1759033203125,164.3177490234375,886.7191772460938,1032.6939697265625
2024-04-23,834.4065551757812,848.4681396484375,184.14999389648438,389.29998779296875,183.72940063476562,8338.1650390625,1066.716796875,167.1190643310547,877.895263671875,1028.948974609375
2024-04-24,822.6109008789062,853.466796875,187.85000610351562,382.20001220703125,179.27476501464844,8387.5234375,1010.2348022460938,163.91757202148438,885.405029296875,1025.203857421875
2024-04-25,811.4703979492188,799.963134765625,179.0,380.0,175.81004333496094,8280.2958984375,979.0210571289062,162.15673828125,890.0986938476562,1009.2874145507812
2024-04-26,830.0065307617188,799.22265625,188.0500030517578,388.8999938964844,181.70005798339844,8790.900390625,1022.6212158203125,162.31678771972656,895.7310180664062,1029.8851318359375
2024-04-29,828.3214111328125,797.741455078125,190.75,392.5,183.18495178222656,9016.4169921875,1006.7666625976562,162.47686767578125,894.4168090820312,1016.7775268554688
2024-04-30,844.9852294921875,783.4862060546875,190.60000610351562,385.70001220703125,186.5011749267578,9011.99609375,988.7320556640625,161.676513671875,885.405029296875,1001.3292846679688
2024-05-01,840.3980102539062,774.2295532226562,186.39999389648438,381.5,184.96681213378906,8936.822265625,981.597412109375,161.83656311035156,878.833984375,1013.5006103515625
2024-05-02,817.3682861328125,778.6727294921875,208.60000610351562,391.79998779296875,177.39390563964844,8545.0341796875,973.2738647460938,162.47686767578125,868.3202514648438,1076.22998046875
2024-05-03,796.3045043945312,796.0753173828125,200.0,406.3999938964844,178.92828369140625,8456.595703125,973.8683471679688,154.9933319091797,871.1364135742188,1048.1422119140625
2024-05-06,797.0534057617188,807.7387084960938,208.39999389648438,413.6000061035156,179.8192138671875,8688.3076171875,990.5156860351562,159.3153839111328,866.0673217773438,1043.4609375
2024-05-07,826.2619018554688,779.7835693359375,202.0,433.0,185.4122772216797,8972.1982421875,1007.2620849609375,156.0738525390625,878.646240234375,1041.120361328125
2024-05-08,826.8236083984375,782.3753662109375,202.60000610351562,431.1000061035156,189.12448120117188,9228.6728515625,1009.2439575195312,152.67222595214844,897.6084594726562,1059.3773193359375
2024-05-13,851.8193359375,785.9139404296875,203.5,415.1000061035156,190.6588592529297,9940.6123046875,1029.5576171875,154.87327575683594,908.8731689453125,1087.933349609375
2024-05-14,851.9129028320312,777.5332641601562,201.60000610351562,410.0,193.03465270996094,10113.0693359375,1035.0076904296875,155.15341186523438,912.0648193359375,1057.9730224609375
2024-05-15,858.5596313476562,779.7681274414062,208.0,431.29998779296875,195.01451110839844,10024.62890625,1045.4122314453125,154.07290649414062,921.8275146484375,1074.357421875
2024-05-16,854.6278076171875,783.120361328125,214.3000030517578,432.3999938964844,197.19232177734375,10347.43359375,1060.27587890625,156.99427795410156,931.4025268554688,1089.8057861328125
2024-05-17,845.6405639648438,791.5009765625,221.3000030517578,419.5,189.66893005371094,10108.646484375,1048.385009765625,160.95614624023438,929.1495971679688,1094.9552001953125
2024-05-21,868.0150146484375,795.9705810546875,216.39999389648438,415.5,191.79725646972656,10174.9765625,1035.5030517578125,160.55596923828125,916.1951904296875,1074.82568359375
2024-05-22,864.0831298828125,815.8978271484375,211.3000030517578,410.3999938964844,188.97598266601562,10002.51953125,1034.0167236328125,160.95614624023438,897.4207153320312,1042.524658203125
2024-05-23,877.5639038085938,800.2540283203125,221.6999969482422,404.20001220703125,189.17396545410156,10183.8212890625,1051.8531494140625,161.75653076171875,891.788330078125,1067.3355712890625
2024-05-24,869.5128784179688,786.1001586914062,221.1999969482422,401.79998779296875,187.4416046142578,10701.1923828125,1035.0076904296875,160.87612915039062,895.3555297851562,1067.3355712890625
2024-05-27,860.9937744140625,800.0678100585938,222.3000030517578,411.70001220703125,196.05392456054688,10798.4755859375,1034.51220703125,160.71603393554688,902.8652954101562,1065.93115234375
2024-05-28,857.2490844726562,784.4240112304688,221.8000030517578,412.3999938964844,200.45907592773438,10962.08984375,1036.4940185546875,162.31678771972656,897.23291015625,1042.524658203125
2024-05-29,853.317138671875,765.427978515625,214.60000610351562,398.5,192.14373779296875,10975.35546875,1016.1803588867188,162.31678771972656,889.535400390625,1045.33349609375
2024-05-30,858.3724365234375,770.4563598632812,215.5,419.0,192.58920288085938,11050.5283203125,1006.7666625976562,166.8789520263672,876.017822265625,1043.9290771484375
2024-05-31,868.1085815429688,768.0352783203125,217.1999969482422,418.8999938964844,190.9063262939453,11023.99609375,1044.4212646484375,168.63978576660156,872.0751342773438,1052.3553466796875
2024-06-03,864.9256591796875,751.4603881835938,223.3000030517578,419.0,191.351806640625,10661.39453125,1032.5303955078125,170.3206024169922,876.20556640625,1034.56640625
2024-06-04,876.4405517578125,761.8895263671875,217.6999969482422,415.0,189.81741333007812,10599.486328125,1043.430419921875,164.7979736328125,883.152099609375,1028.0126953125
2024-06-06,911.1723022460938,772.5049438476562,224.1999969482422,398.79998779296875,189.17396545410156,10621.5966796875,1092.9759521484375,167.8394012451172,911.1260986328125,1024.7357177734375
2024-06-07,921.1893310546875,782.93408203125,221.8000030517578,397.3999938964844,186.5011749267578,10767.5224609375,1099.4168701171875,168.63978576660156,909.9996337890625,1047.2059326171875
2024-06-10,925.3084716796875,776.2296142578125,223.8000030517578,393.79998779296875,182.98696899414062,10878.0712890625,1106.353271484375,167.51925659179688,898.922607421875,1044.8653564453125
2024-06-11,919.3169555664062,786.6588745117188,214.5,394.79998779296875,182.64048767089844,10121.9130859375,1087.030517578125,165.27821350097656,900.2368774414062,1021.9269409179688
2024-06-12,926.4318237304688,788.5211791992188,222.6999969482422,405.79998779296875,183.33343505859375,10236.884765625,1090.4986572265625,168.63978576660156,897.6084594726562,1031.28955078125
2024-06-13,917.163818359375,795.4119262695312,218.10000610351562,393.79998779296875,184.1748809814453,10099.802734375,1102.3896484375,163.7574920654297,889.3477172851562,1011.1600341796875
2024-06-14,927.7424926757812,792.99072265625,208.10000610351562,385.79998779296875,180.21517944335938,10082.1142578125,1071.67138671875,161.99664306640625,880.71142578125,985.412841796875
2024-06-17,917.9127807617188,794.4806518554688,207.10000610351562,383.70001220703125,173.43421936035156,10338.58984375,1065.7259521484375,164.7179412841797,877.70751953125,982.6040649414062
2024-06-18,918.5680541992188,773.2498779296875,204.89999389648438,390.3999938964844,173.92918395996094,10409.341796875,1072.1668701171875,163.9976043701172,888.784423828125,983.5403442382812
2024-06-19,921.3765869140625,762.0758666992188,206.6999969482422,388.79998779296875,175.46356201171875,10205.9306640625,1050.8621826171875,165.43829345703125,886.34375,985.8810424804688
2024-06-20,930.36376953125,773.2498779296875,209.60000610351562,391.1000061035156,177.34439086914062,10387.2314453125,1054.825927734375,165.91851806640625,888.784423828125,1008.8193359375
2024-06-21,924.8404541015625,787.0313110351562,204.6999969482422,391.1000061035156,175.9090118408203,10099.802734375,1049.3758544921875,164.3177490234375,805.9888916015625,996.6480102539062
2024-06-24,925.3084716796875,790.1973266601562,202.39999389648438,395.0,176.4039764404297,10338.58984375,1064.239501953125,167.99949645996094,806.5521850585938,998.9886474609375
2024-06-25,962.3807373046875,790.9423217773438,200.6999969482422,387.5,173.6816864013672,10320.90234375,1080.589599609375,166.71888732910156,814.8129272460938,993.8391723632812
2024-06-26,942.72119140625,790.383544921875,197.64999389648438,388.79998779296875,174.22616577148438,10586.2216796875,1083.562255859375,165.8384552001953,806.3644409179688,999.4567260742188
2024-06-27,938.60205078125,782.5616455078125,196.75,376.8999938964844,164.87139892578125,10705.6142578125,1063.24853515625,164.4778289794922,793.9732055664062,989.6260375976562
2024-06-28,941.4105224609375,779.0231323242188,194.10000610351562,370.6000061035156,159.62481689453125,10705.6142578125,1057.3031005859375,166.07858276367188,784.3982543945312,984.0084838867188
2024-07-01,940.4744262695312,775.1122436523438,192.3000030517578,376.0,160.4662628173828,11373.3330078125,1133.10791015625,167.3591766357422,792.2835693359375,944.685546875
2024-07-02,930.0829467773438,778.8369750976562,190.39999389648438,371.20001220703125,158.6348876953125,11187.6103515625,1127.1624755859375,165.19818115234375,795.8507080078125,935.5103149414062
2024-07-03,905.7425537109375,774.7398071289062,192.85000610351562,383.6000061035156,161.15919494628906,11607.69921875,1162.8353271484375,163.6774444580078,796.0384521484375,933.8250122070312
2024-07-04,908.0829467773438,791.5009765625,191.75,389.5,161.55516052246094,11483.8828125,1164.817138671875,165.8384552001953,791.3448486328125,919.4066162109375
2024-07-05,911.82763671875,790.1973266601562,190.89999389648438,399.5,162.24810791015625,10891.337890625,1165.3125,163.91757202148438,786.0880126953125,931.5779418945312
2024-07-08,921.7509765625,800.812744140625,188.0,387.70001220703125,160.91171264648438,10329.74609375,1148.9625244140625,163.9976043701172,812.372314453125,948.8987426757812
2024-07-09,904.3383178710938,791.8734741210938,185.9499969482422,389.70001220703125,158.6844024658203,10329.74609375,1130.6307373046875,162.15673828125,814.8129272460938,954.9844360351562
2024-07-10,913.8872680664062,811.241943359375,184.0,398.79998779296875,160.91171264648438,10449.1396484375,1162.8353271484375,164.15768432617188,819.506591796875,954.0482177734375
2024-07-11,905.5553588867188,812.5455322265625,190.60000610351562,412.79998779296875,162.99053955078125,9980.4091796875,1183.64453125,164.7979736328125,824.2001953125,962.4745483398438
2024-07-12,917.7255249023438,811.4281616210938,189.14999389648438,414.20001220703125,166.7522430419922,9631.0732421875,1167.789794921875,164.87799072265625,812.7477416992188,990.0941772460938
2024-07-15,911.1723022460938,808.8208618164062,188.10000610351562,391.3999938964844,156.0115966796875,9626.6513671875,1153.421630859375,161.676513671875,800.7321166992188,987.2853393554688
2024-07-16,908.0829467773438,802.116455078125,188.60000610351562,383.0,153.7347869873047,9794.6865234375,1151.439697265625,159.8356170654297,805.8012084960938,1004.6061401367188
2024-07-17,860.3384399414062,802.8613891601562,176.75,379.3999938964844,150.9134979248047,9715.08984375,1124.189697265625,160.23580932617188,813.8742065429688,992.9029541015625
2024-07-18,830.3810424804688,806.0272827148438,175.85000610351562,389.8999938964844,151.8539276123047,9768.154296875,1174.7261962890625,159.71556091308594,807.3031616210938,985.412841796875
2024-07-19,848.2618408203125,798.577880859375,173.3000030517578,393.70001220703125,157.15000915527344,9379.0205078125,1173.7353515625,172.00137329101562,799.9810791015625,986.34912109375
2024-07-22,850.9767456054688,817.9464111328125,170.0,392.20001220703125,158.6348876953125,9476.3037109375,1202.4718017578125,173.66000366210938,804.2991943359375,1007.8831176757812
2024-07-23,863.427734375,819.436279296875,173.64999389648438,390.79998779296875,157.1995086669922,9498.4130859375,1192.0672607421875,176.479736328125,799.6055908203125,998.5205078125
2024-07-24,844.7980346679688,834.5213012695312,175.25,397.0,159.22885131835938,9538.2119140625,1222.7855224609375,176.3967742919922,797.9158935546875,1002.7337036132812
2024-07-25,825.3257446289062,831.9141235351562,170.85000610351562,398.8999938964844,159.67431640625,9502.8359375,1237.649169921875,173.49417114257812,796.6016845703125,984.0084838867188
2024-07-26,817.9300537109375,828.0031127929688,174.9499969482422,405.79998779296875,160.61474609375,9268.470703125,1238.64013671875,173.57708740234375,808.8050537109375,991.49853515625
2024-07-29,827.759765625,823.1609497070312,175.1999969482422,405.29998779296875,164.37643432617188,9785.841796875,1235.171875,174.48934936523438,773.8845825195312,1006.9468383789062
2024-07-30,839.1809692382812,831.7278442382812,178.35000610351562,402.6000061035156,165.5148468017578,9790.2646484375,1248.5491943359375,176.23094177246094,790.4061279296875,1018.6500244140625
2024-07-31,853.7852172851562,834.893798828125,180.64999389648438,410.3999938964844,168.5341033935547,10108.646484375,1252.512939453125,174.9869384765625,782.3330688476562,1012.0962524414062
2024-08-01,857.3425903320312,834.3350830078125,178.89999389648438,410.79998779296875,166.99972534179688,9905.236328125,1243.5946044921875,171.089111328125,778.5781860351562,1007.8831176757812
2024-08-02,815.6831665039062,836.3837280273438,169.85000610351562,424.5,164.8218994140625,9582.431640625,1199.003662109375,165.32534790039062,784.2105712890625,946.55810546875
2024-08-05,794.5257568359375,827.4443969726562,164.8000030517578,408.29998779296875,153.6357879638672,9520.5234375,1145.98974609375,161.3446044921875,764.8727416992188,913.7890014648438
2024-08-06,831.3172607421875,834.1488647460938,165.85000610351562,403.0,159.4268341064453,9374.59765625,1164.817138671875,160.4738006591797,770.129638671875,933.2632446289062
2024-08-07,775.5216064453125,836.9424438476562,167.25,415.0,167.34620666503906,9162.34375,1202.4718017578125,163.74961853027344,765.43603515625,943.2811889648438
2024-08-08,808.8491821289062,836.7561645507812,172.5500030517578,414.0,163.98046875,9233.0947265625,1200.9853515625,163.79107666015625,763.7462768554688,949.8350219726562
2024-08-09,859.9639892578125,821.4849243164062,173.6999969482422,414.8999938964844,163.3865203857422,9339.22265625,1204.45361328125,164.3301544189453,752.4815673828125,959.6657104492188
2024-08-12,835.9044799804688,823.5335083007812,172.0,417.5,150.7155303955078,9524.9453125,1204.45361328125,164.57894897460938,752.4815673828125,974.6458740234375
2024-08-13,855.9383544921875,837.31494140625,173.5,424.0,156.0115966796875,9370.1767578125,1212.3809814453125,165.44973754882812,755.110107421875,1010.2238159179688
2024-08-14,851.9129028320312,856.683349609375,179.5500030517578,422.5,153.4873046875,9334.80078125,1243.5946044921875,166.279052734375,724.6954345703125,992.9029541015625
2024-08-15,872.3062133789062,865.8088989257812,184.8000030517578,392.0,158.4864044189453,9370.1767578125,1248.5491943359375,170.01100158691406,732.3929443359375,994.307373046875
2024-08-16,863.6602172851562,861.5255126953125,182.0,376.70001220703125,157.84295654296875,9312.69140625,1233.1900634765625,170.42567443847656,728.2625122070312,999.4567260742188
2024-08-19,859.80712890625,870.0924072265625,187.0500030517578,380.20001220703125,159.12985229492188,9604.541015625,1252.512939453125,171.089111328125,718.124267578125,1023.799560546875
2024-08-20,853.6044921875,826.6995239257812,183.35000610351562,370.70001220703125,154.3287353515625,9467.4599609375,1244.5855712890625,170.67446899414062,704.982177734375,1043.4609375
2024-08-21,845.4283447265625,838.8047485351562,183.14999389648438,373.3999938964844,152.15090942382812,9330.37890625,1248.5491943359375,168.5182342529297,713.4307250976562,1047.674072265625
2024-08-22,866.0096435546875,851.2825317382812,166.35000610351562,372.5,152.2003936767578,9432.083984375,1250.531005859375,169.59634399414062,710.80224609375,1061.2498779296875
2024-08-23,857.0817260742188,860.2218627929688,164.64999389648438,382.29998779296875,153.58628845214844,9348.06640625,1223.7763671875,171.42086791992188,718.124267578125,1070.612548828125
2024-08-26,848.8117065429688,858.5457763671875,158.75,384.29998779296875,152.44789123535156,9171.1875,1216.8399658203125,171.50379943847656,718.4998168945312,1074.357421875
2024-08-27,849.6574096679688,860.5943603515625,159.0,388.6000061035156,151.5569610595703,9180.03125,1218.326416015625,170.9232635498047,735.7722778320312,1082.7838134765625
2024-08-28,847.9657592773438,842.3432006835938,153.14999389648438,389.29998779296875,150.22056579589844,9029.68359375,1223.7763671875,172.41603088378906,730.3276977539062,1085.12451171875
2024-08-29,866.66748046875,856.124755859375,153.4499969482422,391.0,151.75494384765625,9020.83984375,1227.2445068359375,173.9088134765625,739.9027099609375,1096.359619140625
2024-08-30,881.6100463867188,856.8696899414062,153.6999969482422,390.6000061035156,153.33880615234375,8901.4462890625,1194.0489501953125,174.65521240234375,743.4699096679688,1105.72216796875
2024-09-02,873.1519775390625,873.817138671875,154.1999969482422,392.0,153.53680419921875,8824.50390625,1213.8671875,175.48452758789062,744.5963745117188,1099.636474609375
2024-09-03,871.5543823242188,870.278564453125,158.8000030517578,398.3999938964844,151.30947875976562,8688.3076171875,1222.2900390625,172.83070373535156,743.0943603515625,1103.849609375
2024-09-04,850.2213134765625,858.5457763671875,164.0500030517578,410.5,151.7054443359375,8874.9150390625,1213.8671875,174.48934936523438,740.2781982421875,1098.2320556640625
2024-09-05,831.8955688476562,833.9625854492188,162.75,423.5,151.75494384765625,8711.3017578125,1213.8671875,173.9088134765625,743.4699096679688,1083.7200927734375
2024-09-06,828.4183349609375,853.70361328125,164.85000610351562,422.3999938964844,145.5679473876953,8576.873046875,1224.767333984375,172.2501678466797,732.7683715820312,1073.4212646484375
2024-09-09,833.587158203125,852.3999633789062,163.9499969482422,414.5,147.69625854492188,8474.2822265625,1226.7490234375,171.33792114257812,722.4423828125,1079.5069580078125
2024-09-10,822.5916748046875,858.5457763671875,158.5,407.20001220703125,147.79525756835938,8454.826171875,1234.180908203125,169.92808532714844,716.05908203125,1065.4630126953125
2024-09-11,836.8764038085938,862.2705078125,160.5500030517578,429.70001220703125,153.78428649902344,8755.5205078125,1238.1446533203125,169.1816864013672,729.7644653320312,1084.188232421875
2024-09-12,859.1492309570312,859.2906494140625,159.5,428.3999938964844,154.0812530517578,8958.931640625,1362.504150390625,170.1768798828125,748.1635131835938,1108.5308837890625
2024-09-13,863.1903076171875,876.9830322265625,164.5,446.3999938964844,160.9612274169922,9020.83984375,1375.8814697265625,170.5086212158203,753.0448608398438,1126.7880859375
2024-09-16,866.573486328125,877.1693115234375,163.0500030517578,442.5,157.5459747314453,8941.244140625,1359.035888671875,170.5086212158203,745.5350952148438,1114.61669921875
2024-09-17,848.9996337890625,857.80078125,170.0500030517578,440.1000061035156,161.5056610107422,9122.544921875,1394.2132568359375,170.1768798828125,744.9718017578125,1091.67822265625
2024-09-18,829.0762329101562,848.489013671875,166.85000610351562,435.5,162.00062561035156,9423.240234375,1372.4132080078125,169.67929077148438,734.2703857421875,1072.953125
2024-09-19,844.1127319335938,844.2056274414062,163.0,427.79998779296875,161.30767822265625,9502.8359375,1364.9813232421875,171.66966247558594,740.2781982421875,1099.636474609375
2024-09-20,798.815185546875,838.24609375,159.64999389648438,435.0,157.34799194335938,9480.7255859375,1351.1085205078125,170.42567443847656,725.6341552734375,1072.4849853515625
2024-09-23,782.2750854492188,824.2784423828125,158.5500030517578,442.5,157.1995086669922,9675.29296875,1359.035888671875,168.76702880859375,718.124267578125,1071.5487060546875
2024-09-24,786.9739990234375,808.075927734375,156.14999389648438,442.20001220703125,153.83377075195312,9887.5478515625,1346.6495361328125,168.43531799316406,725.0709228515625,1087.933349609375
2024-09-25,796.2777709960938,818.505126953125,154.5500030517578,445.0,152.15090942382812,9776.998046875,1353.5859375,167.68890380859375,718.6875,1047.674072265625
2024-09-26,784.5304565429688,806.5860595703125,158.35000610351562,444.0,149.47811889648438,9489.5693359375,1375.385986328125,169.1816864013672,742.7189331054688,1033.6302490234375
2024-09-27,748.5368041992188,819.0637817382812,155.85000610351562,450.1000061035156,148.8841552734375,9573.587890625,1382.3223876953125,167.52305603027344,768.627685546875,1029.4169921875
2024-09-30,739.4209594726562,814.7803955078125,149.75,445.20001220703125,146.35987854003906,9958.2998046875,1369.93603515625,167.1083984375,748.7267456054688,1032.225830078125
2024-10-01,750.1344604492188,816.0841064453125,148.6999969482422,442.29998779296875,139.5789031982422,9471.8818359375,1360.02685546875,162.4641571044922,743.6576538085938,1000.3930053710938
2024-10-02,737.3533935546875,815.7115478515625,148.9499969482422,426.8999938964844,138.3415069580078,9423.240234375,1404.1224365234375,164.03988647460938,758.3016967773438,995.7117309570312
2024-10-03,735.7557373046875,814.7803955078125,145.0,429.0,137.0546112060547,9082.748046875,1397.681396484375,161.05433654785156,759.991455078125,983.5403442382812
2024-10-04,731.3388671875,803.2337646484375,146.8000030517578,418.29998779296875,139.232421875,8614.017578125,1490.8272705078125,158.1931610107422,756.2365112304688,987.7535400390625
2024-10-07,755.0213012695312,812.5455322265625,145.6999969482422,443.3999938964844,140.86581420898438,8836.8857421875,1482.4044189453125,161.5104522705078,760.742431640625,977.9227905273438
2024-10-08,749.1007080078125,809.3795776367188,144.89999389648438,448.20001220703125,137.94554138183594,8936.822265625,1509.1590576171875,163.1276397705078,732.3929443359375,998.9886474609375
2024-10-09,745.8114624023438,804.3512573242188,144.0,455.5,140.5193328857422,8805.046875,1549.291015625,162.50563049316406,744.0330810546875,991.9666748046875
2024-10-10,754.175537109375,812.9180297851562,140.1999969482422,440.5,135.37173461914062,8743.1396484375,1514.6090087890625,163.87403869628906,737.6497802734375,1002.7337036132812
2024-10-11,771.0916137695312,819.436279296875,140.0,443.0,134.53030395507812,8936.822265625,1497.2681884765625,165.24240112304688,742.7189331054688,1008.8193359375
2024-10-14,770.8096923828125,829.3067016601562,137.14999389648438,440.0,130.6201171875,9219.8291015625,1511.140869140625,164.91070556640625,737.8375244140625,996.6480102539062
2024-10-15,754.08154296875,825.3958129882812,136.5,436.0,124.38361358642578,9025.2626953125,1504.2044677734375,165.28387451171875,735.9600219726562,995.2435913085938
2024-10-16,754.8334350585938,821.4849243164062,135.75,434.20001220703125,126.66043090820312,9144.6552734375,1501.231689453125,165.44973754882812,731.0787353515625,995.2435913085938
2024-10-17,767.4264526367188,826.3269653320312,135.39999389648438,438.5,129.877685546875,9003.1513671875,1490.8272705078125,167.0254364013672,753.983642578125,1012.5643920898438
2024-10-18,758.592529296875,834.7076416015625,135.1999969482422,442.3999938964844,128.19480895996094,9308.2685546875,1482.89990234375,166.279052734375,756.2365112304688,1005.0743408203125
2024-10-21,758.9683837890625,844.7643432617188,134.8000030517578,440.1000061035156,128.19480895996094,9409.9736328125,1496.772705078125,164.78628540039062,741.7801513671875,982.6040649414062
2024-10-22,752.765869140625,836.5699462890625,130.0,433.29998779296875,128.5907745361328,9308.2685546875,1500.2408447265625,165.36680603027344,742.7189331054688,964.815185546875
2024-10-23,748.8187255859375,842.7157592773438,130.39999389648438,432.8999938964844,126.70993041992188,9140.2333984375,1497.2681884765625,167.35719299316406,735.0213623046875,959.1975708007812
2024-10-24,740.1727294921875,835.0800170898438,134.35000610351562,434.6000061035156,129.8281707763672,9374.59765625,1485.377197265625,165.6156005859375,739.1517333984375,981.1996459960938
2024-10-25,737.0714721679688,822.9747314453125,131.10000610351562,433.6000061035156,130.81809997558594,9409.9736328125,1486.3680419921875,164.8692169189453,736.8988037109375,974.177734375
2024-10-28,724.1964111328125,835.2662963867188,131.5,434.1000061035156,131.01609802246094,9206.5634765625,1504.2044677734375,165.4082794189453,742.3434448242188,981.6678466796875
2024-10-29,722.5048828125,838.8047485351562,134.5500030517578,419.8999938964844,127.25438690185547,9126.9677734375,1488.349853515625,163.9154815673828,737.2743530273438,998.9886474609375
2024-10-30,725.0422973632812,814.59423828125,133.6999969482422,408.5,128.2443084716797,8857.2265625,1484.3863525390625,162.5885772705078,704.982177734375,988.2216796875
2024-10-31,717.1480102539062,796.3430786132812,133.35000610351562,400.70001220703125,127.79885864257812,9551.4775390625,1476.9544677734375,167.68890380859375,708.737060546875,968.092041015625
2024-11-01,722.598876953125,811.8005981445312,135.8000030517578,408.5,131.3130645751953,9936.189453125,1505.1954345703125,172.5819091796875,715.120361328125,991.9666748046875
2024-11-04,707.2803344726562,827.0719604492188,136.35000610351562,425.1000061035156,134.57980346679688,10179.3984375,1496.2772216796875,172.41603088378906,700.6640014648438,993.3710327148438
2024-11-05,700.5139770507812,825.0233764648438,134.35000610351562,419.70001220703125,118.14710998535156,10130.7568359375,1494.2952880859375,173.9088134765625,699.9130249023438,991.9666748046875
2024-11-06,704.3670654296875,855.752197265625,131.35000610351562,366.0,103.0013198852539,9485.1474609375,1486.3680419921875,172.41603088378906,678.3223876953125,975.114013671875
2024-11-07,686.0413208007812,846.6266479492188,133.60000610351562,374.70001220703125,106.41654968261719,10029.05078125,1466.0543212890625,173.41122436523438,696.53369140625,986.8172607421875
2024-11-08,700.7958984375,849.2339477539062,139.0500030517578,378.79998779296875,103.44678497314453,9918.501953125,1469.027099609375,170.01100158691406,691.8400268554688,996.6480102539062
2024-11-11,727.2977905273438,864.6914672851562,142.64999389648438,381.8999938964844,101.61543273925781,9715.08984375,1484.8817138671875,170.7574005126953,701.79052734375,1007.8831176757812
2024-11-12,703.8031616210938,844.391845703125,137.9499969482422,370.29998779296875,98.5169677734375,9595.697265625,1463.5771484375,166.36199951171875,685.4567260742188,1024.7357177734375
2024-11-13,710.4755859375,819.0637817382812,133.1999969482422,370.8999938964844,98.6357650756836,9865.4375,1443.263427734375,167.52305603027344,669.8738403320312,1022.3950805664062
2024-11-14,706.0586547851562,850.9100952148438,139.14999389648438,380.0,99.19011688232422,10418.185546875,1449.704345703125,169.84515380859375,675.8817138671875,1027.0762939453125
2024-11-15,668.1854248046875,839.1773071289062,135.39999389648438,393.6000061035156,103.44678497314453,10471.25,1452.1815185546875,170.2598114013672,675.8817138671875,1015.84130859375
2024-11-18,663.7684326171875,828.748046875,131.39999389648438,382.1000061035156,99.28911590576172,10661.39453125,1471.50439453125,171.75259399414062,680.5753173828125,1025.203857421875
2024-11-19,681.3424072265625,831.7278442382812,130.75,379.70001220703125,97.64583587646484,10732.146484375,1481.4134521484375,169.59634399414062,671.0003051757812,1000.3930053710938
2024-11-20,693.6535034179688,820.3674926757812,130.1999969482422,385.20001220703125,99.9820556640625,10869.2275390625,1510.1500244140625,170.1768798828125,677.7590942382812,1011.1600341796875
2024-11-21,678.3350219726562,813.1043090820312,131.0500030517578,383.1000061035156,98.25959014892578,10480.09375,1496.2772216796875,168.76702880859375,678.5101318359375,1016.7775268554688
2024-11-22,705.6827392578125,830.2379150390625,134.9499969482422,388.5,98.47737884521484,10617.1748046875,1490.331787109375,167.4401092529297,692.5910034179688,1048.6103515625
2024-11-25,700.5139770507812,829.3067016601562,134.85000610351562,393.6000061035156,102.95182037353516,10294.3701171875,1470.01806640625,165.6156005859375,705.7330932617188,1051.88720703125
2024-11-26,713.1069946289062,832.6590576171875,131.75,378.5,99.53659057617188,10126.3349609375,1470.01806640625,164.8277587890625,689.7748413085938,1045.8016357421875
2024-11-27,698.6343994140625,845.1367797851562,131.14999389648438,390.1000061035156,102.70433807373047,10121.9130859375,1470.5135498046875,163.50082397460938,690.9013061523438,1036.9071044921875
2024-11-28,702.5814208984375,830.4241943359375,133.89999389648438,395.3999938964844,106.81251525878906,10369.54296875,1474.9725341796875,166.85960388183594,684.3302612304688,1046.269775390625
2024-11-29,711.6973266601562,828.1893310546875,135.0,391.79998779296875,108.59436798095703,10590.642578125,1493.304443359375,168.10354614257812,682.2650146484375,1064.05859375
2024-12-02,729.0833129882812,836.9424438476562,136.9499969482422,381.3999938964844,109.28732299804688,10816.1640625,1522.536376953125,167.68890380859375,709.1126098632812,1089.8057861328125
2024-12-03,735.19189453125,828.3755493164062,129.85000610351562,374.70001220703125,106.56503295898438,11090.3271484375,1522.536376953125,169.0158233642578,692.2155151367188,1110.87158203125
2024-12-04,733.0304565429688,825.768310546875,135.14999389648438,365.8999938964844,94.95325469970703,10754.255859375,1528.4818115234375,170.84031677246094,671.1880493164062,1111.807861328125
2024-12-05,724.5723876953125,815.7115478515625,134.35000610351562,363.0,96.27974700927734,11072.638671875,1520.0592041015625,173.49417114257812,675.3184814453125,1102.4453125
2024-12-06,738.19921875,813.8123779296875,135.75,363.20001220703125,96.87370300292969,10979.77734375,1510.1500244140625,172.16725158691406,676.6326293945312,1137.554931640625
2024-12-09,735.19189453125,800.3279418945312,138.1999969482422,363.5,101.36795043945312,10679.08203125,1510.6453857421875,174.13633728027344,682.6405029296875,1176.8778076171875
2024-12-10,735.3798828125,798.61865234375,137.1999969482422,360.6000061035156,99.78407287597656,10674.66015625,1524.022705078125,174.56439208984375,693.3419189453125,1182.02734375
2024-12-11,742.7101440429688,798.0488891601562,136.64999389648438,353.0,97.28947448730469,10537.5791015625,1526.004638671875,174.22195434570312,686.5831909179688,1195.135009765625
2024-12-12,737.2594604492188,783.6149291992188,138.75,354.29998779296875,95.30962371826172,10338.58984375,1526.9954833984375,174.65000915527344,683.2037353515625,1185.30419921875
2024-12-13,708.5960693359375,782.855224609375,138.1999969482422,348.20001220703125,94.65628051757812,10656.97265625,1527.4908447265625,175.4205322265625,678.3223876953125,1193.73046875
2024-12-16,730.492919921875,790.4520263671875,129.4499969482422,340.29998779296875,94.87406158447266,10493.359375,1535.9136962890625,176.1910400390625,672.6900634765625,1198.4117431640625
2024-12-17,723.5386962890625,775.0684204101562,126.19999694824219,339.20001220703125,93.44857788085938,10205.9306640625,1502.7181396484375,174.3075714111328,659.1724243164062,1177.814208984375
2024-12-18,725.13623046875,760.6343994140625,135.60000610351562,338.6000061035156,97.17068481445312,10272.2607421875,1486.3680419921875,174.39317321777344,652.0380859375,1189.9854736328125
2024-12-19,698.4464111328125,750.568603515625,130.6999969482422,332.1000061035156,95.8045883178711,10170.5546875,1482.4044189453125,172.08163452148438,649.0342407226562,1182.963623046875
2024-12-20,553.7199096679688,757.0259399414062,131.3000030517578,332.6000061035156,93.42877197265625,10135.1787109375,1493.304443359375,167.67259216308594,640.0223999023438,1193.262451171875
2024-12-23,585.1085815429688,753.2275390625,130.6999969482422,334.70001220703125,97.66564178466797,10480.09375,1499.25,171.2255096435547,641.1488647460938,1211.9876708984375
2024-12-27,597.6077880859375,754.746826171875,135.64999389648438,330.29998779296875,97.84382629394531,10656.97265625,1529.96826171875,175.9342041015625,656.5440063476562,1243.8204345703125
2024-12-30,586.6123046875,746.5802612304688,133.75,324.20001220703125,97.09148406982422,10528.7353515625,1515.1044921875,174.39317321777344,647.719970703125,1233.0533447265625
2025-01-02,600.3330688476562,743.7313842773438,138.0,336.29998779296875,103.64476013183594,11059.3720703125,1525.5091552734375,174.47879028320312,654.854248046875,1235.8621826171875
2025-01-03,599.1113891601562,748.8592529296875,135.14999389648438,348.5,105.17913818359375,10931.1357421875,1516.5909423828125,174.3075714111328,649.597412109375,1233.98974609375
2025-01-06,581.0675659179688,741.262451171875,136.10000610351562,341.6000061035156,103.49627685546875,10789.6318359375,1522.536376953125,174.99244689941406,644.90380859375,1229.776611328125
2025-01-07,566.5009155273438,746.3903198242188,138.6999969482422,330.6000061035156,103.39727783203125,10369.54296875,1521.0499267578125,179.7867889404297,643.0263061523438,1221.818359375
2025-01-08,582.1953125,753.4174194335938,134.1999969482422,311.5,95.74519348144531,10360.69921875,1514.6090087890625,177.21839904785156,641.7120971679688,1227.4359130859375
2025-01-09,592.0630493164062,753.2275390625,134.25,311.3999938964844,95.82438659667969,9746.044921875,1496.2772216796875,177.8176727294922,649.221923828125,1235.8621826171875
2025-01-10,594.2244873046875,756.64599609375,124.94999694824219,297.8999938964844,92.53784942626953,9692.98046875,1501.231689453125,178.8450469970703,635.7042846679688,1247.097412109375
2025-01-13,576.1806640625,756.8359985351562,123.30000305175781,292.29998779296875,94.57707977294922,9396.7080078125,1495.78173828125,181.58465576171875,630.0719604492188,1188.5810546875
2025-01-14,556.6331787109375,752.0879516601562,123.9000015258789,294.8999938964844,93.7059555053711,9379.0205078125,1469.5225830078125,181.8414764404297,641.3366088867188,1161.897705078125
2025-01-15,568.5684814453125,756.2662353515625,128.3000030517578,309.0,98.2199935913086,9480.7255859375,1458.127197265625,183.81057739257812,642.8385620117188,1169.85595703125
2025-01-16,565.4672241210938,757.0259399414062,123.25,300.6000061035156,93.92373657226562,9352.48828125,1437.8134765625,182.44078063964844,647.90771484375,1187.1767578125
2025-01-17,540.9389038085938,767.2816772460938,124.25,311.5,94.45829010009766,9162.34375,1413.5360107421875,180.9853515625,657.67041015625,1200.284423828125
2025-01-20,518.1021118164062,772.0297241210938,128.64999389648438,312.20001220703125,96.47773742675781,9197.7197265625,1431.867919921875,180.8997344970703,670.0615844726562,1198.8798828125
2025-01-21,539.0592651367188,775.2583618164062,131.1999969482422,278.70001220703125,94.26030731201172,9255.205078125,1464.0726318359375,183.2969207763672,677.1959228515625,1220.4139404296875
2025-01-22,546.5775146484375,779.0567626953125,132.5,262.0,91.66671752929688,9157.9208984375,1451.686279296875,183.55374145507812,679.2611083984375,1236.7984619140625
2025-01-23,546.013671875,775.63818359375,132.6999969482422,256.8999938964844,94.16132354736328,9184.453125,1465.5589599609375,185.2659912109375,685.4567260742188,1256.4599609375
2025-01-24,584.9207153320312,768.4212036132812,132.6999969482422,266.1000061035156,95.68580627441406,9100.435546875,1451.686279296875,184.15304565429688,686.0198974609375,1244.28857421875
2025-01-27,584.9207153320312,783.2350463867188,136.5500030517578,264.3999938964844,94.0029296875,9286.1591796875,1446.7315673828125,183.72496032714844,690.338134765625,1274.7169189453125
2025-01-28,574.0192260742188,786.4636840820312,134.6999969482422,269.0,93.01300811767578,9100.435546875,1443.7589111328125,185.69406127929688,698.78662109375,1267.695068359375
2025-01-29,571.1058959960938,789.8822631835938,143.0,270.8999938964844,96.97269439697266,9113.701171875,1447.22705078125,187.40631103515625,692.2155151367188,1289.6971435546875
2025-01-30,567.3468017578125,793.6806640625,151.1999969482422,277.3999938964844,100.32852935791016,9299.4248046875,1442.7679443359375,185.95089721679688,704.231201171875,1310.7630615234375
2025-01-31,570.72998046875,788.1729736328125,148.1999969482422,278.1000061035156,97.94281768798828,9414.396484375,1422.94970703125,184.15304565429688,708.361572265625,1292.505859375
2025-02-03,563.587646484375,776.7777099609375,142.0,270.79998779296875,96.49752807617188,9295.0029296875,1384.799560546875,180.6428985595703,704.982177734375,1292.0377197265625
2025-02-04,556.9151000976562,758.5452880859375,153.9499969482422,272.1000061035156,100.03155517578125,9644.33984375,1411.0587158203125,181.58465576171875,701.79052734375,1286.4202880859375
2025-02-05,582.1953125,759.874755859375,150.60000610351562,281.20001220703125,108.3963851928711,9613.384765625,1405.11328125,182.18394470214844,688.2728881835938,1255.9918212890625
2025-02-06,596.7619018554688,744.3011474609375,149.0,300.0,105.92158508300781,10223.6181640625,1398.1768798828125,187.06385803222656,743.4699096679688,1261.1412353515625
2025-02-07,591.029296875,746.5802612304688,144.0500030517578,298.3999938964844,104.6841812133789,9980.4091796875,1392.2314453125,201.70364379882812,746.4738159179688,1235.39404296875
2025-02-10,578.3422241210938,743.92138671875,139.89999389648438,298.8999938964844,102.45685577392578,10281.1044921875,1411.55419921875,199.39210510253906,746.8492431640625,1247.097412109375
2025-02-11,564.0574951171875,761.77392578125,142.85000610351562,300.1000061035156,102.01139831542969,10926.7138671875,1439.795166015625,198.62158203125,752.2938842773438,1238.202880859375
2025-02-12,550.4307250976562,754.5569458007812,141.35000610351562,292.20001220703125,99.6850814819336,10670.23828125,1422.4542236328125,199.90577697753906,776.7007446289062,1242.8841552734375
2025-02-13,531.9169921875,758.3553466796875,141.5,297.3999938964844,99.33860778808594,10418.185546875,1436.822509765625,197.16616821289062,797.9158935546875,1235.39404296875
2025-02-14,523.9287719726562,756.4561157226562,143.0500030517578,300.79998779296875,98.1803970336914,10701.1923828125,1428.895263671875,197.08055114746094,805.9888916015625,1180.6229248046875
2025-02-17,535.1121826171875,753.7973022460938,139.60000610351562,298.3999938964844,95.84418487548828,10612.7529296875,1440.7861328125,198.62158203125,793.4100341796875,1177.345947265625
2025-02-18,551.65234375,758.1654663085938,142.25,298.70001220703125,97.38845825195312,10825.0078125,1463.5771484375,203.1590576171875,802.0463256835938,1175.941650390625
2025-02-19,561.5200805664062,755.8863525390625,137.9499969482422,299.3999938964844,96.20055389404297,11015.15234375,1458.62255859375,203.1590576171875,793.9732055664062,1167.5152587890625
2025-02-20,559.4525756835938,754.936767578125,137.5500030517578,302.3999938964844,96.79450988769531,11041.6845703125,1444.7498779296875,201.96047973632812,803.3604736328125,1160.493408203125
2025-02-21,592.0630493164062,758.7352294921875,137.60000610351562,301.20001220703125,97.03208923339844,10922.291015625,1429.8861083984375,202.1317138671875,826.07763671875,1196.0711669921875
2025-02-24,600.708984375,763.4832153320312,135.35000610351562,314.1000061035156,98.00221252441406,11284.89453125,1431.867919921875,199.90577697753906,832.0855102539062,1162.833984375
2025-02-25,617.4371337890625,763.8630981445312,134.39999389648438,324.0,101.36795043945312,11629.80859375,1407.0950927734375,204.5288543701172,836.4036254882812,1183.4317626953125
2025-02-26,604.0922241210938,737.0841674804688,137.0500030517578,321.70001220703125,103.0013198852539,11391.0205078125,1431.867919921875,209.3231658935547,836.5913696289062,1187.1767578125
2025-02-27,603.1524047851562,737.2741088867188,128.8000030517578,315.0,101.31844329833984,11218.5634765625,1414.5269775390625,208.55267333984375,850.8599853515625,1160.9615478515625
2025-02-28,605.6898803710938,725.4989624023438,127.5,315.20001220703125,100.3780288696289,11121.2802734375,1430.381591796875,206.5835723876953,846.1663208007812,1186.7086181640625
2025-03-03,600.6150512695312,733.0958251953125,127.80000305175781,320.0,97.01229095458984,11271.6279296875,1440.2906494140625,207.2684783935547,839.782958984375,1165.1746826171875
2025-03-04,579.0940551757812,731.7662963867188,117.0999984741211,315.0,96.00257873535156,11001.88671875,1386.2860107421875,201.10435485839844,856.4923095703125,1137.0869140625
2025-03-05,593.4727172851562,730.8167724609375,123.0,313.0,102.3083724975586,10758.6787109375,1425.92236328125,207.0972442626953,842.0359497070312,1121.17041015625
2025-03-06,575.5228881835938,701.3789672851562,124.5999984741211,313.5,106.11956024169922,10966.5107421875,1449.704345703125,208.12461853027344,843.7256469726562,1094.0189208984375
2025-03-07,561.614013671875,703.2781982421875,125.0,322.3999938964844,103.49627685546875,11165.5,1411.55419921875,206.06988525390625,851.9863891601562,1087.4652099609375
2025-03-10,516.3165893554688,709.355712890625,122.55000305175781,322.6000061035156,105.92158508300781,11828.796875,1394.2132568359375,201.2755889892578,857.4310302734375,1074.82568359375
2025-03-11,498.55462646484375,694.5418701171875,119.25,326.6000061035156,107.3074722290039,11209.7197265625,1377.8631591796875,199.99139404296875,834.33837890625,1054.696044921875
2025-03-12,477.0336608886719,693.40234375,117.3499984741211,318.0,102.3083724975586,10935.5576171875,1394.2132568359375,202.7310028076172,839.2197875976562,1056.5684814453125
2025-03-13,493.3858642578125,690.173583984375,118.1500015258789,320.29998779296875,103.19930267333984,10794.0537109375,1382.81787109375,201.61802673339844,834.9016723632812,1058.951416015625
2025-03-14,498.2727355957031,689.9837036132812,117.6500015258789,320.0,106.56503295898438,10634.8623046875,1420.9678955078125,204.44325256347656,858.9330444335938,1051.8028564453125
2025-03-17,512.3695068359375,690.553466796875,118.4000015258789,327.79998779296875,109.48529815673828,10869.2275390625,1427.904296875,206.155517578125,857.8065185546875,1052.7559814453125
2025-03-18,516.5044555664062,689.7938232421875,118.5,331.1000061035156,114.38541412353516,11063.794921875,1446.7315673828125,207.696533203125,859.5476684570312,1024.6380615234375
2025-03-19,513.4031982421875,695.301513671875,122.1500015258789,326.5,114.83087158203125,11418.341796875,1469.027099609375,209.0663299560547,859.5476684570312,1065.14697265625
2025-03-20,511.52362060546875,693.7821655273438,121.4000015258789,327.29998779296875,110.62371063232422,11214.35546875,1476.9544677734375,208.38143920898438,853.7438354492188,1079.9207763671875
2025-03-21,496.9570007324219,689.4139404296875,117.19999694824219,327.8999938964844,107.70343780517578,11311.4912109375,1438.624267578125,210.2037353515625,858.0,1063.2406005859375
2025-03-24,490.2845764160156,688.654296875,119.0999984741211,317.29998779296875,102.95182037353516,11656.32421875,1388.844970703125,211.0238037109375,850.068115234375,1079.9207763671875
2025-03-25,481.54461669921875,692.0728759765625,120.19999694824219,312.3999938964844,103.79325103759766,11816.5986328125,1389.3427734375,217.58412170410156,842.1361694335938,1056.568603515625
2025-03-26,469.70330810546875,685.6155395507812,116.5,310.29998779296875,102.65484619140625,12127.4345703125,1362.9595947265625,219.04196166992188,843.4904174804688,1057.521728515625
2025-03-27,451.6595153808594,694.7317504882812,111.69999694824219,309.6000061035156,101.36795043945312,11777.7451171875,1342.0523681640625,216.3996124267578,846.0054321289062,1037.982177734375
2025-03-28,452.94940185546875,694.3519287109375,114.0999984741211,310.79998779296875,99.09112548828125,11889.451171875,1353.5015869140625,211.38824462890625,859.5476684570312,1017.4893798828125
2025-03-31,448.8885498046875,686.755126953125,107.05000305175781,301.3999938964844,93.96333312988281,11641.75390625,1326.6207275390625,205.1012725830078,848.1334838867188,1004.621826171875
2025-04-01,457.6790771484375,689.7938232421875,110.19999694824219,299.6000061035156,94.57707977294922,11709.7490234375,1354.9949951171875,208.01698303222656,847.9400024414062,1011.2938842773438
2025-04-02,445.8310241699219,671.5614013671875,108.5,308.70001220703125,94.81465911865234,11515.4775390625,1347.0302734375,207.19692993164062,847.74658203125,1012.7236328125
2025-04-03,436.5150146484375,665.1040649414062,99.5199966430664,307.70001220703125,96.7549057006836,10422.697265625,1276.343505859375,200.2721405029297,850.068115234375,904.5408935546875
2025-04-04,412.7711181640625,658.4568481445312,91.18000030517578,281.70001220703125,85.9449691772461,9327.001953125,1174.7935791015625,176.85543823242188,833.2369995117188,832.482666015625
2025-04-07,414.7298583984375,646.1119995117188,91.41999816894531,269.20001220703125,85.2916259765625,9573.7275390625,1121.0318603515625,176.9921112060547,794.9317016601562,861.8397216796875
2025-04-08,414.7298583984375,658.836669921875,90.66000366210938,269.3999938964844,87.84561920166016,9659.2080078125,1149.4061279296875,185.60252380371094,812.5366821289062,878.0433349609375
2025-04-09,385.96966552734375,636.0460815429688,82.55999755859375,254.8000030517578,82.55635070800781,8887.947265625,1050.3450927734375,175.1697998046875,781.1959228515625,842.3953857421875
2025-04-10,391.32037353515625,655.7979125976562,88.5199966430664,269.20001220703125,84.76768493652344,9577.61328125,1134.4722900390625,182.50460815429688,797.4467163085938,905.11279296875
2025-04-11,401.5918884277344,661.11572265625,88.76000213623047,275.6000061035156,85.76377868652344,9878.7353515625,1112.071533203125,184.9647216796875,810.215087890625,888.5279541015625
2025-04-14,416.44976806640625,659.4064331054688,94.31999969482422,280.1000061035156,89.54894256591797,10281.849609375,1145.9215087890625,189.70274353027344,821.0489501953125,904.7315673828125
2025-04-15,406.7037658691406,666.8132934570312,95.54000091552734,285.0,90.24620819091797,10476.1220703125,1251.95166015625,195.89859008789062,836.7192993164062,910.0691528320312
2025-04-16,402.4996032714844,667.0032958984375,93.9800033569336,286.6000061035156,87.75596618652344,10461.5517578125,1217.6038818359375,196.08082580566406,866.8992309570312,878.0433349609375
2025-04-22,372.6405944824219,670.6117553710938,92.26000213623047,273.0,86.85948181152344,10068.150390625,1197.692138671875,195.0785675048828,863.2235107421875,894.4375
2025-04-23,390.6993103027344,680.8674926757812,102.0,263.0,87.45714569091797,10874.3798828125,1278.334716796875,201.72999572753906,863.2235107421875,937.1387329101562
2025-04-24,391.8459167480469,678.7783203125,100.0,265.0,85.72393035888672,10548.9736328125,1272.8590087890625,198.63206481933594,864.1907958984375,914.2630615234375
2025-04-25,385.5397033691406,688.654296875,98.91999816894531,258.1000061035156,86.66026306152344,10680.107421875,1274.352294921875,201.9122314453125,860.1281127929688,918.8381958007812
2025-04-28,395.85894775390625,692.6427001953125,98.69999694824219,253.5,87.85557556152344,10655.8232421875,1271.8634033203125,204.73681640625,871.1553344726562,931.6104125976562
2025-04-29,405.46160888671875,695.4913940429688,99.5199966430664,257.79998779296875,85.62432861328125,10811.2412109375,1282.8148193359375,207.5614013671875,851.8092651367188,930.847900390625
2025-04-30,415.7331237792969,704.607666015625,98.58000183105469,261.79998779296875,86.91925048828125,10913.234375,1383.866943359375,209.29258728027344,866.5122680664062,926.654052734375
2025-05-01,424.4758605957031,669.8521118164062,86.76000213623047,267.6000061035156,86.73995208740234,11364.9169921875,1418.2147216796875,209.2014923095703,868.4468994140625,938.282470703125
2025-05-02,435.6072998046875,662.2552490234375,90.54000091552734,267.6000061035156,89.03096771240234,11496.0498046875,1476.4566650390625,221.7754364013672,891.6622314453125,956.9642333984375
2025-05-05,438.66485595703125,660.92578125,90.9000015258789,265.6000061035156,88.15441131591797,11432.912109375,1469.487548828125,222.2310028076172,887.9865112304688,956.9642333984375
2025-05-06,421.41827392578125,621.0423583984375,90.0,267.79998779296875,96.08332061767578,11360.0595703125,1471.9765625,217.8574676513672,890.3080444335938,935.9949340820312
2025-05-07,426.912353515625,606.03857421875,87.95999908447266,259.20001220703125,91.80011749267578,11068.6513671875,1441.611083984375,222.0487823486328,879.861083984375,952.0078735351562
2025-05-08,409.80908203125,617.7152709960938,88.58000183105469,250.39999389648438,92.63683319091797,11248.353515625,1447.0867919921875,223.1421661376953,871.9292602539062,959.3471069335938
2025-05-09,424.52362060546875,612.73828125,91.19999694824219,252.5,98.27473449707031,11034.654296875,1451.5670166015625,223.87109375,881.0218505859375,984.1290893554688
2025-05-12,421.752685546875,611.5897827148438,97.12000274658203,260.0,102.94641876220703,12273.138671875,1504.8309326171875,225.9667510986328,886.245361328125,1059.9046630859375
2025-05-13,419.07733154296875,606.9956665039062,95.9000015258789,257.20001220703125,112.4591293334961,11884.5947265625,1506.8221435546875,225.78451538085938,881.9891967773438,1083.2568359375
2025-05-14,413.5832824707031,614.0782470703125,95.0,249.1999969482422,111.31361389160156,12452.83984375,1517.7735595703125,226.42233276367188,881.7957153320312,1100.89013671875
2025-05-15,415.0643005371094,610.8240966796875,93.73999786376953,244.8000030517578,111.81166076660156,12462.5537109375,1538.680908203125,230.34030151367188,902.109130859375,1101.36669921875
2025-05-16,407.5636901855469,616.7581176757812,92.5999984741211,246.6999969482422,109.86927795410156,12477.1240234375,1560.5838623046875,229.79360961914062,903.850341796875,1140.9224853515625
2025-05-19,419.17291259765625,615.0353393554688,92.05999755859375,245.89999389648438,105.78528594970703,12428.5556640625,1578.006591796875,231.43370056152344,906.7522583007812,1154.2666015625
2025-05-20,435.8461608886719,621.543701171875,94.80000305175781,281.6000061035156,110.8653793334961,12341.1337890625,1579.002197265625,234.1671600341797,912.9429321289062,1155.6964111328125
2025-05-21,436.276123046875,620.2037353515625,94.30000305175781,265.70001220703125,107.37904357910156,12263.4248046875,1590.94921875,233.89381408691406,908.1064453125,1155.6964111328125
2025-05-22,426.4346008300781,609.484130859375,91.27999877929688,261.8999938964844,100.65540313720703,12311.9931640625,1564.068359375,231.70704650878906,913.716796875,1136.15673828125
2025-05-23,423.2337341308594,602.784423828125,89.54000091552734,266.3999938964844,100.9542236328125,12219.7138671875,1539.1787109375,230.97811889648438,911.395263671875,1129.9613037109375
2025-05-26,439.8114318847656,610.6326293945312,91.26000213623047,267.70001220703125,101.0538330078125,12127.4345703125,1562.0771484375,231.25146484375,914.2971801757812,1146.164794921875
2025-05-27,444.1589050292969,615.0353393554688,94.69999694824219,269.29998779296875,101.75110626220703,11738.890625,1563.07275390625,230.6136474609375,916.42529296875,1161.415283203125
2025-05-28,433.4574279785156,608.3356323242188,96.18000030517578,268.29998779296875,103.24524688720703,11544.6181640625,1541.169921875,228.7913360595703,908.4933471679688,1140.4459228515625
2025-06-02,453.85711669921875,599.7216186523438,93.87999725341797,263.29998779296875,102.34876251220703,11700.0361328125,1525.240478515625,236.5361785888672,919.9075927734375,1123.2891845703125
2025-06-03,445.5921325683594,593.2133178710938,93.45999908447266,260.20001220703125,101.45227813720703,11389.2001953125,1540.672119140625,232.8915557861328,910.2344970703125,1143.305419921875
2025-06-04,455.4814758300781,601.6358642578125,93.69999694824219,266.79998779296875,105.78528594970703,11627.18359375,1555.1080322265625,234.1671600341797,923.5833129882812,1162.368408203125
2025-06-06,468.5238952636719,602.5929565429688,94.91999816894531,267.29998779296875,107.82728576660156,11986.5869140625,1598.9139404296875,237.08287048339844,906.9456787109375,1130.4378662109375
2025-06-10,496.66302490234375,610.0584716796875,101.30000305175781,278.0,109.91908264160156,11753.4609375,1620.81689453125,234.7138671875,907.3325805664062,1128.054931640625
2025-06-11,493.7010192871094,612.9297485351562,102.44999694824219,280.20001220703125,110.46693420410156,11787.4580078125,1608.869873046875,236.9917449951172,903.2698974609375,1138.0631103515625
2025-06-12,496.0897521972656,611.7811889648438,99.18000030517578,277.0,110.16810607910156,11782.6015625,1605.38525390625,236.62728881835938,904.4306640625,1122.8126220703125
2025-06-13,493.2232971191406,609.6755981445312,97.5999984741211,273.5,107.62806701660156,12268.28125,1589.455810546875,233.25601196289062,901.9157104492188,1095.1712646484375
2025-06-16,475.9289245605469,608.1442260742188,100.55000305175781,281.5,111.56263732910156,11991.4443359375,1596.4249267578125,236.9917449951172,874.8311767578125,1143.305419921875
2025-06-17,466.2784729003906,589.5763549804688,98.33999633789062,276.20001220703125,107.57826232910156,11738.890625,1567.552978515625,233.16488647460938,855.0980834960938,1117.5703125
2025-06-18,461.0233154296875,576.9425659179688,97.4000015258789,271.6000061035156,105.58606719970703,11782.6015625,1558.0948486328125,233.25601196289062,867.2861328125,1119.0
2025-06-19,466.6606750488281,585.9393920898438,96.23999786376953,274.70001220703125,103.89271545410156,11602.8994140625,1557.5970458984375,231.88926696777344,867.4796142578125,1098.0306396484375
2025-06-20,454.6214904785156,586.5136108398438,94.9800033569336,272.79998779296875,103.04602813720703,11447.482421875,1514.7867431640625,231.9803924560547,875.0245971679688,1112.8045654296875
2025-06-23,430.5909729003906,583.4508666992188,94.73999786376953,274.70001220703125,100.85462188720703,11583.47265625,1502.8397216796875,228.97357177734375,879.861083984375,1053.7091064453125
2025-06-24,432.8841552734375,583.4508666992188,99.33999633789062,283.0,103.24524688720703,11374.6298828125,1517.2757568359375,234.8049774169922,880.0545654296875,1081.8271484375
2025-06-25,415.8764343261719,577.8997192382812,95.4000015258789,282.70001220703125,104.14173889160156,11340.6328125,1523.249267578125,234.98719787597656,859.354248046875,1051.3262939453125
2025-06-26,411.7678527832031,577.5169067382812,97.13999938964844,286.0,106.03430938720703,11394.0576171875,1505.8265380859375,232.25372314453125,862.64306640625,1031.78662109375
2025-06-27,418.02630615234375,576.9425659179688,97.69999694824219,282.5,102.84680938720703,11768.03125,1524.244873046875,236.44505310058594,860.7084350585938,1058.951416015625
2025-06-30,420.0328369140625,575.7940063476562,97.5,272.0,94.64894104003906,11437.7685546875,1515.2845458984375,235.35165405273438,868.0599975585938,1059.9046630859375
2025-07-01,418.8384704589844,573.6884765625,99.5,281.29998779296875,95.1270751953125,11340.6328125,1510.306640625,232.80043029785156,877.926513671875,1056.092041015625
2025-07-02,421.8482666015625,576.3683471679688,103.1500015258789,286.29998779296875,104.73938751220703,11758.3173828125,1512.2978515625,233.43824768066406,877.7330932617188,1054.662353515625
2025-07-03,418.4084777832031,571.008544921875,102.6500015258789,287.6000061035156,111.91127014160156,11573.7587890625,1517.2757568359375,236.44505310058594,880.4415283203125,1052.2794189453125
2025-07-04,431.2120361328125,576.9425659179688,99.87999725341797,289.0,111.1144027709961,11403.7705078125,1498.359619140625,234.5316162109375,881.602294921875,1034.6461181640625
2025-07-07,421.5616149902344,569.2857055664062,97.16000366210938,278.1000061035156,108.52454376220703,11743.7470703125,1528.7249755859375,237.81178283691406,874.4442138671875,1014.6299438476562
2025-07-08,429.9221496582031,580.5795288085938,99.0999984741211,277.79998779296875,104.83899688720703,12078.8662109375,1535.694091796875,236.90061950683594,870.9619140625,1016.0596313476562
2025-07-09,423.3292541503906,576.9425659179688,99.0,279.3999938964844,106.93079376220703,12122.5771484375,1544.1566162109375,239.6341094970703,875.9918823242188,1026.0677490234375
2025-07-10,435.2728576660156,589.3849487304688,100.5,281.1000061035156,108.22572326660156,12161.431640625,1556.6014404296875,241.54754638671875,879.0872802734375,1019.3956909179688
2025-07-11,419.4117736816406,574.4541015625,96.04000091552734,278.70001220703125,104.88880920410156,12176.001953125,1545.1522216796875,237.44732666015625,877.1526489257812,1004.621826171875
2025-07-14,423.5203552246094,575.6026611328125,94.77999877929688,276.5,103.29505157470703,12122.5771484375,1528.7249755859375,235.98947143554688,877.3461303710938,990.3245849609375
2025-07-15,413.8221435546875,578.4739990234375,97.44000244140625,299.29998779296875,106.93079376220703,12258.568359375,1532.2095947265625,232.8915557861328,862.4495849609375,972.2146606445312
2025-07-16,414.2998962402344,577.5169067382812,98.30000305175781,296.1000061035156,105.18762969970703,12564.546875,1525.240478515625,232.0714874267578,858.386962890625,988.4182739257812
2025-07-17,405.1272277832031,579.8139038085938,100.0999984741211,292.1000061035156,104.39076232910156,12530.548828125,1536.19189453125,231.52481079101562,856.645751953125,996.9966430664062
2025-07-18,396.1455993652344,580.19677734375,100.05000305175781,297.5,120.07925415039062,12603.4013671875,1513.7911376953125,232.25372314453125,860.3215942382812,1000.3326416015625
2025-07-21,392.61029052734375,576.1768798828125,98.13999938964844,306.3999938964844,114.9493637084961,12608.2578125,1510.306640625,231.9803924560547,856.8392333984375,988.4182739257812
2025-07-22,405.0316467285156,581.1538696289062,97.86000061035156,315.3999938964844,118.58511352539062,12656.826171875,1487.4080810546875,232.8915557861328,868.640380859375,990.3245849609375
2025-07-23,423.09039306640625,587.470703125,102.25,314.20001220703125,124.81070709228516,13093.9384765625,1516.7779541015625,234.7138671875,871.3488159179688,1000.8092041015625
2025-07-24,427.1512145996094,593.7876586914062,103.25,314.29998779296875,124.81070709228516,13210.5009765625,1525.240478515625,237.44732666015625,868.640380859375,1014.6299438476562
2025-07-25,431.9764709472656,591.8734741210938,102.8499984741211,322.5,125.00992584228516,13419.34375,1548.138916015625,236.80950927734375,851.2288818359375,1007.4812622070312
2025-07-28,431.0686950683594,595.1275634765625,103.1500015258789,318.5,122.42007446289062,13137.6494140625,1548.138916015625,236.7183837890625,825.3051147460938,1026.0677490234375
2025-07-29,331.4590148925781,600.8701782226562,101.30000305175781,313.0,120.17886352539062,12894.8095703125,1541.6676025390625,237.7206573486328,810.60205078125,1018.9191284179688
2025-07-30,310.5338439941406,586.7050170898438,93.44000244140625,310.6000061035156,118.78433227539062,12904.5224609375,1530.7161865234375,238.2673797607422,809.0543823242188,1024.6380615234375
2025-07-31,300.5011901855469,577.5169067382812,93.73999786376953,308.29998779296875,119.53140258789062,12622.828125,1458.038330078125,237.35621643066406,791.6428833007812,1034.6461181640625
2025-08-01,295.0549011230469,567.9458618164062,91.0,308.20001220703125,116.9913558959961,12355.7041015625,1429.166259765625,232.25372314453125,797.64013671875,1024.1614990234375
2025-08-04,299.0679626464844,572.7313842773438,92.30000305175781,308.5,117.9874496459961,12501.408203125,1418.7125244140625,236.9917449951172,790.8689575195312,1033.6929931640625
2025-08-05,292.2839660644531,575.9854736328125,93.58000183105469,308.70001220703125,117.4894027709961,12700.537109375,1438.1265869140625,234.62274169921875,796.6727905273438,1022.731689453125
2025-08-06,276.61395263671875,564.500244140625,92.81999969482422,311.0,115.3976058959961,12753.9619140625,1438.624267578125,237.99403381347656,787.967041015625,987.941650390625
2025-08-07,295.1026916503906,580.38818359375,96.45999908447266,308.8999938964844,115.7960433959961,13409.6298828125,1484.42138671875,240.0896759033203,796.4794311523438,988.8948364257812
2025-08-08,308.67059326171875,575.6026611328125,97.30000305175781,308.6000061035156,115.5470199584961,13560.19140625,1480.43896484375,241.45640563964844,792.4166870117188,984.1290893554688
2025-08-11,308.24066162109375,577.8997192382812,96.30000305175781,217.10000610351562,110.96498107910156,13526.193359375,1475.4610595703125,242.91427612304688,788.1605224609375,980.7930297851562
2025-08-12,306.234130859375,579.4310913085938,97.73999786376953,213.89999389648438,116.1944808959961,14249.8564453125,1490.8927001953125,246.92335510253906,790.2886352539062,966.4957885742188
2025-08-13,311.3937683105469,576.3683471679688,94.73999786376953,207.8000030517578,114.6007308959961,14259.5703125,1477.4522705078125,247.4700469970703,785.0651245117188,988.4182739257812
2025-08-14,310.05609130859375,573.3056030273438,96.5,203.39999389648438,112.8077621459961,13856.4560546875,1471.9765625,249.20123291015625,729.5418701171875,986.511962890625
2025-08-15,315.0343933105469,577.708251953125,98.0,208.89999389648438,114.4015121459961,13691.32421875,1473.9676513671875,248.2900848388672,728.3810424804688,805.0318603515625
2025-08-18,335.91424560546875,585.7479858398438,100.05000305175781,211.5,131.63394165039062,13249.35546875,1468.98974609375,244.3721160888672,727.4137573242188,803.1255493164062
2025-08-19,336.4458923339844,578.4739990234375,103.55000305175781,214.5,134.4728240966797,13395.0595703125,1485.914794921875,248.01673889160156,745.7926025390625,834.0076904296875
2025-08-20,334.07757568359375,603.5501098632812,102.30000305175781,209.6999969482422,133.9249725341797,13259.0693359375,1478.4478759765625,248.2900848388672,752.3702392578125,854.2145385742188
2025-08-21,344.2275085449219,592.8305053710938,122.69999694824219,210.0,135.9669647216797,13429.0576171875,1466.0029296875,251.205810546875,752.1767578125,847.7330932617188
2025-08-22,351.7674560546875,589.5763549804688,119.5,214.10000610351562,137.1622772216797,13453.341796875,1462.0206298828125,251.0235595703125,753.14404296875,869.2742919921875
2025-08-25,355.0540771484375,588.6192626953125,115.0,179.10000610351562,132.3312225341797,13084.224609375,1454.055908203125,250.20352172851562,751.20947265625,845.4454956054688
2025-08-26,339.24920654296875,584.2166137695312,116.0,189.39999389648438,131.7335662841797,13205.64453125,1444.597900390625,246.65000915527344,743.277587890625,858.027099609375
2025-08-27,344.8075256347656,584.0252075195312,116.0,189.0500030517578,128.4962615966797,13118.2216796875,1442.10888671875,240.36302185058594,741.343017578125,858.027099609375
2025-08-28,346.83746337890625,582.4937744140625,116.0,199.6999969482422,130.4884490966797,12957.947265625,1433.6463623046875,240.0896759033203,757.9805908203125,857.2645874023438
2025-08-29,346.83746337890625,586.5136108398438,115.5999984741211,193.14999389648438,126.50406646728516,12758.818359375,1406.7655029296875,238.99627685546875,754.88525390625,839.7266235351562
2025-09-01,352.9274597167969,597.0418090820312,115.5999984741211,200.0,125.75699615478516,13016.2294921875,1414.730224609375,239.9074249267578,755.4656372070312,821.61669921875
2025-09-02,346.4991760253906,583.4508666992188,112.0,200.39999389648438,123.41617584228516,13079.3671875,1372.417724609375,236.2628173828125,759.3348388671875,801.7911987304688
2025-09-03,352.492431640625,593.40478515625,111.0,197.64999389648438,122.22085571289062,12899.666015625,1343.545654296875,236.2628173828125,754.4983520507812,805.4131469726562
2025-09-04,348.4808044433594,590.5335083007812,111.5,199.0,122.46987915039062,13137.6494140625,1343.0478515625,239.26962280273438,758.9478759765625,819.1385498046875
2025-09-05,338.33087158203125,601.6358642578125,113.94999694824219,204.5,125.20913696289062,13113.365234375,1346.532470703125,235.8983612060547,758.56103515625,819.3291015625
2025-09-08,335.382568359375,595.1275634765625,118.94999694824219,112.66093444824219,123.91422271728516,13113.365234375,1320.647216796875,236.9917449951172,743.6644897460938,820.2822875976562
2025-09-09,327.40765380859375,598.3817138671875,118.9000015258789,112.82767486572266,122.46987915039062,12783.1025390625,1313.1802978515625,237.90289306640625,754.4983520507812,818.3759765625
2025-09-10,339.4425354003906,603.3587036132812,118.1500015258789,113.43905639648438,123.76480102539062,12787.9599609375,1305.215576171875,240.45413208007812,747.3402099609375,819.7103881835938
2025-09-11,334.3675842285156,588.8106689453125,116.05000305175781,112.54977416992188,117.1407699584961,12909.3798828125,1320.1494140625,239.26962280273438,748.5010375976562,825.6199951171875
2025-09-12,336.68756103515625,589.959228515625,116.30000305175781,111.32701110839844,114.7999496459961,12996.8017578125,1358.4794921875,241.00082397460938,744.8252563476562,830.3857421875
2025-09-15,343.2608642578125,583.833740234375,116.5999984741211,110.13203430175781,116.6925277709961,13161.93359375,1364.9508056640625,244.28099060058594,747.1468505859375,830.0044555664062
2025-09-16,347.12750244140625,571.008544921875,117.5999984741211,106.21363830566406,115.5968246459961,13613.6162109375,1376.8978271484375,240.9097137451172,735.7325439453125,825.0480346679688
2025-09-17,357.1807556152344,562.39453125,118.30000305175781,106.5,116.0450668334961,13676.75390625,1373.9111328125,241.274169921875,737.0867919921875,825.8106079101562
2025-09-18,379.4139099121094,569.0942993164062,116.69999694824219,105.05000305175781,116.09487915039062,13419.34375,1371.919921875,242.7320098876953,729.348388671875,843.7298583984375
2025-09-19,375.6439514160156,566.98876953125,115.6500015258789,105.4000015258789,115.5470199584961,12632.5419921875,1314.6737060546875,245.73886108398438,730.315673828125,833.6264038085938
2025-09-22,370.4239807128906,556.0777587890625,115.0,110.80000305175781,116.59292602539062,12574.259765625,1289.783935546875,244.09873962402344,720.8361206054688,815.7071533203125
2025-09-23,361.9657287597656,555.12060546875,117.9000015258789,115.19999694824219,116.6925277709961,12792.81640625,1318.656005859375,251.0235595703125,724.705322265625,814.18212890625
2025-09-24,359.1623840332031,546.8895263671875,116.30000305175781,118.0999984741211,119.1329574584961,12802.5302734375,1313.1802978515625,246.01220703125,722.7706909179688,794.5471801757812
2025-09-25,349.0608215332031,526.7903442382812,108.5999984741211,117.6500015258789,121.22476196289062,12535.40625,1274.352294921875,246.19444274902344,725.672607421875,791.3065185546875
2025-09-26,336.8808898925781,526.981689453125,107.4000015258789,115.0999984741211,119.78042602539062,12418.8427734375,1271.8634033203125,250.93243408203125,723.9315185546875,797.5972900390625
2025-09-29,339.7808837890625,527.7474365234375,110.3499984741211,116.8499984741211,121.42398071289062,12365.41796875,1272.3612060546875,248.8367919921875,724.1248779296875,810.7507934570312
2025-09-30,333.15924072265625,519.707763671875,107.4000015258789,113.55000305175781,119.33218383789062,12108.0068359375,1258.9207763671875,246.83221435546875,714.6453247070312,789.5908203125
2025-10-01,354.3291015625,533.6814575195312,107.1500015258789,117.0,127.45035552978516,12277.9951171875,1277.8369140625,250.0212860107422,727.2202758789062,802.9349975585938
2025-10-02,358.7757263183594,548.9951171875,107.1500015258789,117.0,126.90250396728516,12248.8544921875,1299.2420654296875,241.82086181640625,731.669921875,792.2596435546875
2025-10-03,366.2190246582031,546.123779296875,111.1500015258789,120.5999984741211,124.96011352539062,12360.560546875,1333.58984375,245.9210662841797,720.062255859375,781.5843505859375
2025-10-06,373.66229248046875,550.3350830078125,118.9000015258789,122.3499984741211,126.05582427978516,12311.9931640625,1316.1669921875,246.65000915527344,716.5799560546875,786.35009765625
2025-10-07,363.1740417480469,550.3350830078125,117.6500015258789,121.25,127.10172271728516,12277.9951171875,1308.7000732421875,244.09873962402344,721.0296020507812,787.3032836914062
2025-10-08,371.583984375,555.6948852539062,119.55000305175781,122.19999694824219,128.89468383789062,12146.861328125,1297.2508544921875,247.28781127929688,725.2857055664062,800.6473999023438
2025-10-09,366.9440002441406,551.675048828125,118.05000305175781,119.0,131.3351287841797,11690.322265625,1294.2640380859375,246.2855224609375,724.5118408203125,787.6845703125
2025-10-10,364.38238525390625,541.3382568359375,117.3499984741211,122.55000305175781,133.0284881591797,11680.6083984375,1290.779541015625,251.75247192382812,732.6372680664062,773.1965942382812
2025-10-13,361.095703125,545.549560546875,113.30000305175781,124.0,129.9405975341797,11850.5966796875,1274.352294921875,247.6522674560547,733.2175903320312,760.8056640625
2025-10-14,348.62579345703125,540.1898193359375,110.3499984741211,119.4000015258789,125.25894927978516,12108.0068359375,1267.8809814453125,248.10784912109375,728.1876220703125,758.3274536132812
2025-10-15,351.7674560546875,547.8466186523438,111.5999984741211,120.69999694824219,128.5460662841797,12282.8525390625,1286.2994384765625,248.01673889160156,736.1195068359375,774.531005859375
2025-10-16,353.79742431640625,559.5232543945312,114.0,120.75,130.0402069091797,12375.130859375,1338.0699462890625,248.92788696289062,753.7244873046875,783.8719482421875
2025-10-17,331.2259216308594,560.4804077148438,115.6500015258789,119.75,128.64566040039062,12681.109375,1327.1185302734375,248.38119506835938,767.8471069335938,785.39697265625
2025-10-20,347.80413818359375,566.7973022460938,115.80000305175781,120.19999694824219,123.41617584228516,12797.6728515625,1345.0390625,248.38119506835938,765.7190551757812,793.5940551757812
2025-10-21,343.1158447265625,570.0513916015625,116.4000015258789,119.5,123.56558990478516,12428.5556640625,1339.5633544921875,249.56568908691406,770.3621826171875,826.7637329101562
2025-10-22,331.999267578125,576.5597534179688,116.75,117.94999694824219,120.02944946289062,12506.2646484375,1324.1317138671875,248.56341552734375,775.1986694335938,824.0949096679688
2025-10-23,331.56427001953125,579.6224975585938,115.5999984741211,117.55000305175781,121.62319946289062,12812.2431640625,1414.232421875,249.8390655517578,766.6863403320312,841.6328735351562
2025-10-24,330.69427490234375,583.0680541992188,115.1500015258789,118.69999694824219,124.61148071289062,12700.537109375,1378.8890380859375,248.01673889160156,762.817138671875,847.7330932617188
2025-10-27,328.6642761230469,576.5597534179688,112.1500015258789,119.80000305175781,121.97183227539062,13025.9423828125,1407.2633056640625,250.75021362304688,755.8526000976562,847.9237060546875
2025-10-28,320.25433349609375,573.4970703125,110.80000305175781,119.9000015258789,130.7872772216797,13278.49609375,1400.294189453125,253.02810668945312,756.8198852539062,840.4891357421875
2025-10-29,323.6860046386719,568.13720703125,115.30000305175781,119.0,131.7833709716797,13497.052734375,1403.77880859375,254.94149780273438,755.0786743164062,838.2015991210938
2025-10-30,311.9410705566406,564.117431640625,115.75,116.5999984741211,134.4728240966797,12977.375,1370.92431640625,255.76156616210938,742.890625,830.3857421875
2025-10-31,305.4161376953125,560.4804077148438,113.44999694824219,115.80000305175781,131.4347381591797,12972.517578125,1368.9332275390625,263.5975036621094,736.6998901367188,826.954345703125
2025-11-03,304.78778076171875,557.6090698242188,110.1500015258789,115.19999694824219,132.4806365966797,13069.654296875,1389.3427734375,264.5086669921875,742.890625,787.6845703125
2025-11-04,304.6911315917969,584.2166137695312,107.05000305175781,113.0999984741211,130.1896209716797,12855.955078125,1379.3868408203125,263.5975036621094,747.53369140625,774.1497802734375
2025-11-05,291.01287841796875,588.4277954101562,107.8499984741211,113.0999984741211,149.41424560546875,13181.3603515625,1400.7919921875,264.7820129394531,753.531005859375,732.4017333984375
2025-11-06,296.7161865234375,587.087890625,106.75,115.4000015258789,148.2687530517578,12477.1240234375,1399.79638671875,266.7865295410156,759.3348388671875,741.552001953125
2025-11-07,281.4913024902344,577.134033203125,102.0999984741211,117.55000305175781,151.0080108642578,12535.40625,1383.369140625,265.146484375,758.3675537109375,733.9267578125
2025-11-10,284.8746032714844,574.4541015625,103.44999694824219,122.4000015258789,153.3986358642578,12375.130859375,1423.1927490234375,266.6954650878906,753.7244873046875,760.0431518554688
2025-11-11,303.19281005859375,576.3683471679688,107.4000015258789,121.4000015258789,158.8273468017578,12379.98828125,1458.5361328125,270.70452880859375,768.0405883789062,767.2870483398438
2025-11-12,310.3460693359375,579.8139038085938,109.9000015258789,126.94999694824219,163.45919799804688,12219.7138671875,1470.483154296875,275.9892272949219,767.0733032226562,762.5213012695312
2025-11-13,308.0260925292969,575.9854736328125,107.30000305175781,124.44999694824219,154.9425811767578,12088.580078125,1440.11767578125,274.4402770996094,771.9098510742188,744.60205078125
2025-11-14,300.6794738769531,563.7345581054688,102.44999694824219,123.94999694824219,154.9923858642578,12316.849609375,1406.2677001953125,268.6999816894531,756.2394409179688,752.4179077148438
2025-11-17,302.27447509765625,549.3779907226562,98.80000305175781,131.0,155.0919952392578,12195.4296875,1393.3250732421875,266.877685546875,744.6317749023438,726.1109008789062
2025-11-18,294.68621826171875,552.6321411132812,93.33999633789062,126.3499984741211,150.2609405517578,12098.2939453125,1353.0037841796875,259.5884094238281,732.6372680664062,704.7603759765625
2025-11-19,300.2928161621094,546.123779296875,94.73999786376953,125.75,151.65545654296875,12190.5732421875,1387.849365234375,260.1351013183594,739.7952880859375,718.2950439453125
2025-11-20,303.6761169433594,552.249267578125,93.5,130.10000610351562,155.0919952392578,11904.021484375,1381.8758544921875,262.68634033203125,741.343017578125,711.4324340820312
2025-11-21,294.49285888671875,555.3120727539062,95.37999725341797,126.5,147.57147216796875,12239.140625,1383.369140625,260.408447265625,760.8825073242188,726.3015747070312
2025-11-24,277.43133544921875,554.1635131835938,96.94000244140625,129.14999389648438,147.87030029296875,12190.5732421875,1392.8272705078125,263.0508117675781,758.9478759765625,716.1981811523438
2025-11-25,289.9978942871094,562.0117797851562,98.19999694824219,132.64999389648438,149.31463623046875,12020.5849609375,1381.8758544921875,266.51318359375,767.6536254882812,724.9671020507812
2025-11-26,303.7244873046875,557.9918823242188,97.5999984741211,132.85000610351562,152.80096435546875,12103.150390625,1415.725830078125,269.2466735839844,769.9752197265625,729.7328491210938
2025-11-27,300.53448486328125,559.1404418945312,103.3499984741211,133.60000610351562,154.8429718017578,12336.27734375,1459.0338134765625,270.5223083496094,777.9071044921875,733.9267578125
2025-11-28,306.4311218261719,555.8862915039062,103.55000305175781,136.75,152.55194091796875,12506.2646484375,1461.0250244140625,269.7022705078125,773.4574584960938,733.1642456054688
2025-12-01,303.9661560058594,563.9259643554688,106.5,136.64999389648438,153.1994171142578,12836.52734375,1469.487548828125,270.8867492675781,784.0978393554688,732.9736328125
2025-12-02,296.8128356933594,552.6321411132812,105.19999694824219,140.85000610351562,158.7277374267578,12977.375,1496.8662109375,275.624755859375,775.5855712890625,708.0010375976562
2025-12-03,293.67120361328125,553.7806396484375,101.69999694824219,137.64999389648438,157.8810577392578,12676.2529296875,1515.2845458984375,273.1646423339844,777.5202026367188,691.6068115234375
2025-12-04,295.6045227050781,560.0975952148438,104.30000305175781,138.0,159.0763702392578,12841.384765625,1523.249267578125,274.16693115234375,788.35400390625,701.5195922851562
2025-12-05,299.27783203125,573.9222412109375,102.25,137.85000610351562,159.1261749267578,12880.23828125,1526.236083984375,275.5336608886719,788.9343872070312,705.3322143554688
2025-12-08,289.03125,554.7651977539062,102.0999984741211,138.1999969482422,160.47091674804688,12996.8017578125,1543.1610107421875,276.2626037597656,771.7163696289062,694.2756958007812
2025-12-09,289.2245788574219,557.5300903320312,102.0,137.75,159.8732452392578,13249.35546875,1550.130126953125,274.9869689941406,779.4547729492188,687.794189453125
2025-12-10,298.79449462890625,555.5551147460938,105.30000305175781,136.25,166.59689331054688,13701.0380859375,1569.0462646484375,279.2693786621094,777.9071044921875,673.6875610351562
2025-12-11,309.0411071777344,557.1351318359375,112.30000305175781,136.8000030517578,169.03732299804688,14429.55859375,1612.3543701171875,283.6429443359375,793.5775146484375,674.259521484375
2025-12-12,310.4427490234375,556.9376220703125,113.05000305175781,138.3000030517578,170.53146362304688,14225.5732421875,1626.7904052734375,278.3582458496094,807.1197509765625,666.0623779296875
2025-12-15,305.8511047363281,553.7777099609375,108.5999984741211,137.75,170.83029174804688,14215.859375,1563.07275390625,279.0871276855469,803.4439697265625,659.7716064453125
2025-12-16,299.0361633300781,544.69287109375,106.6500015258789,136.0,170.08322143554688,14147.8642578125,1563.07275390625,280.5450134277344,810.60205078125,680.359619140625
2025-12-17,297.87615966796875,542.12548828125,105.05000305175781,135.4499969482422,169.38595581054688,13997.302734375,1549.134521484375,281.7295227050781,806.5393676757812,661.6778564453125
2025-12-18,294.1545104980469,536.5955810546875,103.5,135.3000030517578,170.03341674804688,14050.7275390625,1567.05517578125,281.6383972167969,808.0870971679688,666.8248901367188
2025-12-19,299.66448974609375,541.1380004882812,102.80000305175781,134.1999969482422,173.12130737304688,14021.5869140625,1574.5220947265625,285.6474914550781,808.6674194335938,666.4436645507812
2025-12-22,293.3811950683594,540.9404907226562,102.6500015258789,117.19999694824219,168.53927612304688,14070.1552734375,1568.05078125,286.011962890625,796.8662719726562,669.1124267578125
2025-12-23,320.4960021972656,536.0031127929688,104.25,118.69999694824219,170.03341674804688,14157.5771484375,1585.4735107421875,287.7431335449219,796.2859497070312,670.0656127929688
2025-12-29,316.82269287109375,537.1880493164062,107.05000305175781,122.55000305175781,170.23263549804688,14186.71875,1606.878662109375,287.7431335449219,805.3785400390625,670.4468994140625
2025-12-30,314.40606689453125,539.5580444335938,106.75,122.3499984741211,172.72286987304688,14220.7158203125,1607.874267578125,290.29437255859375,807.8936157226562,674.4500732421875
2026-01-02,319.2393493652344,529.6832885742188,109.9000015258789,128.0,177.95236206054688,14269.2841796875,1592.9404296875,291.1144104003906,798.8009033203125,663.0122680664062
2026-01-05,335.1892395019531,535.41064453125,110.55000305175781,129.3000030517578,182.78343200683594,14672.3984375,1624.7991943359375,294.303466796875,784.4848022460938,645.4743041992188
2026-01-06,351.9124450683594,554.9627075195312,114.4000015258789,132.4499969482422,186.568603515625,15182.36328125,1663.627197265625,290.93218994140625,800.5420532226562,648.9056396484375
2026-01-07,354.18408203125,555.9501342773438,112.9000015258789,133.1999969482422,185.27366638183594,15182.36328125,1677.067626953125,286.1030578613281,790.2886352539062,630.9863891601562
2026-01-08,358.0024108886719,556.7401123046875,111.69999694824219,129.6999969482422,180.44259643554688,14672.3984375,1660.640380859375,286.55865478515625,818.3405151367188,644.7117919921875
2026-01-09,368.7323303222656,558.91259765625,112.05000305175781,130.4499969482422,182.43479919433594,14672.3984375,1674.080810546875,285.8297424316406,817.566650390625,560.83447265625
2026-01-12,366.460693359375,566.6149291992188,112.3499984741211,127.6500015258789,178.20138549804688,15799.1767578125,1677.5654296875,286.6497497558594,811.182373046875,544.2495727539062
2026-01-13,370.5206298828125,569.182373046875,118.19999694824219,134.60000610351562,181.33909606933594,15274.6416015625,1719.380126953125,291.0233154296875,809.4412841796875,545.2027587890625
2026-01-14,365.6390075683594,565.62744140625,117.0999984741211,133.14999389648438,187.91331481933594,15342.6376953125,1737.7984619140625,295.48797607421875,831.3024291992188,529.571044921875
2026-01-15,353.02410888671875,569.5773315429688,116.5999984741211,131.0500030517578,185.373291015625,14526.6943359375,1770.155029296875,294.759033203125,833.2369995117188,520.2301635742188
2026-01-16,375.9339294433594,570.1698608398438,117.5,135.5,183.97874450683594,14468.4130859375,1761.6925048828125,294.4857177734375,828.9808349609375,524.2333984375
2026-01-19,364.96234130859375,536.0031127929688,110.0,129.8000030517578,180.84104919433594,14274.140625,1736.3050537109375,289.2921142578125,818.1470336914062,495.257568359375
2026-01-20,376.5139465332031,532.0531616210938,112.05000305175781,126.19999694824219,178.50022888183594,14434.4150390625,1737.3006591796875,285.4652404785156,816.7928466796875,491.6356201171875
2026-01-21,361.3857116699219,540.5455322265625,111.80000305175781,129.25,177.30491638183594,14419.8447265625,1735.3094482421875,286.1030578613281,820.2750854492188,493.1606750488281
2026-01-22,383.4739074707031,546.0753784179688,110.5999984741211,135.5500030517578,179.29710388183594,14439.2724609375,1758.705810546875,294.0301208496094,830.9154663085938,485.91668701171875
2026-01-23,387.9688720703125,535.015625,111.0,137.75,178.64964294433594,13997.302734375,1740.78515625,290.93218994140625,817.9535522460938,481.3415832519531
2026-01-26,383.81219482421875,533.2381591796875,112.55000305175781,140.0,191.748291015625,14380.990234375,1737.7984619140625,293.2100524902344,822.9835205078125,464.1848449707031
2026-01-27,380.8155822753906,531.26318359375,111.0,144.4499969482422,189.357666015625,14701.5390625,1738.2962646484375,296.6724853515625,815.8255004882812,470.3803405761719
2026-01-28,368.7323303222656,526.7208251953125,107.8499984741211,146.1999969482422,189.95530700683594,14837.5302734375,1727.3447265625,291.84332275390625,815.4385986328125,464.1848449707031
2026-01-29,358.05072021484375,534.6206665039062,108.19999694824219,142.10000610351562,187.16624450683594,15192.076171875,1744.767578125,290.0210266113281,823.9508666992188,462.2785339355469
2026-01-30,357.22906494140625,529.2882690429688,111.05000305175781,141.60000610351562,190.90159606933594,15182.36328125,1761.1947021484375,292.9367370605469,825.1116333007812,485.1541748046875
2026-02-02,360.61236572265625,529.8807373046875,112.0999984741211,143.5500030517578,194.039306640625,15420.345703125,1773.6396484375,299.22369384765625,849.8746337890625,529.571044921875
2026-02-03,355.53741455078125,516.4510498046875,107.44999694824219,142.8000030517578,196.479736328125,15119.224609375,1778.6175537109375,301.6838684082031,854.1307983398438,480.5790710449219
2026-02-04,294.49285888671875,533.4356689453125,106.3499984741211,141.60000610351562,192.39573669433594,15522.3388671875,1842.8330078125,302.7772216796875,892.4360961914062,488.58551025390625
2026-02-05,271.29302978515625,530.6707153320312,92.76000213623047,139.35000610351562,175.71115112304688,14944.3798828125,1834.8682861328125,301.228271484375,908.2999267578125,515.845703125
2026-02-06,285.6479187011719,487.3204345703125,98.86000061035156,144.1999969482422,164.0568389892578,14852.1005859375,1867.72265625,310.06646728515625,930.5479125976562,543.2964477539062
2026-02-09,300.63116455078125,474.9769592285156,97.0,149.14999389648438,163.95724487304688,14774.3916015625,1877.678466796875,312.3443603515625,944.6705932617188,511.4611511230469
2026-02-10,304.449462890625,485.7404479980469,98.69999694824219,153.14999389648438,162.5626983642578,14784.10546875,1852.291015625,312.8910827636719,947.572509765625,529.571044921875
2026-02-11,296.4745178222656,482.87677001953125,96.5,152.0,157.8810577392578,14769.5341796875,1894.105712890625,309.1553039550781,960.3409423828125,509.3642578125
2026-02-12,296.3294982910156,485.9379577636719,96.68000030517578,146.35000610351562,155.3908233642578,14283.8544921875,1694.9881591796875,307.78857421875,981.8151245117188,511.4611511230469
2026-02-13,300.2445068359375,482.4817810058594,98.0,146.75,153.0001983642578,14890.955078125,1682.5433349609375,296.9458312988281,964.4036254882812,514.51123046875
2026-02-16,297.3928527832031,469.1508483886719,99.18000030517578,153.35000610351562,155.3410186767578,14691.826171875,1630.772705078125,304.5995178222656,967.7891845703125,513.55810546875
2026-02-17,299.56781005859375,478.6306457519531,96.87999725341797,152.4499969482422,156.7355499267578,14920.095703125,1640.7286376953125,307.3329772949219,952.9894409179688,510.12677001953125
2026-02-18,300.921142578125,478.4331359863281,97.9000015258789,154.0,157.5822296142578,15143.5087890625,1686.02783203125,309.8842468261719,959.3735961914062,510.12677001953125
2026-02-19,297.15118408203125,473.6932373046875,95.33999633789062,152.39999389648438,159.1261749267578,15347.494140625,1662.1337890625,306.14849853515625,962.85595703125,501.3577575683594
2026-02-20,290.9645690917969,476.951904296875,98.04000091552734,155.0,159.0265655517578,15556.3369140625,1672.58740234375,313.52886962890625,963.8232421875,521.7552490234375
2026-02-23,243.0182342529297,475.3719482421875,93.4000015258789,152.3000030517578,156.9845733642578,14963.806640625,1635.2529296875,311.2509765625,967.3055419921875,495.257568359375
2026-02-24,235.52662658691406,482.67926025390625,91.31999969482422,157.10000610351562,157.8312530517578,15172.6494140625,1599.9095458984375,303.50616455078125,958.7932739257812,501.3577575683594
2026-02-25,230.45166015625,475.9644470214844,92.9800033569336,155.25,160.1222686767578,14895.8115234375,1617.830078125,305.3284912109375,939.8340454101562,476.9570617675781
2026-02-26,230.64500427246094,475.1744689941406,95.4800033569336,153.89999389648438,159.1261749267578,14881.2412109375,1627.2882080078125,302.95947265625,951.6351928710938,492.0168762207031
2026-02-27,229.96832275390625,481.8893127441406,93.63999938964844,150.0,161.8156280517578,15226.07421875,1628.2838134765625,300.7726745605469,951.0548095703125,476.5758361816406
2026-03-02,229.43667602539062,478.7293701171875,94.37999725341797,150.85000610351562,160.1222686767578,16425.705078125,1633.759521484375,294.6679382324219,937.5125122070312,463.4223327636719
2026-03-03,223.78170776367188,460.85601806640625,91.0,144.60000610351562,155.4406280517578,16862.81640625,1586.9669189453125,288.7453918457031,919.9075927734375,460.1816101074219
2026-03-04,237.26661682128906,458.1898193359375,93.9800033569336,145.8000030517578,160.71994018554688,16532.5546875,1627.2882080078125,297.8569641113281,904.2371826171875,462.755126953125
2026-03-05,240.35992431640625,455.91864013671875,92.80000305175781,143.5,159.3751983642578,16454.845703125,1661.635986328125,295.3968811035156,884.89111328125,474.9554443359375
2026-03-06,239.63491821289062,455.72113037109375,90.86000061035156,142.4499969482422,156.3869171142578,16605.40625,1647.69775390625,288.654296875,881.7957153320312,470.47564697265625
2026-03-09,246.01487731933594,443.1801452636719,92.0,141.9499969482422,153.9962921142578,16095.44140625,1585.4735107421875,289.38323974609375,864.5776977539062,463.7082824707031
2026-03-10,238.7165985107422,447.9200744628906,91.13999938964844,148.89999389648438,157.2834014892578,15872.0283203125,1638.7374267578125,296.58135986328125,871.3488159179688,457.0362243652344
2026-03-11,241.47158813476562,435.9715576171875,89.0,146.5,158.7277374267578,15915.740234375,1615.3411865234375,294.4857177734375,866.8992309570312,447.6000061035156
2026-03-12,238.7649383544922,434.2928466796875,87.08000183105469,146.75,159.0763702392578,15765.1787109375,1596.4249267578125,288.92767333984375,850.068115234375,444.6000061035156
2026-03-13,238.8132781982422,441.7976989746094,86.9000015258789,146.5,158.5783233642578,16338.28125,1583.4822998046875,288.4720764160156,852.5831298828125,443.0
2026-03-16,240.02159118652344,447.7225646972656,105.30000305175781,149.0500030517578,157.7316436767578,16867.673828125,1621.8125,293.3923034667969,858.0,444.0
2026-03-17,240.84324645996094,451.1787414550781,105.19999694824219,150.0500030517578,158.2296905517578,17484.486328125,1634.25732421875,294.8501892089844,866.7999877929688,434.6000061035156
2026-03-18,233.44830322265625,440.51397705078125,98.0,144.0,156.9845733642578,18091.587890625,1628.7816162109375,299.3148498535156,846.5999755859375,435.8999938964844
2026-03-19,229.96832275390625,422.1468811035156,91.9000015258789,141.8000030517578,153.34881591796875,17853.603515625,1579.5,289.7476806640625,806.4000244140625,440.1000061035156
2026-03-20,229.53334045410156,421.45562744140625,96.5,138.0,155.3908233642578,16726.826171875,1543.5,284.0985412597656,793.2000122070312,440.8999938964844
2026-03-24,230.06500244140625,420.3694152832031,94.23999786376953,140.1999969482422,156.1378936767578,16372.279296875,1547.5,287.01422119140625,785.0,480.8999938964844
2026-03-25,227.9383544921875,427.6767578125,94.0,145.10000610351562,165.45138549804688,16280.0,1495.0,289.7476806640625,790.5999755859375,459.70001220703125
2026-03-26,230.5,430.14544677734375,95.86000061035156,145.0500030517578,175.11351013183594,16405.0,1525.0,289.83880615234375,802.5999755859375,466.70001220703125
2026-03-27,228.5,424.7143249511719,94.81999969482422,142.9499969482422,175.16331481933594,16095.0,1497.5,295.6477355957031,796.5999755859375,460.0
2026-03-30,231.14999389648438,430.6391906738281,97.26000213623047,153.0,182.43479919433594,16440.0,1514.0,299.2783508300781,798.0,461.3999938964844
2026-03-31,230.89999389648438,430.9354248046875,100.8499984741211,156.0,189.40745544433594,16055.0,1531.0,306.4413757324219,803.2000122070312,453.70001220703125
2026-04-01,236.89999389648438,437.2552795410156,100.69999694824219,158.25,185.72190856933594,16005.0,1576.0,313.0157165527344,820.0,481.1000061035156
2026-04-07,235.10000610351562,419.8757019042969,98.04000091552734,160.0,185.124267578125,15860.0,1568.5,305.263916015625,825.0,470.0
2026-04-08,240.10000610351562,429.4542236328125,98.22000122070312,161.5,188.760009765625,15880.0,1624.5,311.5438537597656,859.0,471.3999938964844
2026-04-09,238.10000610351562,415.8270263671875,95.41999816894531,162.3000030517578,192.5,16235.0,1622.5,316.842529296875,848.0,472.79998779296875
2026-04-10,240.64999389648438,423.1343688964844,96.68000030517578,164.5500030517578,197.5,15825.0,1673.0,321.0618896484375,862.5999755859375,485.29998779296875
2026-04-13,238.25,419.5794372558594,95.63999938964844,163.0,195.8000030517578,15930.0,1646.0,322.0431213378906,844.0,479.79998779296875
2026-04-14,246.14999389648438,424.4180603027344,98.16000366210938,163.0,198.4499969482422,15585.0,1653.5,329.69677734375,832.5999755859375,495.70001220703125
2026-04-15,251.85000610351562,428.2692565917969,101.75,163.5500030517578,201.10000610351562,15820.0,1655.0,326.55682373046875,823.5999755859375,497.3999938964844
2026-04-16,257.20001220703125,427.9729919433594,104.5,159.0,196.5500030517578,15725.0,1674.5,324.6924743652344,825.2000122070312,514.2000122070312
2026-04-17,260.3999938964844,442.8839111328125,109.69999694824219,155.6999969482422,191.5500030517578,15280.0,1712.5,327.5380554199219,846.4000244140625,527.2000122070312
2026-04-20,257.8999938964844,430.4416809082031,108.0999984741211,156.3000030517578,192.89999389648438,14990.0,1705.0,325.37933349609375,836.2000122070312,521.7999877929688
2026-04-21,247.10000610351562,422.838134765625,104.30000305175781,161.85000610351562,193.0,14990.0,1705.5,323.3187255859375,823.0,524.4000244140625
2026-04-22,249.0,418.09820556640625,101.05000305175781,163.14999389648438,191.4499969482422,14970.0,1698.5,319.6881408691406,819.2000122070312,500.3999938964844
2026-04-23,246.6999969482422,415.0370178222656,99.0,163.5,190.4499969482422,14785.0,1684.0,316.842529296875,809.0,490.20001220703125
2026-04-24,259.95001220703125,407.92718505859375,97.4800033569336,161.1999969482422,190.8000030517578,14660.0,1679.0,314.4875793457031,803.7999877929688,486.6000061035156
2026-04-27,263.5,398.8423767089844,97.91999816894531,167.6999969482422,192.0,14755.0,1659.0,316.1556701660156,805.5999755859375,486.5
2026-04-28,265.1499938964844,403.08856201171875,98.73999786376953,166.89999389648438,191.35000610351562,14990.0,1665.5,318.90313720703125,815.4000244140625,487.0
2026-04-29,255.5500030517578,393.1150207519531,96.86000061035156,165.5,191.60000610351562,14825.0,1600.5,323.2206115722656,836.0,489.1000061035156
2026-04-30,272.25,388.9676208496094,95.73999786376953,170.35000610351562,195.14999389648438,15085.0,1558.5,321.15997314453125,862.2000122070312,483.79998779296875
2026-05-01,278.0,397.75616455078125,99.80000305175781,170.0,189.4499969482422,15175.0,1571.0,322.20001220703125,877.0,496.79998779296875
2026-05-04,282.95001220703125,402.5948181152344,99.5199966430664,168.14999389648438,194.0,15145.0,1451.5,317.5,852.4000244140625,500.3999938964844
2026-05-05,285.8999938964844,399.43487548828125,99.0199966430664,167.9499969482422,193.3000030517578,15415.0,1454.0,319.20001220703125,861.0,497.6000061035156
2026-05-06,293.0,405.260986328125,103.69999694824219,166.5,193.64999389648438,15215.0,1504.5,326.5,874.2000122070312,568.7999877929688
2026-05-07,295.5,405.6559753417969,96.72000122070312,161.64999389648438,194.1999969482422,13945.0,1506.5,323.8999938964844,857.7999877929688,540.5999755859375
2026-05-08,290.29998779296875,397.5586853027344,95.44000244140625,162.35000610351562,194.75,14130.0,1509.5,322.1000061035156,855.5999755859375,538.4000244140625
2026-05-11,300.0,395.4849548339844,97.0,167.64999389648438,197.10000610351562,14095.0,1540.5,321.70001220703125,845.0,518.4000244140625
2026-05-12,296.5,402.0023193359375,95.58000183105469,162.0500030517578,190.85000610351562,14290.0,1609.5,320.70001220703125,844.4000244140625,511.0
2026-05-13,299.20001220703125,394.29998779296875,94.5,162.5500030517578,190.89999389648438,14695.0,1591.5,322.6000061035156,830.5999755859375,516.2000122070312
2026-05-18,286.0,404.29998779296875,95.26000213623047,165.6999969482422,199.0,14770.0,1546.5,323.6000061035156,831.2000122070312,530.2000122070312
2026-05-19,287.5,404.3999938964844,92.77999877929688,164.10000610351562,194.75,14935.0,1502.0,327.6000061035156,849.4000244140625,540.0
2026-05-20,288.3999938964844,411.8999938964844,94.0999984741211,163.75,197.10000610351562,15500.0,1504.0,330.29998779296875,851.5999755859375,546.7999877929688
2026-05-21,284.1499938964844,413.79998779296875,93.66000366210938,167.14999389648438,199.25,15800.0,1530.0,332.8999938964844,870.5999755859375,554.2000122070312
2026-05-22,289.0,403.6000061035156,94.54000091552734,167.4499969482422,194.60000610351562,15280.0,1522.5,332.5,878.0,556.2000122070312
2026-05-26,287.3999938964844,404.0,97.12000274658203,169.5,191.25,15155.0,1567.0,334.5,859.5999755859375,577.2000122070312
2026-05-27,290.1000061035156,404.8999938964844,97.5199966430664,164.25,177.1999969482422,15340.0,1567.0,334.79998779296875,890.5999755859375,590.7999877929688
2026-05-28,293.6000061035156,397.70001220703125,95.94000244140625,163.14999389648438,176.25,15510.0,1576.5,330.5,877.0,599.5999755859375
2026-05-29,292.95001220703125,395.79998779296875,98.26000213623047,164.14999389648438,180.0500030517578,15810.0,1609.5,337.3999938964844,861.4000244140625,601.0
2026-06-01,284.8999938964844,382.0,96.22000122070312,166.25,181.4499969482422,16400.0,1588.5,331.79998779296875,840.7999877929688,580.4000244140625
2026-06-02,277.6499938964844,378.0,97.12000274658203,165.89999389648438,177.10000610351562,16305.0,1629.0,331.29998779296875,841.7999877929688,584.5999755859375
2026-06-03,271.79998779296875,379.1000061035156,95.27999877929688,165.64999389648438,177.5,16455.0,1595.5,328.0,829.7999877929688,576.4000244140625
2026-06-04,283.8500061035156,383.70001220703125,95.44000244140625,160.35000610351562,173.39999389648438,17815.0,1611.5,330.1000061035156,817.0,579.2000122070312
2026-06-08,272.0,383.70001220703125,95.12000274658203,160.64999389648438,174.8000030517578,17700.0,1597.0,329.5,825.4000244140625,606.5999755859375
2026-06-09,269.5,386.70001220703125,93.9000015258789,160.60000610351562,168.89999389648438,17280.0,1557.0,329.3999938964844,847.7999877929688,616.0
2026-06-10,283.1000061035156,383.1000061035156,92.5199966430664,156.0,166.3000030517578,18235.0,1539.5,329.0,852.5999755859375,617.5999755859375
2026-06-11,282.54998779296875,376.29998779296875,89.83999633789062,158.0500030517578,167.75,18475.0,1573.0,330.0,852.7999877929688,635.7999877929688
2026-06-12,287.25,382.8999938964844,90.36000061035156,156.3000030517578,166.10000610351562,17715.0,1611.0,339.3999938964844,844.0,643.7999877929688
2026-06-15,285.6000061035156,379.79998779296875,90.77999877929688,154.75,169.60000610351562,16515.0,1589.5,340.8999938964844,846.4000244140625,640.0
2026-06-16,280.29998779296875,380.0,89.04000091552734,148.85000610351562,170.60000610351562,15970.0,1569.5,344.6000061035156,837.5999755859375,632.5999755859375
2026-06-17,285.54998779296875,373.79998779296875,88.80000305175781,149.25,175.60000610351562,15780.0,1565.5,348.0,840.0,637.4000244140625
2026-06-18,280.1000061035156,377.29998779296875,88.55999755859375,145.25,173.60000610351562,15400.0,1525.0,347.20001220703125,833.2000122070312,651.5999755859375
2026-06-19,292.95001220703125,378.79998779296875,91.86000061035156,148.1999969482422,182.75,15590.0,1527.0,352.20001220703125,835.5999755859375,655.7999877929688
2026-06-22,299.95001220703125,374.70001220703125,89.0199966430664,151.75,184.14999389648438,15900.0,1539.5,355.70001220703125,848.4000244140625,639.7999877929688
2026-06-23,307.75,375.70001220703125,89.58000183105469,149.5500030517578,175.39999389648438,16080.0,1535.0,350.70001220703125,864.5999755859375,652.0
2026-06-24,311.54998779296875,379.0,89.44000244140625,147.3000030517578,170.85000610351562,16060.0,1550.5,346.29998779296875,876.5999755859375,688.5999755859375
2026-06-25,315.6499938964844,382.3999938964844,89.31999969482422,148.89999389648438,170.14999389648438,16520.0,1593.5,346.70001220703125,883.7999877929688,709.0
2026-06-26,317.95001220703125,381.8999938964844,87.30000305175781,144.6999969482422,172.5,15940.0,1553.5,344.70001220703125,870.0,743.2000122070312
2026-06-29,314.8999938964844,377.6000061035156,86.5,145.64999389648438,178.3000030517578,15895.0,1550.0,346.0,874.4000244140625,752.2000122070312
2026-06-30,314.6000061035156,372.29998779296875,87.26000213623047,146.8000030517578,184.60000610351562,15540.0,1549.0,350.20001220703125,856.7999877929688,750.5999755859375
2026-07-01,324.0,378.70001220703125,88.94000244140625,149.6999969482422,187.25,15725.0,1604.5,351.20001220703125,873.2000122070312,743.0
